symbol,entry_time,exit_time,entry_price,exit_price,gross_return,funding_cost,net_return,reason
ETCUSDT,2023-02-13 12:00:00+00:00,2023-02-13 20:00:00+00:00,20.323,20.688814,-0.018000000000000016,-0.0001,-0.019500000000000017,stop
TRXUSDT,2023-03-03 04:00:00+00:00,2023-03-04 04:00:00+00:00,0.06718,0.06735,-0.0025305150342362914,0.00033114,-0.004461655034236291,time
BCHUSDT,2023-03-08 08:00:00+00:00,2023-03-08 20:00:00+00:00,119.7,116.109,0.030000000000000027,0.00024985,0.028150150000000027,target
TRXUSDT,2023-03-09 00:00:00+00:00,2023-03-09 20:00:00+00:00,0.06528,0.0633216,0.030000000000000027,0.00014767,0.028252330000000027,target
UNIUSDT,2023-05-01 16:00:00+00:00,2023-05-02 16:00:00+00:00,5.334,5.33,0.0007499062617172259,-0.00026225,-0.0005878437382827742,time
NEARUSDT,2023-05-03 16:00:00+00:00,2023-05-03 20:00:00+00:00,1.794,1.826292,-0.018000000000000016,0.0,-0.019600000000000017,stop
NEARUSDT,2023-05-08 00:00:00+00:00,2023-05-08 04:00:00+00:00,1.736,1.6839199999999999,0.030000000000000027,0.0,0.028400000000000026,target
XLMUSDT,2023-05-16 16:00:00+00:00,2023-05-17 00:00:00+00:00,0.0873,0.0888714,-0.018000000000000016,0.00013537,-0.019735370000000016,stop
UNIUSDT,2023-05-21 12:00:00+00:00,2023-05-22 12:00:00+00:00,5.19,5.08,0.021194605009633993,-0.00014436,0.019738965009633992,time
UNIUSDT,2023-05-24 04:00:00+00:00,2023-05-25 04:00:00+00:00,4.97,4.951,0.0038229376257545855,-0.00030000000000000003,0.0025229376257545856,time
ATOMUSDT,2023-07-24 04:00:00+00:00,2023-07-24 08:00:00+00:00,9.142,8.86774,0.030000000000000027,0.00015939,0.028240610000000027,target
AAVEUSDT,2023-07-24 12:00:00+00:00,2023-07-25 08:00:00+00:00,69.57,70.82226,-0.018000000000000016,-0.00030000000000000003,-0.019300000000000015,stop
TRXUSDT,2023-07-30 12:00:00+00:00,2023-07-30 20:00:00+00:00,0.0819,0.079443,0.030000000000000027,-0.0001,0.028500000000000025,target
ATOMUSDT,2023-07-31 20:00:00+00:00,2023-08-01 00:00:00+00:00,8.825,8.56025,0.029999999999999916,0.00011756,0.028282439999999916,target
NEARUSDT,2023-08-01 04:00:00+00:00,2023-08-01 08:00:00+00:00,1.342,1.3661560000000001,-0.018000000000000016,-0.0001,-0.019500000000000017,stop
XLMUSDT,2023-08-03 04:00:00+00:00,2023-08-03 20:00:00+00:00,0.14308,0.1387876,0.030000000000000027,-0.00017956,0.028579560000000025,target
NEARUSDT,2023-08-04 20:00:00+00:00,2023-08-05 20:00:00+00:00,1.341,1.353,-0.008948545861297452,5.288000000000001e-05,-0.010601425861297453,time
ETCUSDT,2023-08-07 16:00:00+00:00,2023-08-08 16:00:00+00:00,17.601,17.917818,-0.018000000000000016,-0.00022612,-0.019373880000000017,stop
DOTUSDT,2023-08-11 16:00:00+00:00,2023-08-12 16:00:00+00:00,4.969,5.025,-0.011269873213926251,-0.00010425000000000001,-0.012765623213926252,time
XLMUSDT,2023-08-12 20:00:00+00:00,2023-08-13 16:00:00+00:00,0.13711,0.13957798000000002,-0.018000000000000016,-0.00030000000000000003,-0.019300000000000015,stop
UNIUSDT,2023-08-14 00:00:00+00:00,2023-08-14 04:00:00+00:00,6.083,6.192494,-0.018000000000000016,0.0,-0.019600000000000017,stop
XLMUSDT,2023-08-14 20:00:00+00:00,2023-08-15 16:00:00+00:00,0.13531,0.1312507,0.030000000000000138,-4.35e-05,0.028443500000000135,target
TRXUSDT,2023-08-15 20:00:00+00:00,2023-08-16 20:00:00+00:00,0.07646,0.0741662,0.030000000000000027,-1.5360000000000002e-05,0.028415360000000025,target
AAVEUSDT,2023-08-22 16:00:00+00:00,2023-08-22 20:00:00+00:00,54.62,52.981399999999994,0.030000000000000027,0.0,0.028400000000000026,target
XLMUSDT,2023-08-29 08:00:00+00:00,2023-08-29 12:00:00+00:00,0.11778,0.11990004,-0.018000000000000016,0.0,-0.019600000000000017,stop
UNIUSDT,2023-09-05 08:00:00+00:00,2023-09-05 12:00:00+00:00,4.292,4.369256,-0.018000000000000016,0.0,-0.019600000000000017,stop
UNIUSDT,2023-09-10 04:00:00+00:00,2023-09-10 12:00:00+00:00,4.276,4.14772,0.030000000000000027,-3.566e-05,0.028435660000000026,target
XLMUSDT,2023-09-25 00:00:00+00:00,2023-09-26 00:00:00+00:00,0.11214,0.11253,-0.003477795612627066,1.0609999999999981e-05,-0.005088405612627066,time
NEARUSDT,2023-09-27 00:00:00+00:00,2023-09-28 00:00:00+00:00,1.08,1.075,0.004629629629629761,0.0007690700000000001,0.002260559629629761,time
NEARUSDT,2024-01-15 16:00:00+00:00,2024-01-15 20:00:00+00:00,3.254,3.312572,-0.018000000000000016,0.0,-0.019600000000000017,stop
FILUSDT,2024-01-17 08:00:00+00:00,2024-01-17 16:00:00+00:00,5.703,5.8056540000000005,-0.018000000000000016,-0.0001,-0.019500000000000017,stop
DOTUSDT,2024-01-18 12:00:00+00:00,2024-01-18 16:00:00+00:00,7.206,6.98982,0.030000000000000027,-0.0001,0.028500000000000025,target
XLMUSDT,2024-01-18 20:00:00+00:00,2024-01-19 16:00:00+00:00,0.11337,0.1099689,0.030000000000000027,-0.00030000000000000003,0.028700000000000028,target
DOTUSDT,2024-01-22 16:00:00+00:00,2024-01-22 20:00:00+00:00,6.518,6.3224599999999995,0.030000000000000027,0.0,0.028400000000000026,target
FILUSDT,2024-01-23 08:00:00+00:00,2024-01-23 12:00:00+00:00,5.009,4.85873,0.030000000000000027,0.0,0.028400000000000026,target
TRXUSDT,2024-04-02 16:00:00+00:00,2024-04-03 08:00:00+00:00,0.11592,0.11800656,-0.018000000000000016,-0.0002,-0.019400000000000018,stop
BCHUSDT,2024-04-24 16:00:00+00:00,2024-04-25 16:00:00+00:00,479.51,478.21,0.002711100915517961,0.00045612,0.000654980915517961,time
BCHUSDT,2024-04-29 04:00:00+00:00,2024-04-29 20:00:00+00:00,459.4,467.6692,-0.018000000000000016,0.00025487999999999997,-0.019854880000000016,stop
TRXUSDT,2024-05-06 16:00:00+00:00,2024-05-07 16:00:00+00:00,0.11907,0.12121326,-0.018000000000000016,0.00019375000000000002,-0.019793750000000016,stop
DOTUSDT,2024-05-08 00:00:00+00:00,2024-05-08 08:00:00+00:00,6.988,7.113784000000001,-0.018000000000000016,-2.367e-05,-0.019576330000000017,stop
UNIUSDT,2024-05-10 20:00:00+00:00,2024-05-11 20:00:00+00:00,7.095,7.031,0.009020436927413722,-2.1040000000000002e-05,0.007441476927413722,time
AAVEUSDT,2024-05-12 00:00:00+00:00,2024-05-12 12:00:00+00:00,82.22,83.69996,-0.018000000000000016,9.118e-05,-0.019691180000000016,stop
XLMUSDT,2024-05-12 20:00:00+00:00,2024-05-13 00:00:00+00:00,0.10493,0.10178209999999999,0.030000000000000138,-1.829e-05,0.028418290000000138,target
XLMUSDT,2024-05-13 04:00:00+00:00,2024-05-13 08:00:00+00:00,0.10216,0.10399888,-0.018000000000000016,0.00011689,-0.019716890000000018,stop
TRXUSDT,2024-05-14 00:00:00+00:00,2024-05-15 00:00:00+00:00,0.12548,0.12548,-0.0,-0.00021999,-0.00138001,time
ATOMUSDT,2024-05-15 12:00:00+00:00,2024-05-15 16:00:00+00:00,8.032,8.176576,-0.018000000000000016,-0.0001,-0.019500000000000017,stop
UNIUSDT,2024-06-11 08:00:00+00:00,2024-06-11 12:00:00+00:00,9.428,9.14516,0.030000000000000027,0.0,0.028400000000000026,target
ETCUSDT,2024-06-11 16:00:00+00:00,2024-06-11 20:00:00+00:00,25.261,25.715698,-0.018000000000000016,0.0,-0.019600000000000017,stop
ETCUSDT,2024-06-23 16:00:00+00:00,2024-06-24 08:00:00+00:00,22.93,22.2421,0.029999999999999916,-0.00018296000000000002,0.028582959999999914,target
UNIUSDT,2024-06-24 12:00:00+00:00,2024-06-24 16:00:00+00:00,9.016,8.745519999999999,0.030000000000000138,-6.262e-05,0.028462620000000136,target
NEARUSDT,2024-06-28 20:00:00+00:00,2024-06-29 00:00:00+00:00,4.901,4.989218,-0.018000000000000016,-0.0001,-0.019500000000000017,stop
ETCUSDT,2024-06-30 04:00:00+00:00,2024-06-30 08:00:00+00:00,22.913,23.325434,-0.018000000000000016,-7.306e-05,-0.019526940000000017,stop
BCHUSDT,2024-07-03 04:00:00+00:00,2024-07-04 00:00:00+00:00,374.06,362.8382,0.030000000000000027,-0.00019879,0.028598790000000027,target
UNIUSDT,2024-08-01 08:00:00+00:00,2024-08-01 12:00:00+00:00,7.046,7.172828,-0.018000000000000016,0.0,-0.019600000000000017,stop
FILUSDT,2024-08-11 20:00:00+00:00,2024-08-12 08:00:00+00:00,3.55,3.6138999999999997,-0.018000000000000016,4.7329999999999996e-05,-0.01964733000000002,stop
TRXUSDT,2024-08-13 04:00:00+00:00,2024-08-13 16:00:00+00:00,0.12583,0.12809494,-0.018000000000000016,-0.00011466,-0.019485340000000018,stop
XLMUSDT,2024-08-15 20:00:00+00:00,2024-08-16 20:00:00+00:00,0.09526,0.0948,0.004828889355448229,0.00011531,0.0031135793554482294,time
UNIUSDT,2024-08-19 16:00:00+00:00,2024-08-19 20:00:00+00:00,6.07,6.17926,-0.018000000000000016,0.0,-0.019600000000000017,stop
AAVEUSDT,2024-08-28 00:00:00+00:00,2024-08-28 04:00:00+00:00,119.9,122.05820000000001,-0.018000000000000016,0.0,-0.019600000000000017,stop
BCHUSDT,2024-09-02 00:00:00+00:00,2024-09-02 08:00:00+00:00,312.3,317.9214,-0.018000000000000016,0.00016372,-0.019763720000000016,stop
TRXUSDT,2024-09-13 04:00:00+00:00,2024-09-14 04:00:00+00:00,0.15103,0.14778,0.02151890352910024,0.00196582,0.01795308352910024,time
NEARUSDT,2024-09-16 04:00:00+00:00,2024-09-16 08:00:00+00:00,3.947,4.018046,-0.018000000000000016,-2.467e-05,-0.019575330000000016,stop
FILUSDT,2024-09-16 16:00:00+00:00,2024-09-17 04:00:00+00:00,3.394,3.455092,-0.018000000000000016,0.0001186,-0.019718600000000017,stop
UNIUSDT,2024-12-26 12:00:00+00:00,2024-12-26 20:00:00+00:00,13.048,13.282864,-0.018000000000000016,-7.551e-05,-0.019524490000000016,stop
AAVEUSDT,2024-12-27 16:00:00+00:00,2024-12-28 12:00:00+00:00,325.66,331.52188,-0.018000000000000016,-0.0002,-0.019400000000000018,stop
ATOMUSDT,2024-12-29 20:00:00+00:00,2024-12-30 00:00:00+00:00,6.356,6.470408,-0.018000000000000016,9.887e-05,-0.019698870000000018,stop
ETCUSDT,2024-12-30 16:00:00+00:00,2024-12-30 20:00:00+00:00,25.033,25.483594,-0.018000000000000016,0.0,-0.019600000000000017,stop
AAVEUSDT,2024-12-31 04:00:00+00:00,2024-12-31 08:00:00+00:00,313.66,319.30588000000006,-0.018000000000000016,-0.0001,-0.019500000000000017,stop
NEARUSDT,2025-01-01 00:00:00+00:00,2025-01-01 04:00:00+00:00,4.91,4.99838,-0.018000000000000016,0.0,-0.019600000000000017,stop
AAVEUSDT,2025-01-07 20:00:00+00:00,2025-01-08 04:00:00+00:00,308.22,298.9734,0.030000000000000027,-0.0001,0.028500000000000025,target
TRXUSDT,2025-01-12 20:00:00+00:00,2025-01-13 00:00:00+00:00,0.23556,0.22849319999999998,0.030000000000000027,0.00026511,0.028134890000000027,target
FILUSDT,2025-01-13 04:00:00+00:00,2025-01-13 08:00:00+00:00,4.995,4.84515,0.029999999999999916,3.593e-05,0.028364069999999915,target
XLMUSDT,2025-01-27 08:00:00+00:00,2025-01-27 12:00:00+00:00,0.37854,0.38535372,-0.018000000000000016,0.0,-0.019600000000000017,stop
TRXUSDT,2025-02-02 16:00:00+00:00,2025-02-02 20:00:00+00:00,0.23904,0.23186879999999999,0.030000000000000027,0.0,0.028400000000000026,target
ATOMUSDT,2025-02-16 04:00:00+00:00,2025-02-16 08:00:00+00:00,4.749,4.8344819999999995,-0.018000000000000016,0.0002532,-0.019853200000000015,stop
XLMUSDT,2025-02-17 20:00:00+00:00,2025-02-18 04:00:00+00:00,0.33398,0.3239606,0.030000000000000027,-5.328e-05,0.028453280000000025,target
XLMUSDT,2025-02-18 08:00:00+00:00,2025-02-19 04:00:00+00:00,0.32503,0.33088054,-0.018000000000000016,-4.566e-05,-0.019554340000000017,stop
DOTUSDT,2025-02-24 04:00:00+00:00,2025-02-24 12:00:00+00:00,4.79,4.6463,0.030000000000000027,0.00017774,0.028222260000000027,target
TRXUSDT,2025-03-16 12:00:00+00:00,2025-03-16 16:00:00+00:00,0.21325,0.2170885,-0.018000000000000016,0.00169726,-0.021297260000000016,stop
TRXUSDT,2025-03-17 00:00:00+00:00,2025-03-17 08:00:00+00:00,0.21171,0.21552078000000002,-0.018000000000000016,0.00050515,-0.020105150000000016,stop
BCHUSDT,2025-03-21 16:00:00+00:00,2025-03-22 16:00:00+00:00,327.19,324.97,0.006785048442800701,0.00013756,0.005047488442800701,time
AAVEUSDT,2025-03-26 16:00:00+00:00,2025-03-27 04:00:00+00:00,180.85,184.1053,-0.018000000000000016,-2.666e-05,-0.019573340000000015,stop
ATOMUSDT,2025-03-28 08:00:00+00:00,2025-03-28 12:00:00+00:00,4.557,4.639026,-0.018000000000000016,0.0,-0.019600000000000017,stop
TRXUSDT,2025-04-06 20:00:00+00:00,2025-04-07 00:00:00+00:00,0.2336,0.226592,0.030000000000000027,0.000102,0.028298000000000025,target
BCHUSDT,2025-06-05 20:00:00+00:00,2025-06-06 00:00:00+00:00,392.01,380.24969999999996,0.030000000000000027,0.0001769,0.028223100000000025,target
BCHUSDT,2025-08-18 04:00:00+00:00,2025-08-19 04:00:00+00:00,567.77,564.43,0.005882663754689488,-0.00016178999999999998,0.004444453754689488,time
BCHUSDT,2025-08-19 16:00:00+00:00,2025-08-20 16:00:00+00:00,555.01,561.64,-0.01194573070755478,-0.00023205000000000003,-0.013313680707554782,time
NEARUSDT,2025-08-22 12:00:00+00:00,2025-08-22 16:00:00+00:00,2.409,2.452362,-0.018000000000000016,-8.935e-05,-0.019510650000000018,stop
XLMUSDT,2025-08-28 20:00:00+00:00,2025-08-29 00:00:00+00:00,0.37421,0.38094578,-0.018000000000000016,7.21e-06,-0.019607210000000017,stop
ETCUSDT,2025-08-29 08:00:00+00:00,2025-08-29 12:00:00+00:00,20.946,21.323028,-0.018000000000000016,0.0,-0.019600000000000017,stop
NEARUSDT,2025-09-01 00:00:00+00:00,2025-09-01 04:00:00+00:00,2.365,2.40757,-0.018000000000000016,0.0,-0.019600000000000017,stop
AAVEUSDT,2025-09-06 20:00:00+00:00,2025-09-07 08:00:00+00:00,297.47,302.82446000000004,-0.018000000000000016,-0.00013113,-0.019468870000000017,stop
BCHUSDT,2025-09-09 16:00:00+00:00,2025-09-10 08:00:00+00:00,577.09,587.47762,-0.018000000000000016,8.017e-05,-0.019680170000000018,stop
ATOMUSDT,2025-10-29 00:00:00+00:00,2025-10-29 16:00:00+00:00,3.095,3.15071,-0.018000000000000016,0.00067875,-0.020278750000000016,stop
XLMUSDT,2025-11-03 04:00:00+00:00,2025-11-03 12:00:00+00:00,0.2916,0.282852,0.030000000000000138,0.00019221,0.028207790000000135,target
TRXUSDT,2025-11-03 16:00:00+00:00,2025-11-04 04:00:00+00:00,0.28755,0.2789235,0.029999999999999916,0.000295,0.028104999999999915,target
TRXUSDT,2025-11-25 04:00:00+00:00,2025-11-26 04:00:00+00:00,0.27212,0.27488,-0.010142584154049894,0.00034822000000000005,-0.012090804154049895,time
ATOMUSDT,2025-11-29 08:00:00+00:00,2025-11-30 08:00:00+00:00,2.416,2.418,-0.0008278145695366224,0.00081686,-0.003244674569536622,time
AAVEUSDT,2025-11-30 12:00:00+00:00,2025-11-30 16:00:00+00:00,177.65,180.8477,-0.018000000000000016,2.554e-05,-0.019625540000000018,stop
ATOMUSDT,2025-12-01 00:00:00+00:00,2025-12-01 04:00:00+00:00,2.372,2.30084,0.029999999999999916,0.0,0.028399999999999915,target
TRXUSDT,2025-12-01 08:00:00+00:00,2025-12-02 08:00:00+00:00,0.27612,0.27754,-0.005142691583369663,-8.749e-05,-0.006655201583369663,time
TRXUSDT,2025-12-10 12:00:00+00:00,2025-12-11 12:00:00+00:00,0.27884,0.28083,-0.00713670922392784,0.00010868000000000001,-0.00884538922392784,time
XLMUSDT,2025-12-14 16:00:00+00:00,2025-12-15 12:00:00+00:00,0.23143,0.2244871,0.030000000000000027,9.488e-05,0.028305120000000027,target
BCHUSDT,2025-12-15 16:00:00+00:00,2025-12-15 20:00:00+00:00,541.62,525.3714,0.030000000000000027,0.0,0.028400000000000026,target
DOTUSDT,2025-12-23 16:00:00+00:00,2025-12-23 20:00:00+00:00,1.746,1.777428,-0.018000000000000016,0.0,-0.019600000000000017,stop
ETCUSDT,2025-12-24 08:00:00+00:00,2025-12-24 20:00:00+00:00,11.836,12.049048,-0.018000000000000016,-0.0001,-0.019500000000000017,stop
FILUSDT,2025-12-25 12:00:00+00:00,2025-12-25 16:00:00+00:00,1.26,1.28268,-0.018000000000000016,-8.945e-05,-0.019510550000000015,stop
DOTUSDT,2025-12-26 00:00:00+00:00,2025-12-26 04:00:00+00:00,1.682,1.712276,-0.018000000000000016,0.0,-0.019600000000000017,stop
ATOMUSDT,2025-12-29 20:00:00+00:00,2025-12-30 20:00:00+00:00,1.971,1.964,0.003551496702181689,-0.00014694000000000003,0.002098436702181689,time
XLMUSDT,2025-12-31 00:00:00+00:00,2025-12-31 16:00:00+00:00,0.21056,0.20424319999999999,0.030000000000000027,0.00034201,0.028057990000000026,target
ATOMUSDT,2025-12-31 20:00:00+00:00,2026-01-01 12:00:00+00:00,1.917,1.951506,-0.018000000000000016,-7.606e-05,-0.019523940000000017,stop
ATOMUSDT,2026-01-25 08:00:00+00:00,2026-01-25 16:00:00+00:00,2.289,2.22033,0.030000000000000027,0.00010437,0.028295630000000026,target
BCHUSDT,2026-01-25 20:00:00+00:00,2026-01-26 00:00:00+00:00,568.74,578.97732,-0.018000000000000016,5.998e-05,-0.019659980000000018,stop
TRXUSDT,2026-01-27 16:00:00+00:00,2026-01-28 16:00:00+00:00,0.29352,0.29362,-0.0003406922867266182,0.0009686,-0.002909292286726618,time
ETCUSDT,2026-01-29 12:00:00+00:00,2026-01-29 16:00:00+00:00,11.186,10.85042,0.030000000000000027,0.00018874,0.028211260000000026,target
TRXUSDT,2026-02-05 12:00:00+00:00,2026-02-05 20:00:00+00:00,0.2788,0.270436,0.029999999999999916,0.0009109,0.027489099999999916,target
TRXUSDT,2026-02-11 08:00:00+00:00,2026-02-12 08:00:00+00:00,0.27473,0.27816,-0.012484985258253811,3.7229999999999994e-05,-0.014122215258253811,time
TRXUSDT,2026-02-18 20:00:00+00:00,2026-02-19 16:00:00+00:00,0.27841,0.28342138,-0.018000000000000016,0.00015416000000000003,-0.019754160000000017,stop
XLMUSDT,2026-02-22 04:00:00+00:00,2026-02-23 00:00:00+00:00,0.15574,0.15106779999999997,0.030000000000000138,0.00022673000000000002,0.028173270000000136,target
ATOMUSDT,2026-02-23 04:00:00+00:00,2026-02-23 08:00:00+00:00,2.198,2.237564,-0.018000000000000016,-1.079e-05,-0.019589210000000017,stop
TRXUSDT,2026-02-28 08:00:00+00:00,2026-03-01 08:00:00+00:00,0.28042,0.28092,-0.0017830397261251463,0.00029617,-0.0036792097261251462,time
FILUSDT,2026-03-07 16:00:00+00:00,2026-03-08 00:00:00+00:00,0.957,0.92829,0.030000000000000027,8.644e-05,0.028313560000000026,target
UNIUSDT,2026-03-08 04:00:00+00:00,2026-03-08 08:00:00+00:00,3.719,3.785942,-0.018000000000000016,8.396e-05,-0.019683960000000018,stop
ATOMUSDT,2026-03-08 16:00:00+00:00,2026-03-08 20:00:00+00:00,1.724,1.755032,-0.018000000000000016,0.0,-0.019600000000000017,stop
AAVEUSDT,2026-03-09 00:00:00+00:00,2026-03-09 04:00:00+00:00,105.48,107.37864,-0.018000000000000016,0.0,-0.019600000000000017,stop
DOTUSDT,2026-03-21 12:00:00+00:00,2026-03-22 00:00:00+00:00,1.49,1.4453,0.030000000000000027,0.00012059,0.028279410000000026,target
XLMUSDT,2026-03-22 12:00:00+00:00,2026-03-23 08:00:00+00:00,0.15864,0.16149552,-0.018000000000000016,0.00024458,-0.019844580000000018,stop
BCHUSDT,2026-03-26 12:00:00+00:00,2026-03-27 04:00:00+00:00,461.66,469.96988000000005,-0.018000000000000016,-9.800999999999999e-05,-0.019501990000000018,stop
BCHUSDT,2026-03-27 08:00:00+00:00,2026-03-27 12:00:00+00:00,458.24,466.48832000000004,-0.018000000000000016,0.0,-0.019600000000000017,stop
NEARUSDT,2026-03-27 16:00:00+00:00,2026-03-28 16:00:00+00:00,1.181,1.188,-0.005927180355630668,-6.120000000000001e-05,-0.007465980355630668,time
DOTUSDT,2026-03-29 00:00:00+00:00,2026-03-29 20:00:00+00:00,1.258,1.22026,0.030000000000000138,0.0006140399999999999,0.027785960000000137,target
BCHUSDT,2026-04-05 08:00:00+00:00,2026-04-05 12:00:00+00:00,435.43,422.3671,0.030000000000000027,0.0,0.028400000000000026,target
BCHUSDT,2026-04-05 16:00:00+00:00,2026-04-05 20:00:00+00:00,421.06,428.63908000000004,-0.018000000000000016,0.0,-0.019600000000000017,stop
XLMUSDT,2026-04-07 00:00:00+00:00,2026-04-07 20:00:00+00:00,0.15548,0.15827864,-0.018000000000000016,0.00017786,-0.019777860000000015,stop
UNIUSDT,2026-05-26 20:00:00+00:00,2026-05-27 12:00:00+00:00,3.258,3.316644,-0.018000000000000016,4.706e-05,-0.019647060000000018,stop
ETCUSDT,2026-05-28 00:00:00+00:00,2026-05-28 04:00:00+00:00,8.446,8.19262,0.030000000000000027,0.0,0.028400000000000026,target
ATOMUSDT,2026-05-31 16:00:00+00:00,2026-06-01 16:00:00+00:00,1.945,1.918,0.013881748071979505,0.00032378999999999996,0.011957958071979505,time
ETCUSDT,2026-06-02 16:00:00+00:00,2026-06-02 20:00:00+00:00,7.714,7.4825800000000005,0.030000000000000027,0.0,0.028400000000000026,target
TRXUSDT,2026-06-11 16:00:00+00:00,2026-06-12 16:00:00+00:00,0.31979,0.31469,0.01594796585259073,0.0030357400000000003,0.011312225852590728,time
ETCUSDT,2026-06-14 16:00:00+00:00,2026-06-14 20:00:00+00:00,7.001,7.1270180000000005,-0.018000000000000016,0.0,-0.019600000000000017,stop
ATOMUSDT,2026-06-22 00:00:00+00:00,2026-06-22 04:00:00+00:00,1.756,1.787608,-0.018000000000000016,0.0,-0.019600000000000017,stop
XLMUSDT,2026-06-22 16:00:00+00:00,2026-06-22 20:00:00+00:00,0.20876,0.2024972,0.030000000000000027,0.0,0.028400000000000026,target
DOTUSDT,2026-06-23 00:00:00+00:00,2026-06-23 04:00:00+00:00,0.936,0.9079200000000001,0.030000000000000027,0.0,0.028400000000000026,target
BCHUSDT,2026-06-23 08:00:00+00:00,2026-06-23 20:00:00+00:00,190.84,194.27512000000002,-0.018000000000000016,-5.625e-05,-0.019543750000000016,stop
ATOMUSDT,2026-06-24 04:00:00+00:00,2026-06-24 08:00:00+00:00,1.702,1.6509399999999999,0.030000000000000027,0.00022204,0.028177960000000026,target
ATOMUSDT,2026-06-24 12:00:00+00:00,2026-06-24 16:00:00+00:00,1.651,1.60147,0.030000000000000027,6.502e-05,0.028334980000000027,target
XLMUSDT,2026-06-24 20:00:00+00:00,2026-06-25 00:00:00+00:00,0.18393,0.18724074000000002,-0.018000000000000016,4.33e-06,-0.019604330000000017,stop
ATOMUSDT,2026-06-29 16:00:00+00:00,2026-06-30 16:00:00+00:00,1.539,1.505,0.022092267706302793,0.00033817,0.020154097706302793,time
TRXUSDT,2026-06-30 20:00:00+00:00,2026-07-01 20:00:00+00:00,0.31482,0.31584,-0.0032399466361732188,0.0008837299999999999,-0.005723676636173219,time
XLMUSDT,2026-07-07 08:00:00+00:00,2026-07-07 12:00:00+00:00,0.19511,0.1892567,0.030000000000000027,0.0,0.028400000000000026,target
XLMUSDT,2026-07-08 00:00:00+00:00,2026-07-08 08:00:00+00:00,0.1886,0.182942,0.030000000000000027,-4.595e-05,0.028445950000000025,target
XLMUSDT,2026-07-08 12:00:00+00:00,2026-07-09 12:00:00+00:00,0.18349,0.18128,0.012044253092811541,-0.00024701000000000004,0.010691263092811541,time
ATOMUSDT,2026-07-13 04:00:00+00:00,2026-07-14 04:00:00+00:00,1.538,1.526,0.007802340702210642,0.0007295100000000001,0.005472830702210642,time
AAVEUSDT,2026-07-17 00:00:00+00:00,2026-07-18 00:00:00+00:00,91.14,89.48,0.01821373710774632,-0.00012968,0.01674341710774632,time
DOTUSDT,2026-07-24 16:00:00+00:00,2026-07-25 00:00:00+00:00,0.7982,0.8125676000000001,-0.018000000000000016,-6.298e-05,-0.019537020000000016,stop
AAVEUSDT,2026-07-25 04:00:00+00:00,2026-07-26 04:00:00+00:00,91.51,93.15718000000001,-0.018000000000000016,5.216e-05,-0.019652160000000016,stop
XLMUSDT,2026-07-28 00:00:00+00:00,2026-07-29 00:00:00+00:00,0.17189,0.17498402,-0.018000000000000016,0.00039326,-0.019993260000000016,stop
