family,symbol,side,lookback,hold,threshold,aux,stop,target,key,train_trades,train_cagr,train_total_return,train_avg_trade,train_win_rate,train_profit_factor,train_max_drawdown,train_bootstrap_mean_5pct,train_positive_year_pct,val_trades,val_cagr,val_total_return,val_avg_trade,val_win_rate,val_profit_factor,val_max_drawdown,val_bootstrap_mean_5pct,val_positive_year_pct,test_trades,test_cagr,test_total_return,test_avg_trade,test_win_rate,test_profit_factor,test_max_drawdown,test_bootstrap_mean_5pct,test_positive_year_pct,stress_trades,stress_cagr,stress_total_return,stress_avg_trade,stress_win_rate,stress_profit_factor,stress_max_drawdown,stress_bootstrap_mean_5pct,stress_positive_year_pct,batch,basic_gate,strict_gate_pre_external,rank_score
trend,SOLUSDT,short,6,2,0.02,1.5,0.0,0.045,d68b98365c7b,198,-0.25775914169310243,-0.3600774484607593,-0.0019014611337548153,0.3383838383838384,0.826161377706007,-0.4408098563345788,-0.0049912463658607804,0.5,203,1.1022379050193991,1.1011690185889154,0.004113677789608071,0.5073891625615764,1.4161628560224417,-0.2189197295606614,0.0007214105705793495,1.0,222,0.7957269304806724,0.8864465370521286,0.003169222039228974,0.4954954954954955,1.3921284824350721,-0.2409833401388779,0.000510161262049477,1.0,222,0.2948130158974944,0.3232857715707511,0.0015692220392289748,0.4594594594594595,1.1757382454115761,-0.3396798072378965,-0.0012287526701953337,1.0,0,False,False,2.3153139291409093
funding_trend,SOLUSDT,long,48,6,0.03,0.5,0.0,0.0,8dbca0c3898e,131,0.5893943584084835,1.0015452821188626,0.006997135743360734,0.46564885496183206,1.3938967957686503,-0.29782519976814037,-0.001200751754898813,1.0,85,0.6922804328396526,0.6916711578710177,0.007008196518477467,0.5294117647058824,1.6204594981706102,-0.13598608155405723,-4.729812053678111e-05,1.0,68,-0.016426226055759607,-0.01779675521739088,0.00017359826569614324,0.5,1.0146116169340993,-0.22038935999412224,-0.005839372558407359,0.5,68,-0.11047295854448003,-0.11919672390368974,-0.001426401734303856,0.4852941176470588,0.8877073680663166,-0.2524881491317926,-0.0071772573836854075,0.5,0,True,False,2.2202526188239613
funding_trend,SOLUSDT,long,48,2,0.003,2.0,0.035,0.045,0188179cdb7c,62,-0.2318855840368388,-0.3263825118924836,-0.005790633587478856,0.4032258064516129,0.6887480334316649,-0.34121299006909855,-0.012640177216890454,0.0,33,0.16620009941425562,0.16607737324718608,0.005038526322433895,0.5151515151515151,1.5909162956283955,-0.1081316369631774,-0.0030628097329016227,0.5,14,-0.003043547458516538,-0.0032993571609073458,-2.820585867250429e-05,0.42857142857142855,0.9960465558362497,-0.05144671409995594,,0.5,14,-0.0234550405999151,-0.025404404960227334,-0.0016282058586725033,0.2857142857142857,0.8021527342709182,-0.05456093690402475,,0.5,0,False,False,1.9230279842945857
funding_trend,SOLUSDT,both,48,2,0.015,0.35,0.0,0.018,e19bd1539f27,632,0.22584835297191197,0.3565732786783198,0.0007181183008516669,0.6107594936708861,1.0845671239575643,-0.31171283467944244,-0.0007272984037463403,0.5,400,0.8037083575115218,0.8029802655233131,0.0016746568244973977,0.605,1.2227919908297067,-0.25619022874879716,-7.09764514138548e-05,1.0,338,-0.12757251467504915,-0.13753911291538357,-0.00026575158178506603,0.5325443786982249,0.9659248081914183,-0.37831627602196416,-0.0019307141975179521,0.5,338,-0.47058745963447035,-0.49818831553197906,-0.0018657515817850664,0.5088757396449705,0.7822112807230047,-0.5639665749359253,-0.003553099397045553,0.0,0,True,False,1.8661273716333222
regime_switch,BTCUSDT,long,30,6,0.05,0.15,0.025,0.03,28de8e906cfc,118,0.13777070497574528,0.21324310987103012,0.001903008487924609,0.5338983050847458,1.2038126083045253,-0.16707372096310336,-0.0016495527662288292,1.0,55,0.14626313853960737,0.14615603853076475,0.002719245693747741,0.5818181818181818,1.3275093348853273,-0.09161381182520756,-0.002130653344839437,0.5,30,-0.1373645766718139,-0.1480292998648831,-0.005125825753378956,0.4,0.5494801799490401,-0.1787498567779371,-0.01113396172246603,0.0,30,-0.1749552900654444,-0.18820603771595046,-0.006725825753378955,0.36666666666666664,0.45662575990936793,-0.21375544879417607,-0.012565919475222218,0.0,0,True,False,1.5380109491423908
funding_trend,SOLUSDT,long,12,1,0.03,1.0,0.0,0.045,f4443089f889,195,-0.007278535932036423,-0.010880603294145086,0.00030273436639532286,0.4461538461538462,1.031144562034547,-0.25097961603385777,-0.0027674422547147195,0.5,135,0.17352327259222777,0.1733947479274065,0.0013448131212453881,0.4444444444444444,1.2224832065156155,-0.18961559511863457,-0.0011656163718428883,0.5,101,-0.15929833981057762,-0.17149031138995185,-0.0017219383456990136,0.38613861386138615,0.7554239927304459,-0.2469210888079416,-0.0043733335136578655,0.0,101,-0.2760177331605219,-0.2954390317333745,-0.0033219383456990124,0.3564356435643564,0.5875436859996566,-0.3335235805624527,-0.006048517373034339,0.0,0,True,False,1.4981008409943408
trend,SOLUSDT,short,6,3,0.01,0.15,0.0,0.06,2a43bfab857c,219,-0.5013988824009974,-0.6473418302806095,-0.004200455956924425,0.410958904109589,0.7061641981933863,-0.7138201871419342,-0.007917657071337998,0.0,195,0.12344452758995494,0.12335502098161366,0.001356488694300646,0.49230769230769234,1.1008272155831393,-0.3954239363153418,-0.0034020070292925006,0.5,234,0.5676580706393981,0.6281309589594437,0.002524304604877681,0.5,1.2553105040704189,-0.36308482666529573,-0.0005464652728593238,1.0,234,0.11020759800514246,0.12002243891081465,0.0009243046048776811,0.47863247863247865,1.0863999074565822,-0.4342680413979424,-0.002365379149262483,1.0,0,False,False,1.4763771053957215
funding_trend,BTCUSDT,long,3,3,0.003,0.5,0.0,0.03,352b6d625a0d,223,-0.07990280564970154,-0.11725106670387797,-0.00041789562835397605,0.3721973094170404,0.9375984314051086,-0.2480499440434606,-0.002331054905632343,0.0,118,0.13265787464227108,0.13256130224055207,0.0011927213679976793,0.4576271186440678,1.2126936378404667,-0.11246187116939099,-0.00137838163951985,1.0,96,-0.24246517178407234,-0.25996945628766743,-0.003037402802184187,0.3541666666666667,0.543563928255098,-0.28175247123345915,-0.005434063547289534,0.0,96,-0.3429078923326242,-0.3657325721405118,-0.004637402802184187,0.2916666666666667,0.39895165038617014,-0.3764950869995666,-0.0069136571405641264,0.0,0,False,False,1.4149135572253768
regime_switch,BTCUSDT,both,18,6,0.015,0.15,0.0,0.03,a57fb0fb144e,259,-0.23656858155589033,-0.3325236449673207,-0.001273246500834635,0.4594594594594595,0.8680116831228454,-0.47200592751230386,-0.003711783175906139,0.5,204,0.14555418998058678,0.14544764128766596,0.001021298916432024,0.5637254901960784,1.1016389584150794,-0.357882759879227,-0.002055281683296316,0.5,196,-0.21493602119187216,-0.23076820827138278,-0.0010865462590822713,0.47959183673469385,0.8870436143701512,-0.371193131053867,-0.0039028889804489596,0.0,196,-0.4125311500727923,-0.4382592417638099,-0.002686546259082272,0.44387755102040816,0.7436704408912118,-0.5121487124842432,-0.005265545164979442,0.0,0,False,False,1.3961769569979108
trend,SOLUSDT,long,12,3,0.02,0.5,0.0,0.018,b42c24912a9e,492,0.19837806990553908,0.31130131258212423,0.0008737536093157412,0.6686991869918699,1.0895313532579445,-0.4382674332292529,-0.0009796013414740737,0.5,228,0.13663593405020102,0.1365362949725335,0.0008012690185512034,0.6052631578947368,1.093913502800399,-0.3104796944948177,-0.0016657097164937949,0.5,169,-0.20011946472948217,-0.21501578680850175,-0.0012321776314556342,0.5384615384615384,0.8647344547021623,-0.3390713033584969,-0.0038157766026811813,0.0,169,-0.3770595860089473,-0.4013938301578469,-0.0028321776314556347,0.5207100591715976,0.712916670585258,-0.44531346812290606,-0.005300708711253949,0.0,0,True,False,1.3784150835010403
funding_trend,BTCUSDT,both,6,9,0.03,0.75,0.0,0.045,54886c3b8fad,59,0.010219306101093784,0.015343323862188951,0.0007317628239106315,0.423728813559322,1.0599015863618901,-0.17380103979701433,-0.005614329443284913,1.0,38,-0.03413618985868849,-0.03411322698614272,-0.0003019353325950558,0.5,0.9801114721879922,-0.2682348326803561,-0.009804137919385312,0.5,31,0.10807471082749287,0.11768973178061448,0.00412955586380069,0.5483870967741935,1.376517537016314,-0.14681233905968383,-0.005486046895557689,1.0,31,0.05863298323174293,0.06372339305752428,0.0025295558638006904,0.5161290322580645,1.2163509966122448,-0.15654590479866803,-0.007335908314615159,0.5,0,False,False,1.3071727615127264
trend,SOLUSDT,both,3,12,0.05,1.5,0.0,0.0,7adf10128238,89,2.587523318152962,5.774277830998199,0.025206762628479668,0.6067415730337079,2.3185166066999536,-0.47262735127853417,0.01038395172601874,1.0,61,-0.06340134252889651,-0.06335934949888045,0.0013775876095428773,0.5081967213114754,1.0519436960047592,-0.3132649506257126,-0.013241383791098635,0.0,42,0.052848906915563765,0.057423659387656034,0.002980465364633203,0.5238095238095238,1.1476322799052177,-0.3682705220693221,-0.011160712999222736,0.5,42,-0.010495044921439156,-0.011373567935054507,0.0013804653646332036,0.5238095238095238,1.0658922517616667,-0.38175952659015,-0.013076081974051865,0.5,0,True,False,1.3071510947166154
trend,SOLUSDT,long,18,12,0.003,0.35,0.0,0.0,c9dae4f5b3a3,137,1.453519658744805,2.8348688274236755,0.012607288854642287,0.5474452554744526,1.5869240017910107,-0.4298664860342323,0.0020693570502044816,0.5,76,0.021529385248660216,0.021514491103766797,0.0019568737667581652,0.47368421052631576,1.091161165810901,-0.4159970077138292,-0.009375112392515194,0.5,72,-0.39872512860972964,-0.4239323837655474,-0.006635428162509148,0.4027777777777778,0.6966577701446124,-0.5691034202837169,-0.015088868766126393,0.5,72,-0.45988272817868125,-0.48717813334636817,-0.008235428162509148,0.4027777777777778,0.6392708928957186,-0.6002753297594792,-0.01702650324043847,0.0,0,True,False,1.2760903009713842
funding_trend,BTCUSDT,both,30,9,0.03,2.0,0.025,0.03,19efde9b3054,41,-0.05939792247590381,-0.08762660940864131,-0.0019812932612309465,0.4146341463414634,0.8172716307336776,-0.15491034891008482,-0.007695414163906522,0.5,19,-0.02272830758234401,-0.022712928213950545,-0.0009977473756559929,0.47368421052631576,0.8904857440529494,-0.08897739325987364,,0.5,23,0.09815350656601018,0.10684403661059494,0.0046878901026514794,0.6086956521739131,1.5624801668156634,-0.0824583228526019,-0.0034540719445627383,1.0,23,0.061625548546779596,0.06698388781672171,0.0030878901026514787,0.6086956521739131,1.344614912395,-0.08844386829635542,-0.00447668702256516,1.0,0,False,False,1.2697416319656933
trend,BTCUSDT,long,12,6,0.02,2.0,0.035,0.018,0be7e5b584f1,234,-0.00759195725837869,-0.01134824455783734,0.00013908759431304933,0.5641025641025641,1.0166695238979544,-0.2527048124248731,-0.0019382487527487837,0.5,146,0.0292905420997831,0.029270202288579128,0.00038048280376147526,0.589041095890411,1.0478870619282328,-0.21823621031727036,-0.0022645938363261863,0.5,77,-0.15622047010333673,-0.16820120655654192,-0.002257570070950909,0.44155844155844154,0.7108893318601,-0.21370585580615786,-0.005311614587633934,0.0,77,-0.2471400461150094,-0.26491949829370076,-0.0038575700709509103,0.4155844155844156,0.5580696586319009,-0.29736321319645354,-0.006903569484758894,0.0,0,False,False,1.2402546659431493
regime_switch,BTCUSDT,long,12,6,0.003,0.75,0.0,0.0,e43df26830c1,268,-0.12290939958984148,-0.17831921559993158,-0.00043917182473022956,0.48134328358208955,0.9462939970371312,-0.29003312377875057,-0.0029004111726692932,0.0,176,-0.02600863027117173,-0.025991060897676443,0.00022391996486037088,0.5170454545454546,1.0221573026083757,-0.28534429508940007,-0.0031888592375288044,0.5,169,-0.21077569061846646,-0.22634760363005135,-0.0013224059839832328,0.46153846153846156,0.8398788238212118,-0.32586767576082853,-0.00384450155971927,0.0,169,-0.3853706863221493,-0.41004775622133227,-0.0029224059839832333,0.41420118343195267,0.6812319106878945,-0.4564207122474284,-0.0054368499137314435,0.0,0,False,False,1.2191226934280928
regime_switch,SOLUSDT,both,48,12,0.006,0.5,0.0,0.018,93bcc0fa9425,586,-0.34194408056231507,-0.46564536713328186,-0.00017225055427570968,0.7918088737201365,0.9868392505258705,-0.6142522068656646,-0.002884693297372556,0.0,373,-0.13996315656259029,-0.13987438921578466,0.00025005057355619584,0.7801608579088471,1.0199958363678723,-0.5904589308733714,-0.002657103897662755,0.5,381,-0.22211294341058485,-0.23838948508459157,-0.00016477528033635662,0.7375328083989501,0.9864191869945796,-0.4522714912690904,-0.0029565782649520127,0.0,381,-0.5571912371997919,-0.5865418612375009,-0.001764775280336357,0.7375328083989501,0.8594128771176135,-0.6428230556659659,-0.004535776646107308,0.0,0,False,False,1.196619054835222
funding_trend,SOLUSDT,short,48,9,0.03,0.75,0.0,0.018,40aaaf0a63e9,103,-0.07072365776355038,-0.10402965587731827,-0.0005195809316656888,0.7378640776699029,0.9588781753877476,-0.325601919308398,-0.006033604150546999,0.0,92,-0.07069585675165524,-0.07064921698014082,2.4490743816687867e-05,0.7934782608695652,1.0019024887838441,-0.33493299616437144,-0.006938207383133293,0.5,100,-0.21541834484740308,-0.23128057916546074,-0.0020075020321375188,0.74,0.8522093872050811,-0.3543033378882142,-0.008028089509360958,0.0,100,-0.323474116055099,-0.345369474603322,-0.0036075020321375178,0.72,0.7425539652139402,-0.4305716102232354,-0.009361330143034953,0.0,0,False,False,1.179606907209287
trend,SOLUSDT,short,3,3,0.015,0.15,0.018,0.03,7f431caf338b,238,-0.33351732397852407,-0.45536513648268295,-0.002333495463279429,0.38235294117647056,0.788167693645531,-0.5655562931436275,-0.0045445699156004046,0.0,247,-0.08154274060429378,-0.08148926368320741,-9.791853284556741e-05,0.41700404858299595,0.9907933822124964,-0.318161610395865,-0.0025050549028351634,0.5,249,-0.227518169463379,-0.24412546836918292,-0.0009054473614207425,0.40562248995983935,0.9107100797183909,-0.31782373901935,-0.0031377740188764684,0.0,249,-0.4654866981405358,-0.49294432261879495,-0.0025054473614207428,0.3815261044176707,0.7743581977139244,-0.5061682239915165,-0.004704815890007532,0.0,0,False,False,1.1776995318399472
trend,BTCUSDT,both,30,12,0.01,1.5,0.025,0.06,705a3a88680f,278,0.23460176926230902,0.3711061410156249,0.0015933626583460665,0.44244604316546765,1.1337889371487386,-0.31495014799680077,-0.0013776442580544918,1.0,194,-0.17238517958534794,-0.17227798707325315,-0.00048383670174729967,0.39690721649484534,0.9652558513451971,-0.38366984442836616,-0.004252199362594598,0.0,180,0.06105224173155177,0.06635919188336081,0.0007454814893483103,0.43333333333333335,1.0668901592232982,-0.2931690818576701,-0.0024616276667203487,1.0,180,-0.18665100333545925,-0.2006752676314042,-0.0008545185106516898,0.4166666666666667,0.9292082218133032,-0.3389302690479894,-0.0042348496901965255,0.0,0,False,False,1.1457858013583477
funding_trend,SOLUSDT,short,48,2,0.003,2.0,0.018,0.045,cb20cddb93e9,41,0.02408435486287397,0.03628410375481517,0.0011684340749537562,0.3902439024390244,1.1216386799879772,-0.15298650053972773,-0.0048283239089321394,0.5,24,-0.055339086672254734,-0.05530227465077919,-0.0020861939422588092,0.375,0.8213332756184554,-0.10337065421069613,-0.009703922415336347,0.0,62,0.07596161687446679,0.08261418731033943,0.0016071373920130932,0.4032258064516129,1.156292585279375,-0.1467344272425608,-0.0035836180522075033,1.0,62,-0.018101848396202658,-0.019610784750992427,7.137392013094055e-06,0.3548387096774194,1.0006325863296008,-0.1584538868064027,-0.005030636552229834,0.0,0,False,False,1.0827368786021718
funding_trend,SOLUSDT,short,48,3,0.006,1.5,0.025,0.03,b00743a09c5b,58,0.028955584857993655,0.04367491472685514,0.0010208244142098128,0.5172413793103449,1.0993873365725046,-0.1734175216318301,-0.004117607014046466,1.0,44,-0.08379294497003342,-0.08373806061169964,-0.0016777918464528354,0.4772727272727273,0.8649450595010029,-0.18613108503878695,-0.007494208015355976,0.5,93,-0.023153332501992918,-0.025077945119402756,-1.4405239101341272e-05,0.4838709677419355,0.9986058577675793,-0.23296070772296118,-0.0038615755229368227,0.5,93,-0.14858369797643922,-0.16003596468975856,-0.0016144052391013424,0.43010752688172044,0.8557616318475579,-0.2843136101367675,-0.0056132198272615275,0.5,0,False,False,1.072700051457881
funding_trend,SOLUSDT,short,18,3,0.006,0.25,0.0,0.06,da8a3e8e9d63,202,0.11590395748875504,0.17849061798649046,0.001255271765397545,0.44554455445544555,1.1207538244145774,-0.40152828877399016,-0.0022303670252706484,0.5,151,-0.1935820158179965,-0.1934632450288557,-0.0006971537030256079,0.45695364238410596,0.9521095315158423,-0.45980078286112136,-0.005615311079510066,0.5,151,-0.28732503566931056,-0.30736153973233715,-0.0019725729260045223,0.4105960264900662,0.8340962846820417,-0.4384334654430173,-0.00588813483971415,0.0,151,-0.43015696411159376,-0.4565087547384038,-0.0035725729260045217,0.39072847682119205,0.7218991160731978,-0.5262890742892635,-0.007655345636005873,0.0,0,False,False,1.0638425947773547
funding_trend,BTCUSDT,long,48,9,0.01,0.5,0.012,0.03,3bb650acc65b,249,-0.20638241288000392,-0.2926124342843087,-0.0012267478585070368,0.3293172690763052,0.8630533248845504,-0.40171338084874664,-0.0031221771257539466,0.0,144,-0.13792009535512784,-0.13783251740402713,-0.0008718340501229498,0.3472222222222222,0.8978355018196912,-0.19582748356410207,-0.0033553226850894695,0.0,79,-0.04610828044000115,-0.04989166237926135,-0.0005291459870318026,0.4177215189873418,0.9243438467172689,-0.13184453572773402,-0.0033873194524774715,0.5,79,-0.1512348709250141,-0.162871302145709,-0.002129145987031803,0.379746835443038,0.7324581044347883,-0.21869911974480605,-0.004908742185577005,0.0,0,False,False,1.0599614158214445
funding_trend,SOLUSDT,short,12,3,0.015,1.0,0.012,0.045,57f43ba11213,56,0.07906564845023945,0.12070840655271908,0.0023134656068218304,0.30357142857142855,1.267574098974414,-0.20758780991248638,-0.002810209175589346,1.0,76,-0.12302595178165665,-0.12294714425557907,-0.001515407143845761,0.2894736842105263,0.8405493702403628,-0.23532765490758223,-0.0053026525379601275,0.0,102,0.05564658606136752,0.06047039215245942,0.0008072799451501333,0.3333333333333333,1.096875731155082,-0.18133680984364464,-0.0027508924742528653,0.5,102,-0.0919373652686789,-0.09928038160990327,-0.0007927200548498678,0.30392156862745096,0.9159745563056543,-0.24336702608574423,-0.004135573593552302,0.5,0,False,False,1.053255327138305
trend,SOLUSDT,long,3,9,0.015,0.25,0.012,0.0,e7a8f2d9be2f,303,0.22021065270066154,0.3472405642373353,0.001818349785511124,0.1782178217821782,1.1612412418238738,-0.4551772958916638,-0.0019684261287536745,0.5,140,-0.19478647565537877,-0.19466705830964326,-0.001067971139015043,0.19285714285714287,0.9026791163949106,-0.33826985915786556,-0.005340610501909319,0.0,104,-0.07850554423315859,-0.08482655703677033,-0.00042873973700331957,0.22115384615384615,0.9595871119472559,-0.3323756932510755,-0.004859892277454239,0.5,104,-0.20986670386455109,-0.2253814883028401,-0.0020287397370033202,0.20192307692307693,0.8291754367217421,-0.38808474083849487,-0.006669065348942774,0.5,0,False,False,1.0451826565540352
funding_trend,BTCUSDT,both,6,12,0.015,0.5,0.012,0.018,e57540d6b30e,234,-0.3472876068077223,-0.47213040206079393,-0.002624777196326388,0.36324786324786323,0.6911862313219914,-0.46712180197492204,-0.0041100718901549834,0.0,177,-0.14398790779281756,-0.14389680710289243,-0.0007698010929897319,0.4293785310734463,0.8994013373358879,-0.2631166948409457,-0.002606946435719076,0.5,175,-0.1765004207268548,-0.18985421617659215,-0.0010997552079314928,0.41714285714285715,0.8549797062816775,-0.20878902992892845,-0.0028437876385761646,0.0,175,-0.3642784370865134,-0.3880665316141576,-0.002699755207931493,0.4114285714285714,0.6830154124743564,-0.3985509541355464,-0.004490006419099171,0.0,0,False,False,1.0411523100098985
funding_trend,SOLUSDT,long,18,12,0.006,0.35,0.0,0.018,53d36ea271ff,221,0.4715497562940638,0.7834481860338172,0.0031409179135912686,0.8235294117647058,1.3070116537617396,-0.33963878240282663,-0.000567519793284019,0.5,113,-0.16984056178826845,-0.16973478437339662,-0.0008756158198542388,0.7787610619469026,0.9342711934426133,-0.290987046323228,-0.006790598767762802,0.5,101,-0.3135846219476892,-0.33498805291063594,-0.003472146823732548,0.6831683168316832,0.7609344544624826,-0.4393901436259642,-0.009130039231137513,0.0,101,-0.4091156398955932,-0.43471749332692533,-0.005072146823732549,0.6831683168316832,0.6625488450513057,-0.5088732434394057,-0.010738040726067254,0.0,0,False,False,1.0395845261640997
funding_trend,BTCUSDT,both,12,6,0.003,1.5,0.018,0.06,ba56a6706c37,85,-0.20942198265840428,-0.29666603565858785,-0.003893686689235855,0.3058823529411765,0.6309422273632994,-0.3079918399797601,-0.007787733711479455,0.0,54,-0.07517815573380737,-0.07512868006316253,-0.001216042351283209,0.4074074074074074,0.8620569745818926,-0.10898929408301972,-0.005922261819502335,0.5,56,-0.09525824780667502,-0.102851180103255,-0.0017385990903016353,0.4107142857142857,0.8088008216282009,-0.2273652389251969,-0.005966496224637454,0.0,56,-0.16722445879301862,-0.17995572794578663,-0.0033385990903016358,0.39285714285714285,0.6675384374241743,-0.25799454420856227,-0.007652002383958417,0.0,0,False,False,1.0266681021220392
trend,SOLUSDT,both,30,12,0.02,1.0,0.025,0.0,7c2fe6ef4798,341,0.40316750806452784,0.660779044190672,0.0030423643075196023,0.30498533724340177,1.165079469803567,-0.4445221902774248,-0.0021834219118880907,0.5,223,-0.31986752230801596,-0.3196880453628753,-0.0008463684023513298,0.3094170403587444,0.9530139328724149,-0.456697412722729,-0.0055769101359241435,0.5,213,-0.3675284432451662,-0.39145757058136876,-0.0015533033798057854,0.3427230046948357,0.9080272257962089,-0.5260660043776937,-0.005847179599073461,0.0,213,-0.5386871459711973,-0.5677771545103665,-0.0031533033798057867,0.3286384976525822,0.8243298484554649,-0.6336944472840055,-0.007695384107795812,0.0,0,False,False,1.020086978167459
trend,BTCUSDT,short,18,9,0.05,0.5,0.035,0.045,ed85be57c8aa,32,-0.11962962695201518,-0.17371343636867753,-0.005574125870826097,0.3125,0.6037861247639429,-0.19945410580804013,-0.013539501206212924,0.5,41,-0.1829346833829263,-0.1828216814235144,-0.004299242928704137,0.43902439024390244,0.768743849241984,-0.2653617069278752,-0.013517885825167154,0.0,45,0.14785593596797453,0.16125938341592772,0.0037852937864363704,0.5111111111111111,1.3395143149788236,-0.17543704832797447,-0.003625328731778112,1.0,45,0.07425128606609599,0.08074852547410738,0.002185293786436372,0.5111111111111111,1.1831553783818174,-0.19194697355666734,-0.00513393475802083,0.5,0,False,False,1.0121550862952269
trend,BTCUSDT,long,18,6,0.003,0.5,0.025,0.045,4b1230f03a8c,291,0.059423786704648096,0.09029625725470458,0.0005828363800863285,0.45017182130584193,1.0613689604554426,-0.2773801995183717,-0.0017144502849983435,1.0,174,-0.1294674249125154,-0.12938480291120824,-0.0005716185253180376,0.47126436781609193,0.9334311079114717,-0.30767974386386354,-0.003184245986603747,0.5,112,-0.35466134351037093,-0.37802358261350333,-0.004083774963329298,0.38392857142857145,0.5539278607238841,-0.41808187437237865,-0.006742188728104793,0.0,112,-0.45344760388843997,-0.4805505175246999,-0.0056837749633293,0.32142857142857145,0.4427313720611901,-0.5070018645786568,-0.008285178542428752,0.0,0,False,False,1.007179360636185
funding_trend,BTCUSDT,short,30,6,0.003,0.5,0.018,0.03,19b914eafdb3,147,-0.1372469842048717,-0.19835272116862657,-0.0013420940612159837,0.3877551020408163,0.8389987411711145,-0.25979268611784556,-0.00379928274115963,0.0,120,-0.208649652274027,-0.2085228823518931,-0.0017279431006502922,0.4166666666666667,0.8394037385050716,-0.25468892326589154,-0.004797868852058571,0.0,158,0.0658936736645992,0.07163548385713958,0.0006399230800555436,0.4430379746835443,1.0737966101803356,-0.20192652077537532,-0.001974358155539755,0.5,158,-0.15590276530363956,-0.1678616400020111,-0.0009600769199444564,0.4240506329113924,0.899733220141016,-0.2926753128279218,-0.003572062853523933,0.0,0,False,False,1.003528064913142
funding_trend,BTCUSDT,long,30,2,0.03,0.5,0.025,0.0,726c2ffedf5c,186,-0.1694321688858802,-0.2427211830563416,-0.001382145043626559,0.42473118279569894,0.765810195801643,-0.24839521664644593,-0.00314966714776311,0.0,105,-0.06818628154908124,-0.0681412360196243,-0.0005627054378070208,0.4,0.8983165175696783,-0.13331413792832958,-0.0029203531246364805,0.0,59,-0.14657533198739836,-0.1578875919816265,-0.0028411957408335056,0.3559322033898305,0.5164570444003451,-0.1646947496934632,-0.005250855274987328,0.0,59,-0.21799779983845724,-0.23402027556340366,-0.004441195740833505,0.288135593220339,0.360385387621817,-0.23040978519231403,-0.007017790572878222,0.0,0,False,False,0.993337637895224
funding_trend,SOLUSDT,both,18,1,0.003,0.15,0.035,0.03,0f25af178fc0,908,-0.5081680539406843,-0.6544877889276014,-0.0009215909423002654,0.45594713656387664,0.902367261392672,-0.7375646718977342,-0.0021149012319522558,0.0,574,-0.34515357843024297,-0.34496378704354147,-0.0005360141717150012,0.4547038327526132,0.9352974006809304,-0.5648080413966995,-0.0019215560631616877,0.5,514,-0.3245278404696068,-0.3464748641105151,-0.0006722786857909139,0.41050583657587547,0.9045908154650725,-0.402648819866015,-0.0019522452296275288,0.0,514,-0.6840708824968024,-0.7132782307798157,-0.0022722786857909136,0.3754863813229572,0.7165957607363826,-0.7044232239232276,-0.003534454720634133,0.0,0,False,False,0.9888683153320771
regime_switch,BTCUSDT,long,30,12,0.006,1.0,0.035,0.045,566a27e23751,173,-0.052087216581299445,-0.07698613443957936,-4.7600688964713275e-05,0.4508670520231214,0.9960376279819629,-0.22505841328089027,-0.0036523640966606096,0.5,98,-0.2096735876258633,-0.2095462811955935,-0.0019309443021132437,0.47959183673469385,0.8674063514870212,-0.3107042705346005,-0.007061996790120015,0.0,103,-0.18877365725564732,-0.202936695320992,-0.0018209587021887992,0.49514563106796117,0.8555735857893176,-0.35636279440527796,-0.006302333701733255,0.0,103,-0.30352714951226445,-0.32441737517649616,-0.003420958702188797,0.44660194174757284,0.7457510968946115,-0.44227987198650387,-0.008021612570160706,0.0,0,False,False,0.9764629541214189
trend,BTCUSDT,long,48,2,0.03,0.35,0.025,0.03,5daab44d94ca,440,-0.2326888387194539,-0.3274372017383883,-0.0007765879198001558,0.41363636363636364,0.8768178535043601,-0.45353869225640386,-0.0020060907325650996,0.0,283,-0.18029197026853117,-0.1801804149090932,-0.0005959580232583434,0.43109540636042404,0.8969881539035783,-0.25988901288993804,-0.001980515131859096,0.0,175,-0.2500399421530539,-0.26798878584481756,-0.0017179703399817121,0.38285714285714284,0.6577374354887882,-0.3068454037599423,-0.0030455114236459884,0.0,175,-0.4211301703699919,-0.4471683889931235,-0.003317970339981713,0.32571428571428573,0.4527654624080145,-0.4644971542570956,-0.00470333459582436,0.0,0,False,False,0.9712765276415098
regime_switch,BTCUSDT,short,3,2,0.05,1.0,0.018,0.045,70323ff6e100,22,-0.0946006886256705,-0.13828503403274617,-0.006672713308698261,0.36363636363636365,0.2536914876989201,-0.1264423374949274,-0.01068975991220858,0.0,11,-0.048128249212045504,-0.04809611094323385,-0.004295891098598474,0.36363636363636365,0.5790996325917377,-0.07546590402277009,,0.5,11,0.044955286947058415,0.048831017030597446,0.004596569669877239,0.6363636363636364,1.644245971268753,-0.05460552560869392,,1.0,11,0.028183883444110824,0.030592597215454154,0.0029965696698772385,0.6363636363636364,1.3883265286849382,-0.06072697465856136,,0.5,0,False,False,0.9660970008029033
trend,SOLUSDT,both,30,9,0.03,1.0,0.025,0.06,d1d33ef844e1,562,-0.24256286606837663,-0.3403570384206862,-5.4836994255781535e-05,0.3398576512455516,0.9967669197878233,-0.5754287560423748,-0.0026850427497344506,0.5,334,-0.41722139472558795,-0.4170059650057104,-0.000977342461404334,0.3413173652694611,0.941442159137383,-0.6570224914170708,-0.004171648377321003,0.5,262,-0.3730838994733864,-0.39725070362367654,-0.0013801678500522648,0.37404580152671757,0.910553079460931,-0.5247645068821315,-0.004882873591734586,0.0,262,-0.5746571954296047,-0.6041933831823807,-0.002980167850052265,0.3549618320610687,0.8188029012527254,-0.6364984531209029,-0.006267949417390247,0.0,0,False,False,0.9604697316398217
trend,BTCUSDT,long,30,6,0.02,1.0,0.0,0.03,c66bc33705c7,226,0.4378833696136979,0.7226920132664361,0.002654611934407801,0.5221238938053098,1.3409688397114237,-0.20458991977883378,0.0002670163842171341,1.0,142,-0.23092461292168165,-0.2307863783141244,-0.0015795375057571933,0.47183098591549294,0.8338754751230537,-0.3627032831235696,-0.004750562297898158,0.0,85,-0.04223539742901883,-0.04570866585953781,-0.0003789531920875741,0.47058823529411764,0.9493699556663695,-0.10300348328227404,-0.003640891490219007,0.0,85,-0.15530857899419992,-0.16722653794305675,-0.0019789531920875753,0.3764705882352941,0.7644644010602428,-0.19093042456974307,-0.005143689345327712,0.0,0,False,False,0.9557556575788052
funding_trend,BTCUSDT,short,12,2,0.05,1.0,0.035,0.018,2adf1d1c901a,6,-0.034368106037518165,-0.05102714750526249,-0.008553247161395465,0.16666666666666666,0.2422343634092669,-0.06424134848208063,,0.0,4,-0.00807592147729741,-0.00807041592098312,-0.0018334634079769365,0.5,0.8172651522783977,-0.010511007755992785,,0.0,13,-0.05785955394308251,-0.06257512428117029,-0.004759417551956641,0.38461538461538464,0.5440319816646164,-0.10736902727614184,,0.0,13,-0.07586839224957531,-0.08198665695680485,-0.00635941755195664,0.38461538461538464,0.4432633162330589,-0.1146514331886227,,0.0,0,False,False,0.949235186955903
regime_switch,SOLUSDT,short,30,9,0.003,0.25,0.025,0.03,4103351ab8fa,337,-0.396962693561689,-0.5311407493524976,-0.0018888832098908402,0.4391691394658754,0.8659133261176135,-0.667186198989923,-0.004330079214943885,0.0,333,-0.4564605387336339,-0.45623367019043637,-0.0014608662373648447,0.4624624624624625,0.8971987911636944,-0.5014528740349234,-0.004003222562050864,0.0,277,0.25689569306275994,0.28132449823081984,0.0012448960035117858,0.5126353790613718,1.1008717167720847,-0.23100728638905899,-0.0013795094816114527,0.5,277,-0.16493376510022262,-0.17750986820932968,-0.0003551039964882145,0.5090252707581228,0.9729383201670694,-0.3807818395834268,-0.003043517437741875,0.5,0,False,False,0.9441864509898987
funding_trend,SOLUSDT,long,18,9,0.015,0.35,0.025,0.03,ac6fb81525dc,282,-0.38364821019072415,-0.5155527561972311,-0.002205326905094301,0.44680851063829785,0.8473496174977249,-0.5292853442064787,-0.0048895256231628915,0.0,125,-0.2491077918968504,-0.2489605252690107,-0.0019242420853745497,0.448,0.86607826563776,-0.3978409833367932,-0.005813192252241412,0.0,108,-0.2786930442227713,-0.29826132571141484,-0.0029238170069472496,0.4351851851851852,0.8000214778075005,-0.3153844306850667,-0.007017028831331405,0.0,108,-0.38539806975898483,-0.4100762529939188,-0.0045238170069472495,0.4351851851851852,0.7085987862954702,-0.4074929530704986,-0.00858264137783565,0.0,0,False,False,0.9415297391412099
regime_switch,SOLUSDT,long,6,9,0.05,1.5,0.0,0.045,38578ef810e5,69,0.16996013308728597,0.2650080253896041,0.004229963079106241,0.5362318840579711,1.2769557517926304,-0.22781971381452726,-0.0037151342004567273,0.5,50,-0.28328020869970405,-0.2831167888785393,-0.004961109834364637,0.54,0.807980223942494,-0.47630514681777825,-0.018885804783110288,0.5,31,0.006200965340078524,0.00672476923847487,0.0012544417445108592,0.5483870967741935,1.0701527312174282,-0.2321284338024524,-0.01241588608967586,0.5,31,-0.03886711966576839,-0.0420695216723721,-0.0003455582554891391,0.5483870967741935,0.9814257550338565,-0.24466955686756275,-0.014505319759499327,0.5,0,False,False,0.933878302396999
trend,BTCUSDT,short,12,3,0.015,0.15,0.035,0.03,bc1323acd483,132,-0.1777249114374161,-0.2540163841970171,-0.0020613951871022093,0.4318181818181818,0.7228211370124042,-0.31102635445402305,-0.004579528633704325,0.0,144,-0.28191046666175257,-0.2817476732141211,-0.0020510603877185014,0.4236111111111111,0.8007508244247377,-0.3656209039660592,-0.005024598266373165,0.0,196,0.0969921919279364,0.10557504460477962,0.0007063222229493881,0.4846938775510204,1.0950965588209731,-0.17990585472405274,-0.0016063251599376391,1.0,196,-0.17865839845947296,-0.192155677892338,-0.0008936777770506121,0.44387755102040816,0.8922814117086884,-0.2851902781253387,-0.0032181199752787707,0.0,0,False,False,0.9335697307991047
regime_switch,SOLUSDT,short,48,3,0.015,0.75,0.0,0.018,0c1b82ecf10b,513,-0.35532920144230484,-0.4818401510055641,-0.0009164978190119165,0.6335282651072125,0.9147210071219856,-0.7414008787400784,-0.0028823622427465896,0.5,421,-0.4472018290946329,-0.44697748988692687,-0.001071342210256216,0.6128266033254157,0.8997583347670405,-0.522842730150395,-0.0031640931805426414,0.0,415,-0.023767657415757037,-0.025742659498716236,0.0001710274003664034,0.5783132530120482,1.0197209438979324,-0.34865583860556226,-0.0015641084565505981,0.5,415,-0.4712132968097137,-0.49883143437053734,-0.0014289725996335975,0.5662650602409639,0.8472543463461026,-0.5205754333534389,-0.0032216519209788226,0.0,0,False,False,0.9310876561942072
funding_trend,SOLUSDT,both,18,3,0.006,0.15,0.035,0.06,b8912de0c425,548,-0.44904319132609327,-0.5904598135886082,-0.001094663362534801,0.42700729927007297,0.9228075531560403,-0.6734799240647321,-0.003419221709716678,0.0,339,-0.3782561958190326,-0.37805391567769064,-0.0009516506148410832,0.45722713864306785,0.9252955101935914,-0.6329423164628457,-0.0037707614406185196,0.5,307,-0.6681767915729572,-0.6976065117701666,-0.0035713004884567216,0.4201954397394137,0.6974041652746583,-0.698551428632531,-0.005979970965693845,0.0,307,-0.7895460797752082,-0.8154243665632679,-0.0051713004884567215,0.3811074918566775,0.5951201772814635,-0.812687135720925,-0.007407606642221609,0.0,0,False,False,0.9105184536027398
trend,SOLUSDT,long,48,12,0.015,0.5,0.012,0.06,359d15c66e0a,628,-0.43908523483254547,-0.5793248445605311,-0.0010192235207980938,0.18471337579617833,0.9090437153293666,-0.6622656402403915,-0.002758535279771246,0.0,273,-0.35737565518344905,-0.35718111623305493,-0.0012717300091602162,0.18681318681318682,0.8856411913727218,-0.4842742944513947,-0.0038616673353549214,0.0,191,-0.3445104739737227,-0.36740954737185183,-0.0020950960567908856,0.18848167539267016,0.8086689297396523,-0.4309067405850683,-0.004966713974253669,0.0,191,-0.5060044292323493,-0.5344804310780944,-0.003695096056790886,0.18324607329842932,0.6985090711581632,-0.551272838030675,-0.006588084286534629,0.0,0,False,False,0.9091205962159103
regime_switch,BTCUSDT,short,3,1,0.006,0.25,0.025,0.03,a40eafa0a530,266,-0.46269593008744647,-0.6055640473669164,-0.0034216417532434216,0.33458646616541354,0.4181444452744125,-0.6056761089289445,-0.004602497491296961,0.0,275,-0.2843122865885944,-0.2841483959883485,-0.0010915188476394169,0.4,0.8316934209516116,-0.4290376708029704,-0.002673074508806556,0.0,329,-0.24285140665041016,-0.2603785230020381,-0.0008269217254290757,0.42249240121580545,0.8417712024999402,-0.30656156292618264,-0.0020112827321275726,0.0,329,-0.5344791475295476,-0.5635009452875209,-0.002426921725429076,0.3495440729483283,0.6083745507049237,-0.5604104337370223,-0.003696096310121693,0.0,0,False,False,0.8999800782822993
regime_switch,SOLUSDT,short,6,6,0.03,0.35,0.025,0.06,80003e301c8e,189,-0.37579965979064134,-0.5062849866688311,-0.003224562045542414,0.3544973544973545,0.7957403775194888,-0.5739144975879209,-0.006877144525126016,0.0,173,-0.40777947039015905,-0.4075670677631894,-0.0024662331711582473,0.3583815028901734,0.8499908088962058,-0.5892177762152511,-0.006677276287105013,0.0,134,-0.058548146905727294,-0.06331792957342286,3.60006908197488e-05,0.373134328358209,1.0025630656528288,-0.3328008144258693,-0.004687469628985914,0.5,134,-0.22774536211905394,-0.24436648959936924,-0.0015639993091802519,0.373134328358209,0.8960724230957838,-0.3963427806118984,-0.006133443566605646,0.5,0,False,False,0.8967418401143336
trend,SOLUSDT,long,18,9,0.003,0.25,0.025,0.03,52a1b637f0ac,595,-0.6247523866009186,-0.7695924564061858,-0.0020985212609733804,0.4504201680672269,0.85533134658249,-0.8021133787039708,-0.003983598840418575,0.0,227,-0.3926423264281603,-0.3924349910604056,-0.0018290883205755559,0.45374449339207046,0.8722790955928821,-0.5926157174721693,-0.004796757092952303,0.0,164,-0.2851760666063027,-0.3050968678758402,-0.0018690266294007472,0.4573170731707317,0.8656428449065652,-0.40708550701120494,-0.005185630869398071,0.5,164,-0.4392949440607229,-0.4659514886394517,-0.003469026629400747,0.45121951219512196,0.7653298411187931,-0.508323403076888,-0.006830490049722791,0.0,0,False,False,0.8923686436054432
trend,BTCUSDT,short,48,9,0.015,0.5,0.018,0.045,9d6a0f547285,122,-0.0449427745446731,-0.06654812055876591,-0.00031128001658920385,0.39344262295081966,0.9684746986261776,-0.23707682488666504,-0.0034888878617292205,0.0,126,-0.30403206529563775,-0.30385937691185505,-0.0025654082396768443,0.30158730158730157,0.7926946418706488,-0.39806252912464357,-0.005992885805112306,0.0,175,-0.06911474267549167,-0.07471066977739116,-0.00014923774339972907,0.3657142857142857,0.9858647090941778,-0.2887877061262566,-0.003131732270350483,0.5,175,-0.2812730350581727,-0.30098222794970875,-0.0017492377433997288,0.35428571428571426,0.8489277509718807,-0.37632477420754984,-0.004713181510961162,0.0,0,False,False,0.8871447864963743
trend,SOLUSDT,short,18,6,0.015,0.35,0.018,0.0,dd34cf71e884,197,-0.22875531420030393,-0.3222671680222391,-0.0014856108340161104,0.3299492385786802,0.8825258272656419,-0.41430410842003584,-0.00515249543973111,0.0,190,-0.31789425703512997,-0.3177156123764252,-0.001522181556482828,0.28421052631578947,0.8887895962201263,-0.40705645773345445,-0.005372818876571311,0.5,215,-0.6765469078006167,-0.7058675975072868,-0.005331234206476769,0.27906976744186046,0.6032779806875376,-0.7037613774954843,-0.008265920871014435,0.0,215,-0.7649985223843572,-0.7919720302463694,-0.00693123420647677,0.2744186046511628,0.5252253414352738,-0.7884564911652603,-0.00989093981208848,0.0,0,False,False,0.8806619628744458
regime_switch,BTCUSDT,short,48,12,0.05,0.35,0.012,0.06,0594dbcd3568,106,-0.08351694759273698,-0.12243883859297244,-0.0009917407032808366,0.3018867924528302,0.8912885410368759,-0.17608453929716283,-0.004376572963064217,0.0,120,-0.292723382477833,-0.29255569327950837,-0.0026294932303820772,0.2,0.7494644992565499,-0.34870055405749967,-0.00587122177358024,0.0,133,0.05323930932675669,0.05784877513310538,0.0007394838315324524,0.2631578947368421,1.077118804894259,-0.2923096080546791,-0.002864840181985079,0.5,133,-0.13457977876934102,-0.1450469749428851,-0.0008605161684675475,0.2631578947368421,0.9200845962722803,-0.34293712525639775,-0.004402274927218942,0.0,0,False,False,0.8723825092411981
regime_switch,SOLUSDT,long,3,2,0.05,0.25,0.035,0.0,d66f15282e14,74,-0.23696689962772577,-0.33304512366827477,-0.004868502642243098,0.3918918918918919,0.7136065703737563,-0.3853437367516488,-0.01110926400906422,0.0,31,-0.14687882615981218,-0.14678605744981055,-0.004643775979360063,0.41935483870967744,0.6741061127876595,-0.18245234915641018,-0.013239182125951278,0.0,14,-0.0035310216498535274,-0.003827724769649654,8.440889093911847e-05,0.5,1.0072144358707695,-0.056419828916130066,,0.5,14,-0.02393641172419969,-0.025925249567718467,-0.001515591109060881,0.5,0.878752699512285,-0.05952579469086705,,0.0,0,False,False,0.8524703086754458
trend,BTCUSDT,short,3,6,0.006,1.5,0.012,0.06,c90300608039,118,-0.18391930650033683,-0.2624166370886918,-0.0024261309055165366,0.3050847457627119,0.7006298996677652,-0.31047946320622455,-0.004931393207417527,0.0,137,-0.3148056405859261,-0.3146283064848586,-0.0025397709932684677,0.26277372262773724,0.7318259778291356,-0.41072024946654406,-0.005410331167018572,0.0,183,0.09085601108407304,0.09887179574164295,0.0007324001853444106,0.37158469945355194,1.0935427547581902,-0.18039823553147294,-0.0018662818303773327,0.5,183,-0.16742785391916504,-0.18017287321056785,-0.0008675998146555896,0.366120218579235,0.9018423539181806,-0.26988860398767156,-0.003422483806902728,0.0,0,False,False,0.8478088462257201
regime_switch,BTCUSDT,both,30,12,0.03,1.0,0.018,0.03,db852db1ce85,305,-0.36977965919508526,-0.4991369768211551,-0.0020370506445777405,0.39344262295081966,0.8171176054611973,-0.5643879432324059,-0.0039489447936893775,0.0,257,-0.4568789293436655,-0.45665194903765594,-0.0021312580418862154,0.36964980544747084,0.816854263692253,-0.522895736230738,-0.0043464906007795985,0.0,220,0.0002632973497160851,0.00028546722234490396,0.00023970787186470538,0.42727272727272725,1.0235019614274954,-0.20605402756070912,-0.0021209541751496326,0.5,220,-0.27728494691605,-0.29677597648799403,-0.0013602921281352957,0.41818181818181815,0.8777050008371724,-0.3049346869588899,-0.003841691763972771,0.0,0,False,False,0.8442902893772941
trend,SOLUSDT,long,3,2,0.01,0.25,0.035,0.018,f217984e641e,581,-0.38625033098155903,-0.5186125039815275,-0.001004820979276109,0.6041308089500861,0.9037229410233013,-0.6274634054915357,-0.0026106090885361006,0.0,240,-0.3560174534344658,-0.35582343426569396,-0.001612866624505715,0.5541666666666667,0.8360982454455061,-0.43424987639680346,-0.003796614450268134,0.0,187,-0.399270922252128,-0.4244992978275909,-0.0027607937476502196,0.4919786096256685,0.7184565871444802,-0.44288282098101184,-0.005073438198389563,0.0,187,-0.5446413559582328,-0.5738222657629153,-0.004360793747650219,0.47593582887700536,0.5900314820796627,-0.586133864661335,-0.006720925774859814,0.0,0,False,False,0.8377036655143933
trend,BTCUSDT,both,6,9,0.03,0.5,0.012,0.045,45f116937ec3,168,-0.16955636462651724,-0.24289076059934023,-0.0014275403913060123,0.2619047619047619,0.8539126705158255,-0.40299995763944185,-0.003999727464173884,0.5,139,-0.28456965926871525,-0.2844056514273041,-0.0022106789728945715,0.26618705035971224,0.7715798541893377,-0.38256382653626786,-0.0049389361760559716,0.0,98,-0.15779851175911208,-0.1698876760973007,-0.0016889936083686818,0.2755102040816326,0.818734231852328,-0.1982045639732929,-0.005079068171409271,0.0,98,-0.27151000446581386,-0.2906816613539148,-0.003288993608368682,0.25510204081632654,0.6861314351514701,-0.29439635087161475,-0.0065773516362091135,0.0,0,False,False,0.8339785825180621
trend,BTCUSDT,short,48,6,0.003,0.35,0.018,0.06,6bd6a2db2af8,171,-0.15943704841891526,-0.229032501911826,-0.0013251528943400545,0.4093567251461988,0.8396526615601039,-0.2589303086222634,-0.0037536301369137494,0.0,158,-0.34589824314155726,-0.34570815800116805,-0.002395038137434579,0.37341772151898733,0.7877298478586476,-0.4388784152302675,-0.005557496845695501,0.0,228,-0.2753898835981303,-0.29477656046824807,-0.0012830048436812038,0.3815789473684211,0.8671457717462314,-0.42490677066765226,-0.003758702027541522,0.0,228,-0.4828708625873941,-0.5107991196695023,-0.0028830048436812037,0.35964912280701755,0.729617140074133,-0.5531665070029785,-0.005391399802440812,0.0,0,False,False,0.8315671692244269
funding_trend,BTCUSDT,short,6,2,0.01,0.35,0.0,0.018,0bc74410aa79,118,0.05212689117075531,0.07906924251684977,0.0007397064013005748,0.4745762711864407,1.1524718008950303,-0.14335299042730376,-0.001425904444890099,1.0,133,-0.372273736339078,-0.37207362576819736,-0.003294934148024047,0.44360902255639095,0.653865428950903,-0.44594649450616775,-0.006242735160351245,0.0,169,0.2341374899933344,0.25619002312278427,0.0014558862242268532,0.5207100591715976,1.2804170509082553,-0.1032546730498386,-0.0004126121879645967,0.5,169,-0.03817238222251895,-0.041318781903072255,-0.00014411377577314735,0.5029585798816568,0.9758253084140268,-0.15007111998900247,-0.0020253054079523345,0.5,0,False,False,0.7878328235084279
funding_trend,SOLUSDT,short,30,3,0.003,0.15,0.012,0.018,ff4398504b0d,402,-0.3377041968622757,-0.4604810523884959,-0.001429983217888335,0.39800995024875624,0.817642341682943,-0.4828887077306748,-0.0025498916747795385,0.0,317,-0.44273282900162214,-0.44250974873808047,-0.001736509065144189,0.3943217665615142,0.78542211158981,-0.49824826216200835,-0.0030619418249913546,0.0,256,-0.18525770971576216,-0.19919061377137237,-0.000766073136809793,0.42578125,0.8950827358900412,-0.23385233561171004,-0.0022166174006143843,0.0,256,-0.44197234065111257,-0.46871573317871296,-0.002366073136809794,0.41015625,0.712444800088168,-0.47790427941095137,-0.0038775135450542955,0.0,0,False,False,0.7878263810615093
funding_trend,BTCUSDT,short,12,12,0.015,0.35,0.018,0.045,3edb66f3312e,67,-0.14477512032503492,-0.2088056053641345,-0.0032437496197385233,0.34328358208955223,0.7127650280243796,-0.23565981630418387,-0.007475447979448068,0.0,86,-0.33516543902149154,-0.33497964347722564,-0.0044096492922735785,0.26744186046511625,0.6880242933536493,-0.4058388807496357,-0.008765647566875565,0.0,97,0.037517395611330384,0.040739458796714256,0.0007645971193374945,0.36082474226804123,1.0662630389053558,-0.1689616884028824,-0.0036140711510932646,1.0,97,-0.10095600967881302,-0.10897515967721816,-0.0008354028806625054,0.35051546391752575,0.9335294517248912,-0.21513157310039732,-0.005299994178441853,0.0,0,False,False,0.7870073335692425
regime_switch,SOLUSDT,short,18,12,0.006,0.15,0.012,0.03,075ca00c3541,410,-0.2503639046911501,-0.3505053929491494,-0.0008680877007459719,0.3024390243902439,0.9081676493670141,-0.4618887035718243,-0.002422433403185,0.0,381,-0.49566516496916513,-0.49542880523396093,-0.0016162096457532453,0.28608923884514437,0.8335431120018703,-0.5306554025861558,-0.0031596573714750328,0.0,356,-0.5167402820216764,-0.5454390602689612,-0.0020401027645933693,0.2808988764044944,0.791998140088202,-0.6016148416853159,-0.0037494189421981997,0.0,356,-0.7147097490568077,-0.7432986528568029,-0.003640102764593371,0.2808988764044944,0.667833237753285,-0.7677481824246211,-0.005301586999852786,0.0,0,False,False,0.7837100645393382
trend,BTCUSDT,both,12,3,0.015,0.25,0.025,0.045,8cb1fb6280d6,409,-0.351149278683891,-0.47680061695999565,-0.001393011252809221,0.41075794621026895,0.8257808142715928,-0.5531718356579902,-0.003006053194459937,0.0,320,-0.46729115279772915,-0.4670614626047588,-0.0017830189135802788,0.4,0.7835759339956244,-0.527663780803616,-0.003509340535051921,0.0,303,-0.18407203817539686,-0.19792702769611847,-0.0005721817093614762,0.40264026402640263,0.9174824177453655,-0.337256316922952,-0.0022147318093917985,0.0,303,-0.47865188299364203,-0.5064705008105979,-0.0021721817093614767,0.3795379537953795,0.725518884442794,-0.5169007737657809,-0.0038385555268609533,0.0,0,False,False,0.7793009620331012
trend,SOLUSDT,both,30,3,0.05,0.15,0.035,0.06,2047cba29a1f,575,-0.285357862970106,-0.3953800371292442,-0.0002519108244454866,0.43130434782608695,0.9834395627522509,-0.6281502927389968,-0.002674225618547546,0.0,365,-0.6283213475801693,-0.6280694642396791,-0.002203207154630789,0.42191780821917807,0.8454514950916948,-0.6597840360552159,-0.004823772465913161,0.0,293,-0.15825688663571214,-0.17037749626208487,-0.00022312720897683472,0.5017064846416383,0.9809812380176668,-0.40935031058918103,-0.003057978269853422,0.5,293,-0.4541866847059878,-0.48131204164284547,-0.0018231272089768336,0.4641638225255973,0.8547895947033013,-0.5997367142090857,-0.004600939490451459,0.0,0,False,False,0.7765361308060268
funding_trend,BTCUSDT,long,6,12,0.03,2.0,0.012,0.045,1da7882c69db,17,-0.0273554725996904,-0.040687553943221766,-0.002215669260857118,0.23529411764705882,0.780641695625381,-0.09242845599994698,,0.0,8,-0.02742804258101106,-0.02740952792216811,-0.0032799321121588397,0.25,0.6807016811298494,-0.07941555785655785,,0.5,4,-0.014634442818195037,-0.015856681974988907,-0.003939872869924682,0.5,0.42562971457327026,-0.027249664115745253,,0.0,4,-0.02046205275559021,-0.022165500949639982,-0.005539872869924682,0.5,0.27672848300440595,-0.030403203539745238,,0.0,0,False,False,0.7733950884826614
regime_switch,SOLUSDT,both,18,3,0.05,0.25,0.018,0.03,7be439cacab5,607,-0.47213515467676226,-0.6158959834981901,-0.0013284299933792524,0.3986820428336079,0.8830562960158548,-0.6581774288574421,-0.002847182705672895,0.0,394,-0.5810979452028455,-0.5808483766023885,-0.0019666724452843936,0.3883248730964467,0.8283097287355459,-0.6210614023633778,-0.003708500073737208,0.0,333,-0.39573735833576296,-0.42082822980853496,-0.0014116137603265495,0.40540540540540543,0.8693147177098066,-0.43750777199615654,-0.0032694010946527434,0.0,333,-0.6308258150696093,-0.6605334281437538,-0.00301161376032655,0.3843843843843844,0.7440559916054623,-0.6637154781528263,-0.004889603767183802,0.0,0,False,False,0.7550894355615747
trend,BTCUSDT,short,12,2,0.02,1.5,0.012,0.018,a9f2cc5e7bf4,170,-0.24846590631270804,-0.34804110549053424,-0.0024458642330409466,0.3411764705882353,0.6179153595883178,-0.37601140658894217,-0.003914154513554546,0.0,190,-0.3673725263170038,-0.3671742222858134,-0.0023167715738768575,0.3684210526315789,0.6932167103040893,-0.42442960310281563,-0.0038884174673098027,0.0,270,-0.16803106807623647,-0.180816840240683,-0.0006566666401332157,0.4222222222222222,0.8933711763689154,-0.21742183401264348,-0.001883133072394741,0.0,270,-0.4418130860494509,-0.4685513439397677,-0.002256666640133216,0.3925925925925926,0.6823955821543237,-0.46767589106984686,-0.0035027361300675993,0.0,0,False,False,0.7328732412378163
regime_switch,BTCUSDT,long,3,1,0.015,2.0,0.0,0.0,bb82f274bb12,170,-0.17131552199928968,-0.24529136797242268,-0.0015950205220070807,0.4411764705882353,0.6543271533019666,-0.28568897809977445,-0.003048141304077371,0.0,145,-0.17430622318016276,-0.17419796589384529,-0.001273442820731613,0.4206896551724138,0.7001729071097647,-0.19657925656214958,-0.0025298118141187146,0.0,133,-0.2868104777692554,-0.3068193297666253,-0.0027069354089816013,0.39849624060150374,0.4441792926531485,-0.3138928198704617,-0.004075423420054802,0.0,133,-0.41432619199949516,-0.4401199347588758,-0.0043069354089816025,0.2781954887218045,0.2716838501880404,-0.4399009156179644,-0.00554756700105321,0.0,0,False,False,0.7240646186829703
trend,BTCUSDT,both,6,3,0.003,1.5,0.012,0.03,835e279eed10,659,-0.5595768554110043,-0.707141142989373,-0.0017634352747771503,0.34749620637329287,0.7381452865450824,-0.7534238645225628,-0.0026548466574614505,0.0,496,-0.5531587885485374,-0.5529123342377076,-0.0015093819705771657,0.34274193548387094,0.7921637414963603,-0.6146156342833544,-0.0026149998891678936,0.0,470,-0.45538420264711665,-0.48254573969375636,-0.0012969498235339018,0.3702127659574468,0.8080683032120725,-0.5205854913309917,-0.0023873823955893785,0.0,470,-0.7282526675906891,-0.7564835527772694,-0.0028969498235339023,0.3425531914893617,0.62808219759605,-0.7700357196991084,-0.004020977448994869,0.0,0,False,False,0.7176014230251097
regime_switch,BTCUSDT,long,3,2,0.015,0.75,0.035,0.03,0afd3460a7b1,173,-0.20220319212581184,-0.2870263602989739,-0.0017918785381088877,0.4682080924855491,0.7583536819933371,-0.3068300925863858,-0.004133014592367033,0.0,135,-0.2875035232937716,-0.2873381834695954,-0.0023666218267075134,0.4666666666666667,0.6713621012081893,-0.29114958403683655,-0.004701417860357046,0.0,114,-0.1765065186435122,-0.18986072025985368,-0.001762614038323422,0.4473684210526316,0.684196482280853,-0.21589058222938184,-0.003693681672927399,0.0,114,-0.30434142758564786,-0.3252736843313607,-0.003362614038323422,0.39473684210526316,0.48382352758761776,-0.33054089086185723,-0.005364917373929957,0.0,0,False,False,0.6986594601315167
trend,SOLUSDT,both,18,2,0.015,0.75,0.025,0.06,5f210d2a4d77,862,-0.6082282642710779,-0.7542324150958284,-0.0012183109153486727,0.4013921113689095,0.9024937768425885,-0.8135924622147424,-0.0028544188936379038,0.0,547,-0.6658086830113537,-0.6655578671318487,-0.0016508518915865403,0.42047531992687387,0.8595226790232329,-0.6934208333696099,-0.003533855076816016,0.0,523,-0.8199451058037015,-0.8441458733793138,-0.0033082371317993626,0.4110898661567878,0.6825865586737052,-0.8410303852054437,-0.004873857437141518,0.0,523,-0.917079232591858,-0.9327601419253011,-0.004908237131799363,0.37476099426386233,0.5693396813689537,-0.931193810315053,-0.006495393200419801,0.0,0,False,False,0.6972649771859823
funding_trend,BTCUSDT,both,30,9,0.006,2.0,0.035,0.03,9cc8313ee1c0,44,-0.06314612845258372,-0.0930660737557144,-0.0019071209954616114,0.4318181818181818,0.832856743892884,-0.17329987101693867,-0.008430075905970637,0.5,29,-0.20174813365588484,-0.2016250034856213,-0.007456172663527173,0.3448275862068966,0.47300847394985673,-0.24507417219116912,-0.014661009230755072,0.0,32,0.0712543576745086,0.07748002135595788,0.0026492459517328593,0.5625,1.2753537847008316,-0.07603026370882615,-0.004583444679340125,0.5,32,0.021899773299269176,0.023765234014823555,0.0010492459517328595,0.5625,1.1016588650261658,-0.08936919810397415,-0.006275499839010242,0.5,0,False,False,0.6909728532971222
trend,BTCUSDT,short,18,3,0.003,2.0,0.012,0.018,d0ad3fdb0acf,284,-0.29574853878288765,-0.40849771549354286,-0.0017797977699624194,0.36971830985915494,0.7026196452348193,-0.439526589477791,-0.0029243337010262604,0.0,278,-0.4678392862991143,-0.46760945728401493,-0.0021736217919352354,0.38848920863309355,0.7151772957198183,-0.5107490523728992,-0.0034802885037660955,0.0,366,-0.3648589225490263,-0.3886723143089108,-0.0012608899946406856,0.40437158469945356,0.8086335098905422,-0.4141251395276656,-0.002337402853858993,0.0,366,-0.6303655474103351,-0.6600745431225279,-0.002860889994640686,0.3797814207650273,0.6219537089172498,-0.6596616022829718,-0.00398425663644539,0.0,0,False,False,0.6834160300428966
funding_trend,BTCUSDT,both,30,1,0.01,2.0,0.035,0.045,7a1ad583b8a8,86,-0.1116347524321809,-0.16245047260596612,-0.0019668071460750276,0.45348837209302323,0.6274883375508892,-0.16044576810563194,-0.004444177222221199,0.5,50,-0.12474226706136715,-0.12466244000446869,-0.0025918403981502027,0.38,0.5167126858084865,-0.14871924166704953,-0.005313088098562293,0.0,53,-0.021966910607628898,-0.023794108402965364,-0.0003853615476963882,0.39622641509433965,0.9014490504414004,-0.06250754301648775,-0.0029418231447440736,0.5,53,-0.09564250145444098,-0.10326427995561893,-0.0019853615476963884,0.33962264150943394,0.5983627417850313,-0.1085520767387197,-0.00461511556131845,0.0,0,False,False,0.679703814888153
funding_trend,SOLUSDT,both,12,3,0.003,1.5,0.025,0.0,c48eafe0547a,135,-0.43823834086822544,-0.5783732779518194,-0.005944609356464016,0.34074074074074073,0.6174260695705467,-0.6396530768656474,-0.01009786108789216,0.0,123,-0.4289528212701853,-0.42873377646717814,-0.004198344093153437,0.4065040650406504,0.6880765559899553,-0.43758053186641954,-0.008196547310030099,0.0,145,-0.27222445387270355,-0.2914358432275711,-0.002108420730731891,0.42758620689655175,0.7990980465959165,-0.2781901671028847,-0.005319006123420474,0.0,145,-0.41285592137894955,-0.4385959266217915,-0.0037084207307318917,0.3931034482758621,0.6757604796851528,-0.4223049255214977,-0.006778401324914184,0.0,0,False,False,0.6733746570038418
regime_switch,BTCUSDT,both,12,9,0.05,2.0,0.035,0.018,a44937c1d115,109,-0.21354591213404495,-0.30215336054374486,-0.0030194951494169385,0.5596330275229358,0.7503347755068361,-0.3197708215320475,-0.00681706691629546,0.0,91,-0.4447231525850164,-0.4444995085946237,-0.006142369554090562,0.5384615384615384,0.5683229518475551,-0.45971366890507126,-0.01012065537782,0.0,67,0.13155142155797095,0.1433865345607792,0.0022305274548171396,0.6716417910447762,1.262314663021923,-0.13881412603071874,-0.0019255779731943744,1.0,67,0.025119933885189072,0.027263333055629557,0.0006305274548171395,0.6716417910447762,1.0698364929518933,-0.158445393334251,-0.0034910122823727965,1.0,0,False,False,0.6615400413105277
regime_switch,SOLUSDT,both,3,2,0.03,0.35,0.018,0.03,45e1713c4f47,427,-0.5515238359895485,-0.6990853307669359,-0.0025841177603771106,0.3747072599531616,0.7731711768936183,-0.7335735979185284,-0.004230794189941337,0.0,298,-0.5532643232218261,-0.5530178548492148,-0.002486999734249125,0.3926174496644295,0.7725096638938715,-0.5919343273860109,-0.004465116346295012,0.0,203,-0.5077069430515257,-0.5362196225819624,-0.00359536613388751,0.35467980295566504,0.6613283106098167,-0.5718781358961604,-0.005704434521127596,0.0,203,-0.6356689768847861,-0.6653591107364192,-0.005195366133887511,0.3448275862068966,0.5543026718404862,-0.6774785487467218,-0.007382944218950614,0.0,0,False,False,0.6612095799354127
trend,BTCUSDT,both,48,9,0.006,0.35,0.012,0.018,4492d05842af,731,-0.5060885773023207,-0.6522977386033512,-0.0013411091644162858,0.40902872777017785,0.8264749511744155,-0.7014438375268882,-0.0022128315534543346,0.0,594,-0.6719657568042758,-0.6717153833275125,-0.001770556685948555,0.3956228956228956,0.7786895831156914,-0.6942780426157336,-0.002719501777126703,0.0,508,-0.43723241815341773,-0.46382130147125844,-0.001125454201347962,0.41141732283464566,0.8497309936017343,-0.5183757759377918,-0.0021192008830441364,0.0,508,-0.734508213629367,-0.7625552366739304,-0.002725454201347963,0.40551181102362205,0.6768344581702526,-0.778266175915442,-0.00376288989281867,0.0,0,False,False,0.655139453113987
funding_trend,BTCUSDT,short,30,9,0.03,0.75,0.025,0.045,43b69695268c,34,-0.09293023519092003,-0.135902965826884,-0.004015693508238518,0.38235294117647056,0.6668181472557126,-0.1679403401072228,-0.010247974559478545,0.0,32,-0.24250820900689185,-0.24236418610173605,-0.0082940092371615,0.28125,0.5087471553671261,-0.27408660161132137,-0.015683410557963455,0.0,54,0.009524541886546833,0.010330530584636177,0.0005817531897131549,0.4074074074074074,1.0476841077433725,-0.14050813152316377,-0.005732409190521634,0.5,54,-0.06787752222755028,-0.073377278141599,-0.0010182468102868448,0.3888888888888889,0.9225645512749545,-0.16246101986986594,-0.007258617927302341,0.5,0,False,False,0.6494140777995233
regime_switch,SOLUSDT,both,6,2,0.05,0.75,0.035,0.018,a290af4f1dd7,454,-0.5787299023599777,-0.726006429524928,-0.0025677570964345955,0.5881057268722467,0.7835097199359516,-0.8041717913735856,-0.004345981827621127,0.0,263,-0.6806516460566039,-0.6804020315643049,-0.0040617020003702224,0.5475285171102662,0.6708146738030274,-0.740310621199993,-0.006458298974679296,0.0,194,0.36228676757800415,0.39821016786684504,0.0019163456159973164,0.6185567010309279,1.2552536052958736,-0.22590784282169785,-0.00041647286105272964,1.0,194,0.023347643916397987,0.02533795857043275,0.0003163456159973165,0.6030927835051546,1.038947519204462,-0.25421383037527323,-0.001955294672331943,0.5,0,False,False,0.6443022520986939
trend,BTCUSDT,both,18,3,0.03,0.25,0.018,0.0,bcad9220b6f7,314,-0.309885217923472,-0.42619030299022864,-0.001607552770104558,0.42356687898089174,0.7862905889556211,-0.531422465921241,-0.003220437278743926,0.0,254,-0.4732655608284225,-0.4730343784450355,-0.002374997878076018,0.3779527559055118,0.7078620876183709,-0.4903966750285784,-0.00409130666160249,0.0,241,-0.47665541593324545,-0.5044211216067064,-0.002776821131188493,0.34024896265560167,0.6461657275707705,-0.5219435100583572,-0.004544730810668414,0.0,241,-0.633788228254888,-0.6634857872909365,-0.004376821131188494,0.3153526970954357,0.5095302589552438,-0.6746655078880572,-0.006084208796830649,0.0,0,False,False,0.6327707390968522
regime_switch,BTCUSDT,both,12,6,0.03,0.5,0.025,0.0,3b283525137e,198,-0.4769332186108014,-0.6211127867398071,-0.004582477389106845,0.35858585858585856,0.6343258016438056,-0.627331234954019,-0.00757920828387037,0.0,178,-0.5694588603464467,-0.5692104388393007,-0.004422365287456594,0.38202247191011235,0.6491664644215118,-0.5961959066240008,-0.00736208291349084,0.0,148,-0.10305998628760815,-0.11123569818541024,-0.0005425227541875321,0.4594594594594595,0.9384796356862712,-0.2257058980137202,-0.003524539605440703,0.5,148,-0.2793362007790807,-0.2989396863435462,-0.0021425227541875327,0.40540540540540543,0.7796088586508191,-0.3604850909734376,-0.005193598035628718,0.0,0,False,False,0.5990569431698562
regime_switch,SOLUSDT,short,12,2,0.05,2.0,0.035,0.06,49b3ee7d59d6,272,-0.6975648314237126,-0.8332013001243329,-0.00614481793348013,0.4227941176470588,0.5949803930581892,-0.8628943667703156,-0.008946052612933094,0.0,179,-0.5462758794927024,-0.5460303789347523,-0.004079097245838524,0.4245810055865922,0.668108742636624,-0.5928971420541733,-0.007214410996796534,0.0,156,-0.34990725541788104,-0.3730543106687928,-0.0026491970894960346,0.4551282051282051,0.7714022569770073,-0.46670397900256255,-0.005946864639730686,0.5,156,-0.48408440376069894,-0.5120436478989063,-0.004249197089496034,0.4230769230769231,0.659739952475399,-0.5497211368807384,-0.007588453409181348,0.0,0,False,False,0.5878213671345246
regime_switch,BTCUSDT,both,6,12,0.05,0.35,0.018,0.0,2540a89935bc,48,-0.028326897386032557,-0.0421220661729127,-0.0004630572516693546,0.3333333333333333,0.9622942548846066,-0.16290094232505425,-0.007504741242579244,0.5,48,-0.32584979070511366,-0.3256678145368107,-0.007937319189127547,0.20833333333333334,0.4584859867916916,-0.3236993884318622,-0.012822921917218953,0.0,23,0.03058954257301294,0.03320715356038906,0.0019141718094521764,0.34782608695652173,1.165812440260345,-0.0848080853553217,-0.00861358778325457,1.0,23,-0.0037993646648523116,-0.004118569358224189,0.0003141718094521757,0.34782608695652173,1.0249586800311354,-0.092236375813741,-0.00994168150582252,0.5,0,False,False,0.587014201504221
funding_trend,BTCUSDT,short,30,12,0.006,2.0,0.025,0.045,e36baf02373e,2,-0.03534752477976966,-0.05246826058974352,-0.02658757999999991,0.0,0.0,-0.026587589999999883,,0.0,8,-0.13649495778866205,-0.13640821146223503,-0.01790160374999992,0.125,0.23222435611133627,-0.1497218653793997,,0.0,14,0.09927142411097756,0.10806571446632973,0.007882857411982911,0.5,1.6756347509630736,-0.08122615655752496,,0.5,14,0.0769261754407724,0.08366645653754223,0.006282857411982917,0.5,1.50394547733186,-0.08721777132163766,,0.5,0,False,False,0.5828855649577737
funding_trend,SOLUSDT,short,6,1,0.003,0.15,0.035,0.06,ddf2b46912a0,317,-0.4897180759472116,-0.6348971177352679,-0.0029616231497956932,0.3911671924290221,0.6692217922637975,-0.6457953156250081,-0.0048391134022964764,0.0,263,-0.5759189382265104,-0.5756698530728024,-0.0029886624474955935,0.38022813688212925,0.7006322721606945,-0.6768496733419374,-0.0053246209751775814,0.0,267,-0.49956037891664296,-0.5278929978541247,-0.0026332944163884858,0.4044943820224719,0.6626921494818953,-0.5394990312135074,-0.004462126292542513,0.0,267,-0.6630398936852049,-0.6925278048673142,-0.004233294416388486,0.352059925093633,0.5189212717851974,-0.6966482566862332,-0.006080430255085798,0.0,0,False,False,0.578345840417913
trend,SOLUSDT,both,48,2,0.006,0.15,0.025,0.018,192798310f16,1434,-0.9167950433744857,-0.9758559154327842,-0.0023947469326361832,0.5313807531380753,0.7729724262189045,-0.9786735586446085,-0.0032580881932773296,0.0,909,-0.8997884642783806,-0.8996305408616853,-0.0023321038253654655,0.5258525852585259,0.7751253015665011,-0.905824174911839,-0.0033941165508143295,0.0,871,-0.7202002110676944,-0.7486504666847936,-0.001420929158169461,0.5189437428243399,0.8386775972223852,-0.8042650293818214,-0.0023961458015852475,0.0,871,-0.9228767228744139,-0.9378417374066754,-0.003020929158169462,0.49827784156142363,0.6852854048198532,-0.9439291861601901,-0.004043820289818752,0.0,0,False,False,0.5349004687329071
trend,SOLUSDT,long,12,2,0.03,2.0,0.018,0.018,6d6f0ebd822f,638,-0.7303335762778004,-0.8595234432251389,-0.002918519869896826,0.4498432601880878,0.7123192503447371,-0.8790103820420089,-0.004068063954322847,0.0,267,-0.6283214297735136,-0.628069546432426,-0.003558215327768897,0.41947565543071164,0.6423565646501097,-0.6513277489784972,-0.0051759574441628976,0.0,194,-0.3494647685836608,-0.37259163959962993,-0.002267297298903924,0.4536082474226804,0.7432031739820506,-0.3860362152340808,-0.0042360485357859495,0.0,194,-0.5118898687126145,-0.5404905086661087,-0.003867297298903924,0.4381443298969072,0.6020035520692895,-0.5327671554040524,-0.005710764474417741,0.0,0,False,False,0.5139966432588656
trend,BTCUSDT,long,30,1,0.015,0.35,0.025,0.0,bffa9ea123b6,629,-0.5759021962240765,-0.7232475357511851,-0.0019671906162404998,0.4117647058823529,0.6120821806138359,-0.7560333255256995,-0.0027657725286548977,0.0,406,-0.5029928681139922,-0.5027549610394004,-0.0016638515105424651,0.4014778325123153,0.6305634589927723,-0.5333122733212529,-0.0025353762985934622,0.0,261,-0.3477820802026568,-0.3708319528195816,-0.0017443817565209999,0.37547892720306514,0.5241543517218274,-0.37276489587099226,-0.002519853197260262,0.0,261,-0.5567204416810261,-0.5860652414839504,-0.003344381756521,0.25287356321839083,0.2990108438161737,-0.5825716914036395,-0.004135823013907602,0.0,0,False,False,0.5101056128662331
trend,SOLUSDT,both,6,2,0.02,0.5,0.018,0.0,84f16b17c945,624,-0.7151176960403758,-0.8474877807141481,-0.0026221820404924634,0.3060897435897436,0.7782716815610725,-0.9020570125554743,-0.004445775126554669,0.0,426,-0.7751862146522133,-0.7749564284061906,-0.003217301588787321,0.36619718309859156,0.7118627030833883,-0.7949917034121103,-0.005072621470667002,0.0,394,-0.6798088837427998,-0.709082237108974,-0.0029360114752490147,0.4035532994923858,0.6940980233776091,-0.7448994030790347,-0.004567584832294836,0.0,394,-0.8214149738151477,-0.8455248186319023,-0.004536011475249015,0.38578680203045684,0.5707817896502307,-0.8453776550581704,-0.006129066278073482,0.0,0,False,False,0.4977941016016839
regime_switch,SOLUSDT,both,48,3,0.006,1.0,0.018,0.045,004b9a15bb0b,1097,-0.7723235177906649,-0.8909773082895192,-0.0017336458377930624,0.3764813126709207,0.8484913475069247,-0.9150002222866778,-0.002908438880444729,0.0,734,-0.9082816794021762,-0.9081315715878648,-0.0029829972856071927,0.34332425068119893,0.7487856172991271,-0.9162862616142878,-0.004376813491802398,0.0,689,-0.8137756196012333,-0.8383477582555732,-0.0024227974906690826,0.386066763425254,0.7643187908043622,-0.8429011538222063,-0.0037880036698684275,0.0,689,-0.9328839893254859,-0.9465364317870528,-0.0040227974906690825,0.3613933236574746,0.6434069261494119,-0.94796146903316,-0.005296773595501628,0.0,0,False,False,0.48572447529912954
funding_trend,SOLUSDT,long,3,1,0.015,0.25,0.012,0.0,0770ef78686e,250,-0.4993818606408217,-0.6452031543707513,-0.004007059215832272,0.272,0.560609560445596,-0.646735527334505,-0.005622978264336465,0.0,120,-0.3628698645366618,-0.36267324304754867,-0.003633626097417534,0.3333333333333333,0.5651802073279619,-0.36472887003074206,-0.005809176001300165,0.0,113,-0.4676065221516764,-0.49512418608045694,-0.005961280315283725,0.26548672566371684,0.3211157722540807,-0.5008688025129213,-0.0077389061168554926,0.0,113,-0.5499026352736123,-0.5791583349449032,-0.007561280315283724,0.23893805309734514,0.242653672813218,-0.5819509699810588,-0.009293572922814424,0.0,0,False,False,0.4640242181231512
regime_switch,BTCUSDT,short,6,12,0.01,1.0,0.035,0.045,ea94d5386f81,156,-0.19438182255634429,-0.27653293235031784,-0.00162760004578957,0.5,0.8805032280383567,-0.48021364045400794,-0.00561971751857828,0.0,123,-0.6049672188108299,-0.60471599720249,-0.007108405839979244,0.3821138211382114,0.5638424830476031,-0.6531362387257889,-0.011366408840054977,0.0,127,-0.30175533129261867,-0.3225538088228096,-0.002689311079025181,0.41732283464566927,0.7917303169073315,-0.3783901304099886,-0.006624360563249576,0.0,127,-0.421550236347333,-0.44760332077119613,-0.004289311079025182,0.3858267716535433,0.6909897602041027,-0.469702954987786,-0.008096458577291191,0.0,0,False,False,0.459291452869021
regime_switch,SOLUSDT,both,48,3,0.015,1.5,0.012,0.03,fe6b4e1848b8,1363,-0.8763271955398398,-0.9562894865454382,-0.002138324323301463,0.30887747615553923,0.7698418079910414,-0.9587261656027136,-0.0029028526649556895,0.0,937,-0.9342419229156854,-0.9341192989164365,-0.0027501362172136176,0.288153681963714,0.7085677965427248,-0.9362169649145601,-0.003670076997253527,0.0,814,-0.8483804163679186,-0.8706447660098761,-0.0023712811180367946,0.3095823095823096,0.7300815837835621,-0.8742143306038505,-0.003311626526548585,0.0,814,-0.9545799447901371,-0.9649891349104129,-0.003971281118036795,0.29484029484029484,0.5989573968704546,-0.9659022106288617,-0.0048976472324078705,0.0,0,False,False,0.42396723103077266
regime_switch,SOLUSDT,both,12,6,0.01,1.0,0.018,0.018,3914d5173ec8,1211,-0.881539449992315,-0.9590192397236141,-0.0024755146554524595,0.47233691164327,0.7560692363347907,-0.9635954392311943,-0.0033435427838821165,0.0,847,-0.9382615448254817,-0.9381437459397016,-0.003120336553278636,0.45690672963400236,0.7051194382534308,-0.9412086641995567,-0.004084032877820976,0.0,719,-0.8531378631595663,-0.8750394535748578,-0.0027329621898852766,0.46453407510431155,0.7308408406870903,-0.8908097114670578,-0.003767630807634324,0.0,719,-0.9493808452456006,-0.9606239080400212,-0.004332962189885277,0.4617524339360223,0.6065639389563273,-0.9646512861496125,-0.005390062052003469,0.0,0,False,False,0.41869887601246253
regime_switch,BTCUSDT,both,48,3,0.006,1.5,0.025,0.06,9578f03a570a,706,-0.648937712276768,-0.791471524208794,-0.0020689013412418093,0.42492917847025496,0.7163562312561007,-0.8021827788483794,-0.003086839127576917,0.0,496,-0.7986962019459922,-0.7984752095029009,-0.003060779442131294,0.4153225806451613,0.6393187426628677,-0.8014334793309253,-0.004362543683018106,0.0,520,-0.6801219165280968,-0.7093905827808615,-0.0022397579551993864,0.4288461538461538,0.6940141369527469,-0.7122785359549562,-0.0034136757368819453,0.0,520,-0.8518834102155379,-0.8738818013329924,-0.003839757955199386,0.36538461538461536,0.5366341372743861,-0.8749369982331474,-0.00506918228491729,0.0,0,False,False,0.41347417592805835
regime_switch,SOLUSDT,both,6,1,0.05,0.5,0.018,0.0,8897e2faa193,425,-0.6862933843896539,-0.823805774989061,-0.0038430817745381375,0.35294117647058826,0.6479239363043919,-0.8486487466555084,-0.005581597809184847,0.0,255,-0.6725319062671788,-0.6722815774190292,-0.004184521312465435,0.3607843137254902,0.5878246708023451,-0.7004827131960016,-0.00615889756680639,0.0,195,-0.46579952380509715,-0.49326605424598513,-0.003326439834654231,0.3641025641025641,0.6193268959472933,-0.5303111135502814,-0.005380674707293986,0.0,195,-0.5998988003714447,-0.6295948818006765,-0.004926439834654231,0.3435897435897436,0.49560455960212857,-0.6393793091200797,-0.006955386044645645,0.0,0,False,False,0.406390441655579
funding_trend,BTCUSDT,both,18,3,0.05,2.0,0.012,0.0,a5aefaa7ce5a,33,-0.06248983104208161,-0.09211442374886414,-0.0027369899858056585,0.30303030303030304,0.6717192200136609,-0.12040522514308771,-0.007917962231037481,0.0,17,-0.10150869713248656,-0.10144286488421306,-0.006225211233997328,0.29411764705882354,0.2509968794808556,-0.10428518338444104,,0.5,20,-0.021819137313535908,-0.023634192541768462,-0.0011118764712352573,0.35,0.8146084441649409,-0.08026896373920145,-0.005523316514257463,0.5,20,-0.05032676174130424,-0.05444630350351398,-0.0027118764712352585,0.35,0.6146506602660868,-0.0978955975585919,-0.007279372027638834,0.5,0,False,False,0.40389464195584757
regime_switch,BTCUSDT,long,12,3,0.01,2.0,0.012,0.045,877b246dbd34,330,-0.40492608468953406,-0.5403826441655977,-0.0022554798623719945,0.37272727272727274,0.6712471147937379,-0.5741867978267803,-0.003521424753015737,0.0,230,-0.5890412232652318,-0.5887909985245653,-0.003756112169946189,0.3347826086956522,0.5419419446571341,-0.6056242668632736,-0.005328772299536287,0.0,229,-0.44373105220139997,-0.4705308856770517,-0.002676586819074399,0.38427947598253276,0.6247151142484878,-0.5096219428222359,-0.0041405146294683,0.0,229,-0.6037445374839079,-0.6334533541710864,-0.004276586819074399,0.3318777292576419,0.4757121466472673,-0.6495072915381941,-0.005815445718562476,0.0,0,False,False,0.4036001115866401
regime_switch,BTCUSDT,both,30,1,0.015,2.0,0.035,0.06,8bfbe1c513e9,971,-0.7580975881394256,-0.8806185414094149,-0.002105675774389218,0.3748712667353244,0.5728356615052924,-0.8817206873170237,-0.0027255057925449134,0.0,687,-0.8077108828937112,-0.807493749876796,-0.002309092814046759,0.4104803493449782,0.58397151040243,-0.8092465701704895,-0.0031417815564892394,0.0,711,-0.6977892907240771,-0.7267515428505695,-0.0017658907815855786,0.39381153305203936,0.5905376234725632,-0.7290398685081623,-0.002429280129044502,0.0,711,-0.8944651804454733,-0.9126673666401761,-0.0033658907815855787,0.2939521800281294,0.37210572483865717,-0.913011203639096,-0.004014982402364404,0.0,0,False,False,0.3277504748237152
regime_switch,BTCUSDT,long,3,3,0.05,0.5,0.025,0.045,52f6a8848efb,22,-0.13649546698934945,-0.19730673254536768,-0.009719261998795206,0.22727272727272727,0.3477856226267421,-0.203964201403945,-0.016726599294021805,0.0,12,-0.09957410128167299,-0.09950945302677006,-0.008496853133990885,0.3333333333333333,0.3476146216530036,-0.13698892955891517,,0.0,2,-0.03678420135659011,-0.039818563975133725,-0.020089681754840896,0.0,0.0,-0.013547833509681584,,0.0,2,-0.03968356061389422,-0.042951716993518185,-0.0216896817548409,0.0,0.0,-0.01514783350968163,,0.0,0,False,False,0.2978275710121671
funding_trend,SOLUSDT,both,48,1,0.01,1.0,0.012,0.0,1f322cbdd44b,451,-0.6547990235119463,-0.7966638287741463,-0.0034079786882065754,0.3303769401330377,0.5861878511457925,-0.7957763147019953,-0.004583686989150705,0.0,312,-0.740431109818727,-0.7401913651025995,-0.004202777904283823,0.2948717948717949,0.5127135422887613,-0.7432443357083363,-0.005621115914593456,0.0,329,-0.6758064714349321,-0.7051375248729337,-0.003621891579251956,0.3161094224924012,0.5104019051241185,-0.706441760858833,-0.004777147015971931,0.0,329,-0.8009454858490568,-0.8262386142728296,-0.005221891579251956,0.2917933130699088,0.38634223575334875,-0.8261753481493147,-0.006389669370811166,0.0,0,False,False,0.27009846366042745
funding_trend,BTCUSDT,short,6,3,0.015,1.5,0.025,0.03,2d00a72e9e9f,4,-0.016840160972448004,-0.025113930346550184,-0.006267178240160365,0.5,0.12295170447339714,-0.026587589999999883,,0.0,9,-0.10525266165489,-0.105184546159093,-0.012156249633490534,0.3333333333333333,0.17247669328556306,-0.11609513506809421,,0.0,19,-0.08313782669116376,-0.08981331872042086,-0.004759801669902425,0.3684210526315789,0.5401926275871275,-0.11896079572010487,,0.0,19,-0.10863789282610248,-0.1172265070698234,-0.006359801669902426,0.3157894736842105,0.44064219020471135,-0.13355468979586527,,0.0,0,False,False,0.25489851935489993
regime_switch,SOLUSDT,both,18,1,0.05,2.0,0.018,0.045,c9753ecc7a94,760,-0.675436615172591,-0.8145955977988107,-0.0019951741319384295,0.4039473684210526,0.7965947448921832,-0.8497443960338008,-0.0032521476787197093,0.0,536,-0.9411947848680133,-0.9410806196071956,-0.005112822056563201,0.36380597014925375,0.5088072343451832,-0.9436118801036472,-0.0063791485134284676,0.0,430,-0.6907946391987638,-0.7198881499458432,-0.002814908926727106,0.4,0.6606876001088139,-0.7237134498708035,-0.004136680800111017,0.0,430,-0.8364777643808416,-0.8595994759100383,-0.004414908926727107,0.36511627906976746,0.5246150035034272,-0.8604066948152387,-0.0057290620912577314,0.0,0,False,False,0.20338174193837996
regime_switch,SOLUSDT,long,48,1,0.01,2.0,0.012,0.0,89e6b5bfab1c,847,-0.8698899382403383,-0.9528384438556567,-0.003486371310720748,0.31995277449822906,0.5737474703811776,-0.9538843707188494,-0.004341322939248458,0.0,544,-0.8973863949786823,-0.89722635250112,-0.004070616802572426,0.3290441176470588,0.520670609708304,-0.8989956258030046,-0.0050440449954957,0.0,537,-0.8363960781962717,-0.8595234337221844,-0.0035721969535078193,0.329608938547486,0.5017802730992071,-0.8642579003811873,-0.004440840964259321,0.0,537,-0.9261995219244294,-0.940739904792812,-0.00517219695350782,0.28677839851024206,0.3752608435265169,-0.9422402483016761,-0.006074039289321108,0.0,0,False,False,0.19742248049376465
regime_switch,SOLUSDT,short,18,1,0.02,1.0,0.018,0.0,a98287fff5d2,638,-0.8520592764280962,-0.9428363715203547,-0.004324349973633584,0.38557993730407525,0.5456733628959216,-0.9488811562849141,-0.0054501013683103715,0.0,453,-0.9002184040099755,-0.9000608640132147,-0.004949212625599356,0.3841059602649007,0.4736825097347288,-0.9021404171925016,-0.006185716495172179,0.0,463,-0.8197557677729483,-0.8439681783019454,-0.003901996801994064,0.4060475161987041,0.5129922728998355,-0.855675607497144,-0.005016606517039398,0.0,463,-0.909289955681873,-0.9258857781946944,-0.005501996801994064,0.36285097192224625,0.38871251189828965,-0.9304602705133798,-0.006604149360920615,0.0,0,False,False,0.1518213759546999
