name,signal,tp,sl,hold,split,trades,total_return,avg_trade,win_rate,avg_win,median_win,avg_loss,profit_factor,max_drawdown,target_hit_rate,winner_ge_2_pct,bootstrap_mean_5pct,positive_year_pct,stress_trades,stress_total_return,stress_avg_trade,stress_win_rate,stress_avg_win,stress_median_win,stress_avg_loss,stress_profit_factor,stress_max_drawdown,stress_target_hit_rate,stress_winner_ge_2_pct,stress_bootstrap_mean_5pct,stress_positive_year_pct
breakout20_tp0.022_sl0.012_h5,breakout20,0.022,0.012,5,train,415,0.3409596389412286,0.0008356601718763401,0.43373493975903615,0.01868875598498291,0.02056000000000002,-0.012839051514758478,1.114941536127489,-0.153067657851384,0.3759036144578313,0.8666666666666667,-0.0004927170576061673,0.6666666666666666,415,-0.0053347677210946465,0.00011566017187634002,0.42891566265060244,0.01817737162590856,0.01984000000000002,-0.01344967585689047,1.0150581551064337,-0.20520325823565777,0.3759036144578313,0.0,-0.0012127170576061673,0.5555555555555556
breakout20_tp0.022_sl0.012_h5,breakout20,0.022,0.012,5,test,259,-0.19252098872224244,-0.0006949622684652774,0.38223938223938225,0.019602386693031375,0.02056000000000002,-0.013253946938391334,0.9151218744644597,-0.38044650153710036,0.3552123552123552,0.9292929292929293,-0.0023389750081980834,0.5,259,-0.3300577490508534,-0.001414962268465278,0.38223938223938225,0.018882386693031383,0.01984000000000002,-0.013973946938391333,0.8360899621147523,-0.45362076935709206,0.3552123552123552,0.0,-0.003058975008198084,0.25
breakout20_tp0.022_sl0.012_h10,breakout20,0.022,0.012,10,train,385,0.32116551516417746,0.0008607964048049219,0.42857142857142855,0.019864304722852916,0.02056000000000002,-0.013391834833731077,1.112485983221234,-0.15583615610578616,0.4077922077922078,0.9515151515151515,-0.0005105692625825203,0.6666666666666666,385,0.001378148018720493,0.00014079640480492187,0.42857142857142855,0.019144304722852924,0.01984000000000002,-0.014111834833731076,1.0174600759796077,-0.24142026062777955,0.4077922077922078,0.0,-0.0012305692625825203,0.4444444444444444
breakout20_tp0.022_sl0.012_h10,breakout20,0.022,0.012,10,test,253,-0.25433266958678036,-0.0010265278237618022,0.36363636363636365,0.02056000000000002,0.02056000000000002,-0.013361686580197133,0.8792730886221779,-0.4043157560967843,0.36363636363636365,1.0,-0.002639176045105676,0.5,253,-0.3786973980133177,-0.001746527823761803,0.36363636363636365,0.019840000000000028,0.01984000000000002,-0.014081686580197131,0.8050983660640573,-0.4735494292258575,0.36363636363636365,0.0,-0.0033591760451056763,0.25
breakout20_tp0.022_sl0.012_h20,breakout20,0.022,0.012,20,train,376,0.42896878567165553,0.0010903105551461055,0.42819148936170215,0.020494141420713898,0.02056000000000002,-0.013440000000000014,1.1418731896231085,-0.15992230809232122,0.425531914893617,0.9937888198757764,-0.00032276385400381835,0.6666666666666666,376,0.09019297234810986,0.0003703105551461054,0.42819148936170215,0.019774141420713907,0.01984000000000002,-0.014160000000000011,1.0457353727285956,-0.2116219734448498,0.425531914893617,0.0,-0.0010427638540038183,0.4444444444444444
breakout20_tp0.022_sl0.012_h20,breakout20,0.022,0.012,20,test,252,-0.2785747149985275,-0.0011622222222222132,0.3611111111111111,0.02056000000000002,0.02056000000000002,-0.013440000000000002,0.8646480331262947,-0.40431575609678505,0.3611111111111111,1.0,-0.0027812698412698358,0.5,252,-0.3984774479503792,-0.001882222222222214,0.3611111111111111,0.019840000000000028,0.01984000000000002,-0.014159999999999997,0.7919430115450761,-0.4735494292258572,0.3611111111111111,0.0,-0.0035012698412698355,0.25
breakout20_tp0.022_sl0.018_h5,breakout20,0.022,0.018,5,train,381,-0.08839809421136269,-6.951246807290905e-05,0.48556430446194226,0.018414595808732937,0.02056000000000002,-0.01751624732118047,0.992285806216063,-0.2737857611558766,0.3989501312335958,0.8216216216216217,-0.0016528148743842335,0.5555555555555556,381,-0.30724924586050406,-0.0007895124680729077,0.48293963254593175,0.01779386472311781,0.01984000000000002,-0.018146575428372867,0.9158560173166006,-0.3814844407707243,0.3989501312335958,0.0,-0.0023728148743842334,0.5555555555555556
breakout20_tp0.022_sl0.018_h5,breakout20,0.022,0.018,5,test,241,-0.5697529939023871,-0.0033121933758584465,0.4066390041493776,0.019305489415796104,0.02056000000000002,-0.018812423540768567,0.7032765010398964,-0.6418677892451643,0.36929460580912865,0.9081632653061225,-0.005316323753113632,0.25,241,-0.638545319155492,-0.004032193375858446,0.4066390041493776,0.01858548941579611,0.01984000000000002,-0.01953242354076856,0.6520905510686338,-0.682239858463408,0.36929460580912865,0.0,-0.006036323753113631,0.25
breakout20_tp0.022_sl0.018_h10,breakout20,0.022,0.018,10,train,331,-0.31975726629415346,-0.000974461468183143,0.4652567975830816,0.019572679313343028,0.02056000000000002,-0.018851634803522296,0.9033347495421337,-0.4274736463662999,0.43202416918429004,0.9285714285714286,-0.002700108678933047,0.4444444444444444,331,-0.46422142380445075,-0.0016944614681831415,0.4652567975830816,0.018852679313343026,0.01984000000000002,-0.019571634803522295,0.8380953502556394,-0.5227132714817043,0.43202416918429004,0.0,-0.0034201086789330455,0.2222222222222222
breakout20_tp0.022_sl0.018_h10,breakout20,0.022,0.018,10,test,226,-0.5310981602415046,-0.0031544877463942004,0.40707964601769914,0.02038203658416449,0.02056000000000002,-0.01931389251065838,0.7245373789909092,-0.6485020394011078,0.4026548672566372,0.9891304347826086,-0.005278381551703941,0.25,226,-0.6017670868746177,-0.0038744877463941993,0.40707964601769914,0.0196620365841645,0.01984000000000002,-0.020033892510658378,0.6738235563754652,-0.686779638921655,0.4026548672566372,0.0,-0.00599838155170394,0.25
breakout20_tp0.022_sl0.018_h20,breakout20,0.022,0.018,20,train,319,-0.11174296596536515,-0.00017344426674087996,0.4827586206896552,0.020383328720713505,0.02056000000000002,-0.019359765721698313,0.982679254119802,-0.2801031775239645,0.47648902821316613,0.987012987012987,-0.001999916366824095,0.4444444444444444,319,-0.29417486875321996,-0.0008934442667408782,0.4827586206896552,0.01966332872071351,0.01984000000000002,-0.020079765721698305,0.9139768059893678,-0.3967253319501971,0.47648902821316613,0.0,-0.0027199163668240934,0.4444444444444444
breakout20_tp0.022_sl0.018_h20,breakout20,0.022,0.018,20,test,225,-0.6088087919666076,-0.003973333333333332,0.38666666666666666,0.020560000000000012,0.02056000000000002,-0.019440000000000013,0.666756128108785,-0.6872137716417952,0.38666666666666666,1.0,-0.0061066666666666665,0.25,225,-0.6675698832027104,-0.004693333333333331,0.38666666666666666,0.019840000000000028,0.01984000000000002,-0.02016000000000001,0.6204278812974471,-0.7214998910542207,0.38666666666666666,0.0,-0.006826666666666665,0.25
breakout20_tp0.030_sl0.012_h5,breakout20,0.03,0.012,5,train,368,0.6424700969252877,0.0015179821628333557,0.4048913043478261,0.022592379013185455,0.028560000000000026,-0.012820306105214426,1.198962842747931,-0.1801069776957488,0.2717391304347826,0.697986577181208,-0.00011201988337650602,0.6666666666666666,368,0.2604373881065958,0.0007979821628333556,0.39945652173913043,0.022178098946118587,0.027840000000000028,-0.01342318148939709,1.098990442722743,-0.20233357865104484,0.2717391304347826,0.7074829931972789,-0.000832019883376506,0.5555555555555556
breakout20_tp0.030_sl0.012_h5,breakout20,0.03,0.012,5,test,232,-0.16698414705004105,-0.0006189008481721317,0.33189655172413796,0.024639296542200175,0.028560000000000026,-0.013166521487260312,0.9296431621058316,-0.37918473080528314,0.25,0.8051948051948052,-0.002609749487754088,0.5,232,-0.29528539549761135,-0.0013389008481721318,0.3275862068965517,0.02423804974965026,0.027840000000000028,-0.013799466524034316,0.8557055902631607,-0.4377201651841026,0.25,0.8157894736842105,-0.003329749487754088,0.5
breakout20_tp0.030_sl0.012_h10,breakout20,0.03,0.012,10,train,331,0.7406189539107497,0.001865343696453909,0.38972809667673713,0.02566361665261579,0.028560000000000026,-0.013332563290401948,1.2292565931008217,-0.1792030563037461,0.32628398791540786,0.8604651162790697,0.00010141862133574972,0.5555555555555556,331,0.37188977906426435,0.0011453436964539094,0.38972809667673713,0.024943616652615797,0.027840000000000028,-0.014052563290401946,1.1335540013787004,-0.20032091518862516,0.32628398791540786,0.8604651162790697,-0.0006185813786642502,0.5555555555555556
breakout20_tp0.030_sl0.012_h10,breakout20,0.03,0.012,10,test,215,-0.1402942262118697,-0.000523347254594723,0.3209302325581395,0.02680754116321933,0.028560000000000026,-0.013439999999999999,0.9426575445725976,-0.3160695725629782,0.28837209302325584,0.8985507246376812,-0.00262276138670169,0.5,215,-0.26372924849920953,-0.0012433472545947228,0.3209302325581395,0.026087541163219343,0.027840000000000028,-0.014159999999999996,0.87069515723538,-0.37603483401770077,0.28837209302325584,0.8985507246376812,-0.0033427613867016907,0.5
breakout20_tp0.030_sl0.012_h20,breakout20,0.03,0.012,20,train,310,1.0948969264930644,0.002592007292950501,0.3870967741935484,0.027976018840122144,0.028560000000000026,-0.013440000000000016,1.3146625394794225,-0.1792030563037461,0.3741935483870968,0.9666666666666667,0.0007342892203457579,0.6666666666666666,310,0.676504784584824,0.0018720072929505015,0.3870967741935484,0.02725601884012215,0.027840000000000028,-0.014160000000000011,1.2157011079447873,-0.19686516842685364,0.3741935483870968,0.9666666666666667,1.4289220345758099e-05,0.6666666666666666
breakout20_tp0.030_sl0.012_h20,breakout20,0.03,0.012,20,test,209,-0.16844927287162992,-0.0006986969625965632,0.3062200956937799,0.028168317731520596,0.028560000000000026,-0.013439999999999999,0.925067905797064,-0.3998138663167802,0.3014354066985646,0.984375,-0.0029092232783860367,0.25,209,-0.28477460244930675,-0.0014186969625965635,0.3062200956937799,0.027448317731520597,0.027840000000000028,-0.014159999999999996,0.8555875388745952,-0.4513034577913969,0.3014354066985646,0.984375,-0.0036292232783860364,0.25
breakout20_tp0.030_sl0.018_h5,breakout20,0.03,0.018,5,train,340,-0.06479738669189206,1.7912888303353865e-05,0.4470588235294118,0.02163859403185408,0.028560000000000026,-0.017462637823503616,1.0018551406372096,-0.3625989344960844,0.2735294117647059,0.6381578947368421,-0.0018547199017469385,0.4444444444444444,340,-0.2680045424253331,-0.0007020871116966452,0.4441176470588235,0.02106090845880731,0.027840000000000028,-0.018089453943157478,0.9301795479455497,-0.46667284618405436,0.2735294117647059,0.6423841059602649,-0.0025747199017469367,0.3333333333333333
breakout20_tp0.030_sl0.018_h5,breakout20,0.03,0.018,5,test,220,-0.5388216037698313,-0.003284589377347082,0.35454545454545455,0.024577877724809707,0.028560000000000026,-0.018589324827827578,0.7262514647030419,-0.6110885512810824,0.2681818181818182,0.8076923076923077,-0.005702295249688443,0.25,220,-0.6066368263330872,-0.004004589377347082,0.35454545454545455,0.02385787772480972,0.027840000000000028,-0.019309324827827573,0.678689262475799,-0.6511621160300085,0.2681818181818182,0.8076923076923077,-0.006422295249688442,0.0
breakout20_tp0.030_sl0.018_h10,breakout20,0.03,0.018,10,train,293,0.07864381933768749,0.0005142999668902071,0.4334470989761092,0.0258012521675506,0.028560000000000026,-0.018831741776988525,1.0482042730957677,-0.291466839253418,0.3651877133105802,0.8582677165354331,-0.0016432484146588584,0.5555555555555556,293,-0.1265729567547239,-0.00020570003310979134,0.4334470989761092,0.025081252167550586,0.027840000000000028,-0.01955174177698852,0.9814301480579921,-0.395468993711632,0.3651877133105802,0.8582677165354331,-0.002363248414658857,0.5555555555555556
breakout20_tp0.030_sl0.018_h10,breakout20,0.03,0.018,10,test,199,-0.39270357127794875,-0.002251703472864842,0.37185929648241206,0.026554224396325925,0.028560000000000026,-0.019304812771425785,0.8143099354940762,-0.5096104142959961,0.3316582914572864,0.8918918918918919,-0.004779729949318939,0.25,199,-0.47400606697977377,-0.0029717034728648406,0.37185929648241206,0.025834224396325933,0.027840000000000028,-0.020024812771425787,0.7637455099929014,-0.5511028285217836,0.3316582914572864,0.8918918918918919,-0.005499729949318938,0.25
breakout20_tp0.030_sl0.018_h20,breakout20,0.03,0.018,20,train,265,0.4828713708994967,0.001763708632951597,0.4490566037735849,0.02766709354464197,0.028560000000000026,-0.01934932427452206,1.1654451558798629,-0.22264297430030333,0.42641509433962266,0.9495798319327731,-0.0006196784104359185,0.6666666666666666,265,0.22549260833933138,0.0010437086329515986,0.4490566037735849,0.026947093544641955,0.027840000000000028,-0.020069324274522054,1.0943929466576388,-0.236106615141358,0.42641509433962266,0.9495798319327731,-0.0013396784104359168,0.5555555555555556
breakout20_tp0.030_sl0.018_h20,breakout20,0.03,0.018,20,test,194,-0.4463328480857669,-0.002786807582881322,0.35051546391752575,0.02800403633597913,0.028560000000000026,-0.01940408842798062,0.7788713964717887,-0.5925354764677843,0.33505154639175255,0.9852941176470589,-0.005442355031066487,0.25,194,-0.5187575964557132,-0.0035068075828813207,0.35051546391752575,0.02728403633597914,0.027840000000000028,-0.02012408842798062,0.7316961498796936,-0.6262544411031277,0.33505154639175255,0.9852941176470589,-0.006162355031066487,0.25
breakout55_tp0.022_sl0.012_h5,breakout55,0.022,0.012,5,train,386,0.07368762341343782,0.0003123683654223068,0.41968911917098445,0.018680719592903343,0.02056000000000002,-0.012971885647309514,1.041495711906201,-0.3013128750002997,0.3626943005181347,0.8641975308641975,-0.0010377526749324152,0.5555555555555556,386,-0.18690333987719454,-0.00040763163457769317,0.4170984455958549,0.018075822723530595,0.01984000000000002,-0.013633570086379618,0.9487064128552368,-0.37753316304156725,0.3626943005181347,0.0,-0.0017577526749324153,0.5555555555555556
breakout55_tp0.022_sl0.012_h5,breakout55,0.022,0.012,5,test,239,-0.022445995621938608,3.741677026898193e-05,0.40585774058577406,0.019486826131878854,0.02056000000000002,-0.01324844737111241,1.0047534712239083,-0.31370868558053366,0.3723849372384937,0.9175257731958762,-0.0016360613414986614,0.25,239,-0.17706889471582699,-0.0006825832297310183,0.40585774058577406,0.018766826131878855,0.01984000000000002,-0.013968447371112407,0.917753574033479,-0.37926602253521824,0.3723849372384937,0.0,-0.002356061341498662,0.25
breakout55_tp0.022_sl0.012_h10,breakout55,0.022,0.012,10,train,364,0.2697720843446405,0.0007935640067544435,0.4258241758241758,0.019917554592770673,0.02056000000000002,-0.01338929982498008,1.1032236453876427,-0.27037807131632385,0.4065934065934066,0.9548387096774194,-0.0006320202860854491,0.6666666666666666,364,-0.022933704542131172,7.356400675444348e-05,0.4258241758241758,0.01919755459277068,0.01984000000000002,-0.01410929982498008,1.0090806097287488,-0.3207529946913019,0.4065934065934066,0.0,-0.0013520202860854496,0.5555555555555556
breakout55_tp0.022_sl0.012_h10,breakout55,0.022,0.012,10,test,233,-0.08663371586565738,-0.00025283922494307473,0.38626609442060084,0.02056000000000002,0.02056000000000002,-0.013351828946935236,0.9691451404363859,-0.3410870058729837,0.38626609442060084,1.0,-0.0020039121863164666,0.25,233,-0.22781164078910587,-0.0009728392249430743,0.38626609442060084,0.019840000000000024,0.01984000000000002,-0.014071828946935231,0.8873553916694561,-0.40275752050676406,0.38626609442060084,0.0,-0.0027239121863164664,0.25
breakout55_tp0.022_sl0.012_h20,breakout55,0.022,0.012,20,train,362,0.18967480820051863,0.0006191070959528594,0.4143646408839779,0.02048931179156625,0.02056000000000002,-0.013440000000000014,1.0786573340405063,-0.2906845113128973,0.4116022099447514,0.9933333333333333,-0.0008483140712574412,0.6666666666666666,362,-0.08329075340302228,-0.00010089290404714096,0.4143646408839779,0.019769311791566258,0.01984000000000002,-0.014160000000000013,0.9878333762175326,-0.33919509246666646,0.4116022099447514,0.0,-0.0015683140712574413,0.4444444444444444
breakout55_tp0.022_sl0.012_h20,breakout55,0.022,0.012,20,test,232,-0.11632774433445603,-0.00039689655172413067,0.38362068965517243,0.020560000000000023,0.02056000000000002,-0.013440000000000004,0.9520895770895779,-0.3410870058729836,0.38362068965517243,1.0,-0.002155517241379307,0.25,232,-0.2523953529080809,-0.00111689655172413,0.38362068965517243,0.019840000000000024,0.01984000000000002,-0.014159999999999997,0.8720319228793818,-0.40275752050676494,0.38362068965517243,0.0,-0.0028755172413793073,0.25
breakout55_tp0.022_sl0.018_h5,breakout55,0.022,0.018,5,train,357,-0.2097999786391881,-0.00048610548830962957,0.47619047619047616,0.018324047423491783,0.02056000000000002,-0.01758624449903819,0.9472303726562048,-0.35876672968285106,0.3865546218487395,0.8117647058823529,-0.002105828499693522,0.5555555555555556,357,-0.3890963803048556,-0.0012061054883096283,0.47619047619047616,0.017604047423491788,0.01984000000000002,-0.018306244499038185,0.8742196946371202,-0.4891110029284651,0.3865546218487395,0.0,-0.0028258284996935203,0.3333333333333333
breakout55_tp0.022_sl0.018_h5,breakout55,0.022,0.018,5,test,230,-0.41387598346260035,-0.0021322934315145675,0.43478260869565216,0.01970622246617109,0.02056000000000002,-0.018931151814349692,0.8007242673314419,-0.5084873897018327,0.4043478260869565,0.93,-0.0041959453363691075,0.25,230,-0.503563678065146,-0.002852293431514566,0.43478260869565216,0.0189862224661711,0.01984000000000002,-0.01965115181434969,0.7432025690104628,-0.5542659023837155,0.4043478260869565,0.0,-0.004915945336369107,0.25
breakout55_tp0.022_sl0.018_h10,breakout55,0.022,0.018,10,train,317,-0.3282395248941442,-0.0010664378852620138,0.47003154574132494,0.019154470254271385,0.02056000000000002,-0.019000457604252945,0.8940937757453733,-0.421894430535247,0.42586750788643535,0.9060402684563759,-0.002892704012489818,0.3333333333333333,317,-0.4655437683334067,-0.0017864378852620122,0.47003154574132494,0.01843447025427139,0.01984000000000002,-0.019720457604252947,0.8290689688751947,-0.5290411961751256,0.42586750788643535,0.0,-0.003612704012489817,0.3333333333333333
breakout55_tp0.022_sl0.018_h10,breakout55,0.022,0.018,10,test,213,-0.31764434541196984,-0.0015971560126060538,0.4460093896713615,0.02038765648150666,0.02056000000000002,-0.019296793190069685,0.8505968361394881,-0.5117155905754378,0.4413145539906103,0.9894736842105263,-0.003773810311869585,0.25,213,-0.4148723228477721,-0.0023171560126060524,0.4460093896713615,0.019667656481506673,0.01984000000000002,-0.02001679319006969,0.7910423047192918,-0.5549572393164803,0.4413145539906103,0.0,-0.004493810311869585,0.25
breakout55_tp0.022_sl0.018_h20,breakout55,0.022,0.018,20,train,303,-0.15145952847843136,-0.0003441871983179587,0.47854785478547857,0.020372362917171583,0.02056000000000002,-0.019356211038482417,0.9658995660120644,-0.2598521861149242,0.47194719471947194,0.9862068965517241,-0.002234591894654187,0.4444444444444444,303,-0.31793998752086183,-0.001064187198317957,0.47854785478547857,0.01965236291717159,0.01984000000000002,-0.020076211038482412,0.8983466209568465,-0.3817524846342495,0.47194719471947194,0.0,-0.002954591894654185,0.4444444444444444
breakout55_tp0.022_sl0.018_h20,breakout55,0.022,0.018,20,test,212,-0.4307304638339885,-0.002458867924528301,0.42452830188679247,0.02056000000000002,0.02056000000000002,-0.019440000000000016,0.7802064359441411,-0.5654921054739575,0.42452830188679247,1.0,-0.00472301886792453,0.25,212,-0.5115570420072237,-0.0031788679245282996,0.42452830188679247,0.019840000000000024,0.01984000000000002,-0.020160000000000018,0.7259953161592508,-0.6042899097964813,0.42452830188679247,0.0,-0.00544301886792453,0.25
breakout55_tp0.030_sl0.012_h5,breakout55,0.03,0.012,5,train,347,0.4147416204016352,0.001169321371755036,0.39481268011527376,0.022729715735979074,0.028560000000000026,-0.012896269237286359,1.149823513013641,-0.20257656514261924,0.2680115273775216,0.708029197080292,-0.0004987548966164486,0.5555555555555556,347,0.1021082282454151,0.00044932137175503596,0.3919308357348703,0.022175749560788362,0.027840000000000028,-0.013554442769043691,1.0545158047465513,-0.3016104211336833,0.2680115273775216,0.7132352941176471,-0.0012187548966164487,0.4444444444444444
breakout55_tp0.030_sl0.012_h5,breakout55,0.03,0.012,5,test,217,0.002441989637838482,0.0001866790862883828,0.35023041474654376,0.02494379222112206,0.028560000000000026,-0.01315758047574963,1.021835354782172,-0.2718596844371426,0.2764976958525346,0.8289473684210527,-0.0018879231990332787,0.5,217,-0.1426274143895584,-0.0005333209137116174,0.3456221198156682,0.02455085541372377,0.027840000000000028,-0.013782005593695093,0.9408645941001381,-0.3361492772831949,0.2764976958525346,0.84,-0.002607923199033279,0.5
breakout55_tp0.030_sl0.012_h10,breakout55,0.03,0.012,10,train,312,0.5919630713860782,0.0016809444588833699,0.38461538461538464,0.02579269529530123,0.028560000000000026,-0.013388899813877789,1.2040148767753274,-0.14800840477588895,0.3269230769230769,0.8666666666666667,-0.00011665350818881049,0.5555555555555556,312,0.271935238963146,0.0009609444588833699,0.38461538461538464,0.025072695295301227,0.027840000000000028,-0.014108899813877787,1.1106772864138934,-0.19200462602029844,0.3269230769230769,0.8666666666666667,-0.0008366535081888104,0.5555555555555556
breakout55_tp0.030_sl0.012_h10,breakout55,0.03,0.012,10,test,204,-0.019925288055605672,8.697743537654793e-05,0.3333333333333333,0.027140932306129645,0.028560000000000026,-0.013440000000000002,1.0097073030554182,-0.26057877152860176,0.3088235294117647,0.9264705882352942,-0.002128845051509426,0.5,204,-0.1538857861798969,-0.0006330225646234518,0.3333333333333333,0.026420932306129657,0.027840000000000028,-0.014160000000000002,0.9329425249339566,-0.323425048255085,0.3088235294117647,0.9264705882352942,-0.002848845051509426,0.25
breakout55_tp0.030_sl0.012_h20,breakout55,0.03,0.012,20,train,299,0.6026181615562796,0.0017778114506298954,0.36789297658862874,0.02792477839762129,0.028560000000000026,-0.013440000000000014,1.2092646225979224,-0.1603811570116208,0.35451505016722407,0.9636363636363636,-0.00012706784008421811,0.6666666666666666,299,0.2924998071703766,0.0010578114506298955,0.36789297658862874,0.02720477839762128,0.027840000000000028,-0.014160000000000015,1.118182832533083,-0.17587451761830641,0.35451505016722407,0.9636363636363636,-0.0008470678400842179,0.5555555555555556
breakout55_tp0.030_sl0.012_h20,breakout55,0.03,0.012,20,test,201,0.05007206911709372,0.00043528524784735206,0.3333333333333333,0.028185855743542057,0.028560000000000026,-0.013440000000000002,1.048580942840106,-0.2812349259308755,0.3283582089552239,0.9850746268656716,-0.0018632222148392144,0.5,201,-0.09145031452733554,-0.0002847147521526478,0.3333333333333333,0.027465855743542066,0.027840000000000028,-0.014160000000000006,0.9698395389668806,-0.34233897395308743,0.3283582089552239,0.9850746268656716,-0.0025832222148392146,0.25
breakout55_tp0.030_sl0.018_h5,breakout55,0.03,0.018,5,train,317,-0.05868883138257586,2.4162353202485868e-05,0.45110410094637227,0.021411612021105624,0.028560000000000026,-0.017552879615246653,1.0025078460232768,-0.3693739556609458,0.2744479495268139,0.6293706293706294,-0.0018697631884130803,0.3333333333333333,317,-0.2509100498451159,-0.000695837646797513,0.4479495268138801,0.020841347911663304,0.027840000000000028,-0.018171725357091432,0.9306361850778937,-0.4643021582692102,0.2744479495268139,0.6338028169014085,-0.0025897631884130795,0.3333333333333333
breakout55_tp0.030_sl0.018_h5,breakout55,0.03,0.018,5,test,209,-0.3181089599874841,-0.0015879489582796371,0.3923444976076555,0.02500339899682536,0.028560000000000026,-0.01875716574818995,0.8606805062163474,-0.4073823998278917,0.3157894736842105,0.8292682926829268,-0.0040421157998923995,0.5,209,-0.41358767115434425,-0.0023079489582796355,0.3923444976076555,0.024283398996825363,0.027840000000000028,-0.01947716574818996,0.8049962311908424,-0.45818011767649447,0.3157894736842105,0.8292682926829268,-0.004762115799892397,0.0
breakout55_tp0.030_sl0.018_h10,breakout55,0.03,0.018,10,train,276,0.14767570886198533,0.0007536462990412085,0.44565217391304346,0.02524138300677324,0.028560000000000026,-0.018932573407174736,1.071808453331626,-0.3287234421879124,0.36594202898550726,0.8455284552845529,-0.0014625731753880225,0.4444444444444444,276,-0.05918046207576133,3.364629904120987e-05,0.44565217391304346,0.024521383006773236,0.027840000000000028,-0.019652573407174734,1.00308841408641,-0.3559153220907225,0.36594202898550726,0.8455284552845529,-0.0021825731753880215,0.4444444444444444
breakout55_tp0.030_sl0.018_h10,breakout55,0.03,0.018,10,test,187,-0.1640129904677251,-0.0006948770135352726,0.40106951871657753,0.027072527931961687,0.028560000000000026,-0.019289121396680563,0.9398522919534537,-0.35889529079009397,0.3689839572192513,0.92,-0.0034158067292110704,0.5,187,-0.26947737666963856,-0.001414877013535271,0.40106951871657753,0.02635252793196169,0.027840000000000028,-0.02000912139668056,0.8819368800582773,-0.40878303945865324,0.3689839572192513,0.92,-0.00413580672921107,0.25
breakout55_tp0.030_sl0.018_h20,breakout55,0.03,0.018,20,train,249,0.2507458518759289,0.0011717602974274845,0.43373493975903615,0.02771298521365469,0.028560000000000026,-0.019157688574576334,1.1080129690521594,-0.3166320100577712,0.41365461847389556,0.9537037037037037,-0.0012648623774194011,0.6666666666666666,249,0.045513283361326984,0.000451760297427486,0.43373493975903615,0.02699298521365469,0.027840000000000028,-0.01987768857457633,1.040134921040813,-0.33560799424874044,0.41365461847389556,0.9537037037037037,-0.0019848623774193996,0.4444444444444444
breakout55_tp0.030_sl0.018_h20,breakout55,0.03,0.018,20,test,180,-0.11099997333226042,-0.00038203434284059116,0.4,0.028142068891864595,0.028560000000000026,-0.019398103165977384,0.9671759708005327,-0.39455638069295396,0.3888888888888889,0.9861111111111112,-0.003178872405873596,0.25,180,-0.21919085849451347,-0.0011020343428405897,0.4,0.027422068891864593,0.027840000000000028,-0.02011810316597739,0.9087029284231681,-0.44128996147476296,0.3888888888888889,0.9861111111111112,-0.0038988724058735946,0.25
pullback_rsi10_tp0.022_sl0.012_h5,pullback_rsi10,0.022,0.012,5,train,162,-0.1247378159412531,-0.0006963408946434192,0.3950617283950617,0.018477821163225824,0.02056000000000002,-0.013218242646721293,0.9129162504633629,-0.1999505037135343,0.3395061728395062,0.859375,-0.0026800771494998364,0.2222222222222222,162,-0.22121827912169878,-0.0014163408946434193,0.3950617283950617,0.017757821163225825,0.01984000000000002,-0.01393824264672129,0.8320234284237428,-0.26600601738997465,0.3395061728395062,0.0,-0.003400077149499837,0.1111111111111111
pullback_rsi10_tp0.022_sl0.012_h5,pullback_rsi10,0.022,0.012,5,test,106,0.27187501112590384,0.0024086425361348604,0.4811320754716981,0.019477750992337364,0.02056000000000002,-0.013419076214162004,1.3459337286379385,-0.11598230189049952,0.4339622641509434,0.9019607843137255,-0.00024644461113076537,0.75,106,0.1785765094508942,0.001688642536134861,0.4811320754716981,0.01875775099233736,0.01984000000000002,-0.014139076214162011,1.2301759080091532,-0.1386889071670837,0.4339622641509434,0.0,-0.0009664446111307655,0.75
pullback_rsi10_tp0.022_sl0.012_h10,pullback_rsi10,0.022,0.012,10,train,156,-0.08749053595644252,-0.0004551598361145891,0.391025641025641,0.019568734578528587,0.02056000000000002,-0.013312607828674959,0.9438562021746074,-0.19560121830545407,0.36538461538461536,0.9344262295081968,-0.002578683700357302,0.4444444444444444,156,-0.1845360008765029,-0.0011751598361145889,0.391025641025641,0.018848734578528602,0.01984000000000002,-0.014032607828674945,0.862482000815828,-0.2374771386419371,0.36538461538461536,0.0,-0.0032986837003573027,0.2222222222222222
pullback_rsi10_tp0.022_sl0.012_h10,pullback_rsi10,0.022,0.012,10,test,104,0.24499099875564756,0.0022523076923076915,0.46153846153846156,0.02056000000000002,0.02056000000000002,-0.01344000000000002,1.3112244897959178,-0.12607733797708787,0.46153846153846156,1.0,-0.0003630769230769293,0.75,104,0.1553096278645303,0.0015323076923076907,0.46153846153846156,0.01984000000000002,0.01984000000000002,-0.01416000000000002,1.200968523002421,-0.14791816929662316,0.46153846153846156,0.0,-0.0010830769230769294,0.75
pullback_rsi10_tp0.022_sl0.012_h20,pullback_rsi10,0.022,0.012,20,train,154,-0.10074702102064459,-0.0005548005336024473,0.37662337662337664,0.020560000000000016,0.02056000000000002,-0.013311659189320604,0.9331418788600047,-0.19987694275313317,0.37662337662337664,1.0,-0.0027625927413946526,0.3333333333333333,154,-0.1952327983469876,-0.0012748005336024476,0.37662337662337664,0.01984000000000002,0.01984000000000002,-0.014031659189320603,0.8542586806690436,-0.24151496166468622,0.37662337662337664,0.0,-0.0034825927413946528,0.2222222222222222
pullback_rsi10_tp0.022_sl0.012_h20,pullback_rsi10,0.022,0.012,20,test,104,0.24499099875564756,0.0022523076923076915,0.46153846153846156,0.02056000000000002,0.02056000000000002,-0.01344000000000002,1.3112244897959178,-0.12607733797708787,0.46153846153846156,1.0,-0.0003630769230769293,0.75,104,0.1553096278645303,0.0015323076923076907,0.46153846153846156,0.01984000000000002,0.01984000000000002,-0.01416000000000002,1.200968523002421,-0.14791816929662316,0.46153846153846156,0.0,-0.0010830769230769294,0.75
pullback_rsi10_tp0.022_sl0.018_h5,pullback_rsi10,0.022,0.018,5,train,152,-0.1957849757395389,-0.0012542968467725575,0.45394736842105265,0.018863176227511002,0.02056000000000002,-0.01797846120973119,0.8722345853786024,-0.2483275975629946,0.40131578947368424,0.8840579710144928,-0.003680542317364654,0.3333333333333333,152,-0.2793088958797286,-0.001974296846772556,0.45394736842105265,0.018143176227511017,0.01984000000000002,-0.018698461209731183,0.8066375769091724,-0.3130554892079459,0.40131578947368424,0.0,-0.004400542317364653,0.2222222222222222
pullback_rsi10_tp0.022_sl0.018_h5,pullback_rsi10,0.022,0.018,5,test,102,0.0060673515582503335,0.00024862321068670203,0.5,0.019453917635210892,0.02056000000000002,-0.018956671213837487,1.026230682368455,-0.24577421324033166,0.46078431372549017,0.9215686274509803,-0.0028411760547893327,0.5,102,-0.0652040323849008,-0.00047137678931329655,0.49019607843137253,0.019111704804216062,0.01984000000000002,-0.019301262936937683,0.9520951709152122,-0.27050649144731354,0.46078431372549017,0.0,-0.0035611760547893316,0.25
pullback_rsi10_tp0.022_sl0.018_h10,pullback_rsi10,0.022,0.018,10,train,147,-0.19051525483885978,-0.001247123342567906,0.4557823129251701,0.019756236543314834,0.02056000000000002,-0.018837437246994704,0.8783492089756463,-0.25081539265595665,0.42857142857142855,0.9402985074626866,-0.0038490504755199786,0.3333333333333333,147,-0.27196632945598387,-0.001967123342567905,0.4557823129251701,0.019036236543314843,0.01984000000000002,-0.019557437246994703,0.8151808390680656,-0.31645784241085984,0.42857142857142855,0.0,-0.0045690504755199765,0.1111111111111111
pullback_rsi10_tp0.022_sl0.018_h10,pullback_rsi10,0.022,0.018,10,test,99,-0.01973225637483056,-2.362430030472442e-06,0.48484848484848486,0.02056000000000002,0.02056000000000002,-0.019355174128882702,0.9997630662706506,-0.2196464574836352,0.48484848484848486,1.0,-0.0032783838383838295,0.5,99,-0.08722307984152011,-0.0007223624300304708,0.48484848484848486,0.01984000000000002,0.01984000000000002,-0.020075174128882697,0.9301508946617475,-0.24412761897035518,0.48484848484848486,0.0,-0.003998383838383828,0.5
pullback_rsi10_tp0.022_sl0.018_h20,pullback_rsi10,0.022,0.018,20,train,143,-0.2068952686510862,-0.0014232073986123047,0.44755244755244755,0.02056000000000002,0.02056000000000002,-0.019232388075969133,0.8660496276308768,-0.2751906562480777,0.44755244755244755,1.0,-0.004156046377666016,0.4444444444444444,143,-0.2846508258450797,-0.002143207398612303,0.44755244755244755,0.01984000000000002,0.01984000000000002,-0.01995238807596912,0.8055632905297925,-0.3368052386196906,0.44755244755244755,0.0,-0.004876046377666015,0.1111111111111111
pullback_rsi10_tp0.022_sl0.018_h20,pullback_rsi10,0.022,0.018,20,test,98,-0.004689248544289426,0.00015183673469388546,0.4897959183673469,0.02056000000000002,0.02056000000000002,-0.019440000000000002,1.0153086419753095,-0.2196464574836351,0.4897959183673469,1.0,-0.003113469387755099,0.75,98,-0.07253775339275859,-0.0005681632653061129,0.4897959183673469,0.01984000000000002,0.01984000000000002,-0.020160000000000004,0.9447619047619056,-0.2441276189703554,0.4897959183673469,0.0,-0.0038334693877550975,0.5
pullback_rsi10_tp0.030_sl0.012_h5,pullback_rsi10,0.03,0.012,5,train,162,-0.03430650217348874,-4.9838433602387454e-05,0.35802469135802467,0.023183912718096833,0.028560000000000026,-0.013007122729742339,0.9940315051789004,-0.16203256458198878,0.25925925925925924,0.7413793103448276,-0.002318571950342342,0.6666666666666666,162,-0.14069823837345874,-0.0007698384336023877,0.35802469135802467,0.02246391271809684,0.027840000000000028,-0.013727122729742337,0.9126421880391509,-0.202351481614919,0.25925925925925924,0.7241379310344828,-0.003038571950342341,0.4444444444444444
pullback_rsi10_tp0.030_sl0.012_h5,pullback_rsi10,0.03,0.012,5,test,103,0.21123046767109588,0.0020469836435686234,0.4077669902912621,0.024512583501582818,0.028560000000000026,-0.013421134291457549,1.2575327943800505,-0.14570110545727033,0.3106796116504854,0.7857142857142857,-0.0010840634726480996,0.75,103,0.12476533495122344,0.0013269836435686232,0.39805825242718446,0.024377702126401835,0.027840000000000028,-0.013916233417659797,1.1584124826826934,-0.17059925282465593,0.3106796116504854,0.8048780487804879,-0.0018040634726480995,0.75
pullback_rsi10_tp0.030_sl0.012_h10,pullback_rsi10,0.03,0.012,10,train,154,0.01774703805727662,0.0002951675180227664,0.34415584415584416,0.026063809121371947,0.028560000000000026,-0.01322699094710107,1.0340256832047283,-0.16942038775286272,0.2922077922077922,0.8867924528301887,-0.0022125393921453916,0.5555555555555556,154,-0.08911239430142359,-0.00042483248197723356,0.34415584415584416,0.025343809121371963,0.027840000000000028,-0.013946990947101062,0.9535552592729711,-0.18787126284185984,0.2922077922077922,0.8867924528301887,-0.0029325393921453913,0.3333333333333333
pullback_rsi10_tp0.030_sl0.012_h10,pullback_rsi10,0.03,0.012,10,test,100,0.12741377611685012,0.0013970036292683368,0.36,0.027773898970189857,0.028560000000000026,-0.013440000000000018,1.1624120662746855,-0.19201004855931936,0.34,0.9722222222222222,-0.0017991730907365054,0.75,100,0.04914199586485424,0.0006770036292683365,0.36,0.027053898970189852,0.027840000000000028,-0.014160000000000018,1.0747046730742777,-0.20739554133034233,0.34,0.9722222222222222,-0.0025191730907365055,0.75
pullback_rsi10_tp0.030_sl0.012_h20,pullback_rsi10,0.03,0.012,20,train,149,0.039901836491262666,0.00045476991829008996,0.3288590604026846,0.028560000000000023,0.028560000000000026,-0.013316792821747782,1.050883661503363,-0.15668713718974225,0.3288590604026846,1.0,-0.002164832214765099,0.5555555555555556,149,-0.06591194668068456,-0.0002652300817099096,0.3288590604026846,0.027840000000000028,0.027840000000000028,-0.014036792821747775,0.9718459318473752,-0.18583394249714147,0.3288590604026846,1.0,-0.0028848322147650997,0.3333333333333333
pullback_rsi10_tp0.030_sl0.012_h20,pullback_rsi10,0.03,0.012,20,test,100,0.1562107622635971,0.0016531803492731783,0.36,0.028485500970203304,0.028560000000000026,-0.013440000000000018,1.192194516052034,-0.19201004855931936,0.35,1.0,-0.0016800000000000087,0.75,100,0.0759589752726526,0.0009331803492731782,0.36,0.0277655009702033,0.027840000000000028,-0.014160000000000018,1.1029727609985407,-0.207395541330343,0.35,1.0,-0.002400000000000008,0.75
pullback_rsi10_tp0.030_sl0.018_h5,pullback_rsi10,0.03,0.018,5,train,151,-0.0872991396552627,-0.0003753219374379625,0.41721854304635764,0.023769073847128123,0.028560000000000026,-0.017660514374115963,0.9635334333516739,-0.19632746118571143,0.304635761589404,0.7619047619047619,-0.003165402995271939,0.5555555555555556,151,-0.18143048375969806,-0.001095321937437961,0.41721854304635764,0.02304907384712814,0.027840000000000028,-0.01838051437411596,0.897746448675632,-0.2543224268014329,0.304635761589404,0.746031746031746,-0.003885402995271937,0.4444444444444444
pullback_rsi10_tp0.030_sl0.018_h5,pullback_rsi10,0.03,0.018,5,test,98,-0.1056107340692698,-0.0008960853038880519,0.41836734693877553,0.024283265173772748,0.028560000000000026,-0.019007547928170387,0.9189459946797277,-0.29532671981676173,0.30612244897959184,0.7804878048780488,-0.0045073556781304,0.5,98,-0.16664628358677414,-0.0016160853038880503,0.3979591836734694,0.02478068187322376,0.027840000000000028,-0.019064795810792474,0.8591988549116901,-0.3189591236886482,0.30612244897959184,0.8205128205128205,-0.005227355678130399,0.5
pullback_rsi10_tp0.030_sl0.018_h10,pullback_rsi10,0.03,0.018,10,train,145,-0.03735429646243926,-5.975166538621417e-06,0.41379310344827586,0.026465282042409385,0.028560000000000026,-0.01869156849050193,0.9994546775911658,-0.20149087484667394,0.3586206896551724,0.9,-0.0030884864780800123,0.5555555555555556,145,-0.1328658295848557,-0.0007259751665386198,0.41379310344827586,0.025745282042409397,0.027840000000000028,-0.01941156849050192,0.9362015374554756,-0.22853038817406668,0.3586206896551724,0.9,-0.0038084864780800107,0.4444444444444444
pullback_rsi10_tp0.030_sl0.018_h10,pullback_rsi10,0.03,0.018,10,test,94,-0.10839363628595111,-0.0009559078378018816,0.39361702127659576,0.02740266334647678,0.028560000000000026,-0.019364103167947684,0.9185911475964836,-0.26270766219689745,0.3617021276595745,0.9459459459459459,-0.004768780145737319,0.5,94,-0.1668448782289499,-0.00167590783780188,0.39361702127659576,0.026682663346476773,0.027840000000000028,-0.02008410316794768,0.8623897808795727,-0.2894022678186008,0.3617021276595745,0.9459459459459459,-0.00548878014573732,0.5
pullback_rsi10_tp0.030_sl0.018_h20,pullback_rsi10,0.03,0.018,20,train,139,0.06152629776510876,0.0007067722445930971,0.4172661870503597,0.028560000000000023,0.028560000000000026,-0.01923751429631557,1.0630464027406652,-0.17758527409409086,0.4172661870503597,1.0,-0.0025191366906474736,0.6666666666666666,139,-0.03958794990547598,-1.3227755406901249e-05,0.4172661870503597,0.027840000000000028,0.027840000000000028,-0.01995751429631557,0.9988626097837784,-0.19354173317211276,0.4172661870503597,1.0,-0.003239136690647472,0.5555555555555556
pullback_rsi10_tp0.030_sl0.018_h20,pullback_rsi10,0.03,0.018,20,test,93,-0.048085183990119185,-0.0002577824242869906,0.3978494623655914,0.028487514457495103,0.028560000000000026,-0.01925021072117874,0.9777611289133328,-0.2627076621968978,0.3870967741935484,1.0,-0.004272532966072028,0.75,93,-0.10980745839339612,-0.000977782424286989,0.3978494623655914,0.02776751445749511,0.027840000000000028,-0.019970210721178737,0.9186880267311517,-0.28940226781860057,0.3870967741935484,1.0,-0.004992532966072026,0.75
pullback_rsi20_tp0.022_sl0.012_h5,pullback_rsi20,0.022,0.012,5,train,357,0.24468884071660302,0.0007445001999028416,0.43977591036414565,0.018636876916588645,0.02056000000000002,-0.013301015522695516,1.0999121348711316,-0.2204345929303816,0.3753501400560224,0.8535031847133758,-0.0006802440501663303,0.7777777777777778,357,-0.037405420378355814,2.450019990284145e-05,0.43137254901960786,0.018272436492220153,0.01984000000000002,-0.013818761814958563,1.0031179753314214,-0.25467514940545344,0.3753501400560224,0.0,-0.0014002440501663302,0.3333333333333333
pullback_rsi20_tp0.022_sl0.012_h5,pullback_rsi20,0.022,0.012,5,test,215,0.19491836381195782,0.0009651680910767689,0.4325581395348837,0.019769323731832024,0.02056000000000002,-0.013369147274416996,1.1272265871011165,-0.20269396239101056,0.4,0.9354838709677419,-0.0008838691464777158,0.75,215,0.02360356208804637,0.000245168091076769,0.4325581395348837,0.019049323731832036,0.01984000000000002,-0.014089147274416996,1.0306660518727357,-0.2587634329721705,0.4,0.010752688172043012,-0.0016038691464777158,0.5
pullback_rsi20_tp0.022_sl0.012_h10,pullback_rsi20,0.022,0.012,10,train,336,0.50341094783829,0.0013527580362092356,0.4375,0.020153591185955822,0.02056000000000002,-0.013270112191371447,1.1812270417010347,-0.13782285855467524,0.4226190476190476,0.9659863945578231,-0.00019745502520973407,0.8888888888888888,336,0.180560801685556,0.0006327580362092355,0.4375,0.019433591185955824,0.01984000000000002,-0.01399011219137144,1.080407016047869,-0.15998364801938292,0.4226190476190476,0.0,-0.0009174550252097345,0.6666666666666666
pullback_rsi20_tp0.022_sl0.012_h10,pullback_rsi20,0.022,0.012,10,test,215,0.11408704353573107,0.0006423762759516788,0.413953488372093,0.02057922358797317,0.02056000000000002,-0.013440000000000014,1.0815564173100969,-0.2038336078528903,0.40930232558139534,1.0,-0.0012552981426529719,0.75,215,-0.045687619828146286,-7.76237240483211e-05,0.413953488372093,0.019859223587973176,0.01984000000000002,-0.014160000000000011,0.9906459618697938,-0.26566570163477277,0.40930232558139534,0.011235955056179775,-0.001975298142652972,0.5
pullback_rsi20_tp0.022_sl0.012_h20,pullback_rsi20,0.022,0.012,20,train,330,0.4283887659538159,0.0012218222484801226,0.4303030303030303,0.020560000000000016,0.02056000000000002,-0.01338467371277427,1.160234611270839,-0.16907890752838028,0.4303030303030303,1.0,-0.000323632296974425,0.7777777777777778,330,0.1264655857019763,0.0005018222484801226,0.4303030303030303,0.019840000000000024,0.01984000000000002,-0.014104673712774267,1.0624515121765346,-0.19104065921538027,0.4303030303030303,0.0,-0.001043632296974425,0.5555555555555556
pullback_rsi20_tp0.022_sl0.012_h20,pullback_rsi20,0.022,0.012,20,test,215,0.11408704353573107,0.0006423762759516788,0.413953488372093,0.02057922358797317,0.02056000000000002,-0.013440000000000014,1.0815564173100969,-0.2038336078528903,0.40930232558139534,1.0,-0.0012552981426529719,0.75,215,-0.045687619828146286,-7.76237240483211e-05,0.413953488372093,0.019859223587973176,0.01984000000000002,-0.014160000000000011,0.9906459618697938,-0.26566570163477277,0.40930232558139534,0.011235955056179775,-0.001975298142652972,0.5
pullback_rsi20_tp0.022_sl0.018_h5,pullback_rsi20,0.022,0.018,5,train,320,0.13974047518605226,0.0005878887425626973,0.515625,0.01838609407462579,0.02056000000000002,-0.01835858790124641,1.066111064621412,-0.2229508858509378,0.43125,0.8363636363636363,-0.0011458057943009399,0.5555555555555556,320,-0.09482724351645833,-0.00013211125743730143,0.50625,0.017999451025992236,0.01984000000000002,-0.01872270043411822,0.9857089470286616,-0.30303904215995503,0.43125,0.0,-0.001865805794300939,0.3333333333333333
pullback_rsi20_tp0.022_sl0.018_h5,pullback_rsi20,0.022,0.018,5,test,194,0.08243824668111999,0.0005986759324639781,0.5103092783505154,0.01946256928364526,0.02056000000000002,-0.019059486612451264,1.0641443968281896,-0.17051787076944036,0.4639175257731959,0.9191919191919192,-0.0016857671319613439,0.75,194,-0.058690894446493225,-0.00012132406753602033,0.5103092783505154,0.018742569283645268,0.01984000000000002,-0.01977948661245125,0.9874740673649709,-0.21629202053777175,0.4639175257731959,0.010101010101010102,-0.0024057671319613425,0.5
pullback_rsi20_tp0.022_sl0.018_h10,pullback_rsi20,0.022,0.018,10,train,297,0.08244918320645755,0.00046087803604913976,0.5016835016835017,0.019930199699534704,0.02056000000000002,-0.01913999309813566,1.048321339936767,-0.20802493916448805,0.4781144781144781,0.9530201342281879,-0.0014090166996210012,0.5555555555555556,297,-0.12600029907007293,-0.0002591219639508587,0.4983164983164983,0.019344557868869405,0.01984000000000002,-0.01973123347574548,0.9738229819766178,-0.264786242633533,0.4781144781144781,0.0,-0.0021290166996209997,0.3333333333333333
pullback_rsi20_tp0.022_sl0.018_h10,pullback_rsi20,0.022,0.018,10,test,190,-0.15119896038513325,-0.0006655387615829722,0.47368421052631576,0.020162398668899628,0.02056000000000002,-0.01941068244901732,0.9348542406827293,-0.2586309113456724,0.45789473684210524,0.9777777777777777,-0.0030654665952503054,0.0,190,-0.25986662974597086,-0.0013855387615829705,0.47368421052631576,0.019442398668899633,0.01984000000000002,-0.02013068244901731,0.8692282959768138,-0.33996140341542436,0.45789473684210524,0.011111111111111112,-0.0037854665952503043,0.0
pullback_rsi20_tp0.022_sl0.018_h20,pullback_rsi20,0.022,0.018,20,train,287,0.1887108212328803,0.0008019031725264233,0.5052264808362369,0.02056000000000002,0.02056000000000002,-0.019373618235809294,1.0836574738722842,-0.1740937737114402,0.5052264808362369,1.0,-0.001182160278745649,0.6666666666666666,287,-0.03319818781900963,8.190317252642486e-05,0.5052264808362369,0.01984000000000002,0.01984000000000002,-0.02009361823580929,1.0082382720635743,-0.20095299200316563,0.5052264808362369,0.0,-0.0019021602787456476,0.6666666666666666
pullback_rsi20_tp0.022_sl0.018_h20,pullback_rsi20,0.022,0.018,20,test,185,-0.06915288660995045,-0.00018750865227237144,0.4810810810810811,0.02057922358797317,0.02056000000000002,-0.019440000000000013,0.9814123045961994,-0.23124212497741437,0.4756756756756757,1.0,-0.002575135135135133,0.25,185,-0.18534167900833853,-0.0009075086522723698,0.4810810810810811,0.019859223587973176,0.01984000000000002,-0.02016000000000001,0.9132517460987164,-0.314572537212115,0.4756756756756757,0.011235955056179775,-0.0032951351351351316,0.25
pullback_rsi20_tp0.030_sl0.012_h5,pullback_rsi20,0.03,0.012,5,train,342,0.8973069887239471,0.0020549865417428207,0.4152046783625731,0.023656940979666,0.028560000000000026,-0.013282401109182636,1.2645626312211609,-0.19982890394417763,0.30116959064327486,0.7605633802816901,0.0003699871224090809,0.7777777777777778,342,0.4836774294183639,0.0013349865417428208,0.40350877192982454,0.023609652389567068,0.027840000000000028,-0.01373316976707946,1.1629678880317043,-0.22603307614296475,0.30116959064327486,0.7753623188405797,-0.0003500128775909189,0.6666666666666666
pullback_rsi20_tp0.030_sl0.012_h5,pullback_rsi20,0.03,0.012,5,test,212,0.414877466406965,0.0018273839506743584,0.3915094339622642,0.025556209608951393,0.028560000000000026,-0.013440000000000011,1.2234481113550686,-0.15910078483206336,0.32075471698113206,0.8554216867469879,-0.0003935229890078646,0.75,212,0.21478754660091526,0.0011073839506743582,0.3867924528301887,0.025141496069011737,0.027840000000000028,-0.014052594462430757,1.1285092000794166,-0.18803816062312062,0.32075471698113206,0.8536585365853658,-0.0011135229890078644,0.75
pullback_rsi20_tp0.030_sl0.012_h10,pullback_rsi20,0.03,0.012,10,train,320,1.731133229091689,0.003345358745175514,0.4125,0.02699927143441245,0.028560000000000026,-0.013262707611097234,1.4293412641169947,-0.14850718739827384,0.36875,0.9318181818181818,0.0015231439470535552,0.8888888888888888,320,1.1703982048110948,0.002625358745175514,0.4125,0.026279271434412457,0.027840000000000028,-0.01398270761109723,1.319587297450347,-0.16348521474917854,0.36875,0.9242424242424242,0.0008031439470535553,0.7777777777777778
pullback_rsi20_tp0.030_sl0.012_h10,pullback_rsi20,0.03,0.012,10,test,204,0.20850264521147133,0.0011235075026785745,0.3480392156862745,0.028110608835621515,0.028560000000000026,-0.013283140577313526,1.1297339778746172,-0.17164850561288147,0.3382352941176471,0.9859154929577465,-0.0010685604868685159,0.75,204,0.04347579289540593,0.00040350750267857465,0.3480392156862745,0.027390608835621534,0.027840000000000028,-0.01400314057731353,1.0441982111148473,-0.2215155957211994,0.3382352941176471,0.9859154929577465,-0.0017885604868685169,0.5
pullback_rsi20_tp0.030_sl0.012_h20,pullback_rsi20,0.03,0.012,20,train,300,2.131142991076664,0.004023046793663949,0.4166666666666667,0.02838810156880598,0.028560000000000026,-0.01338056376000893,1.5154230995029803,-0.13428825227429897,0.41333333333333333,0.992,0.002096751307338295,0.7777777777777778,300,1.5246338317960313,0.0033030467936639493,0.4166666666666667,0.027668101568805968,0.027840000000000028,-0.014100563760008926,1.4015701803394955,-0.1547132694094827,0.41333333333333333,0.992,0.0013767513073382953,0.6666666666666666
pullback_rsi20_tp0.030_sl0.012_h20,pullback_rsi20,0.03,0.012,20,test,203,0.2301060738027214,0.0012186743809340403,0.3497536945812808,0.028471421117318478,0.028560000000000026,-0.013440000000000018,1.1394474315304888,-0.17407863716415184,0.3448275862068966,1.0,-0.0010571876880314792,0.75,203,0.06290766219180077,0.0004986743809340403,0.3497536945812808,0.027751421117318494,0.027840000000000028,-0.014160000000000018,1.054159657662221,-0.223241807201908,0.3448275862068966,1.0,-0.0017771876880314792,0.5
pullback_rsi20_tp0.030_sl0.018_h5,pullback_rsi20,0.03,0.018,5,train,298,0.3507004623662935,0.0012422817796074028,0.47315436241610737,0.022880702993809263,0.028560000000000026,-0.01819095001149109,1.1296227845673004,-0.22517843687341244,0.3187919463087248,0.7304964539007093,-0.0008792153026887604,0.6666666666666666,298,0.08997282376389948,0.0005222817796074039,0.46308724832214765,0.022649743956699945,0.027840000000000028,-0.018562654348134915,1.0524035946732222,-0.2572400010550626,0.3187919463087248,0.7318840579710145,-0.0015992153026887592,0.5555555555555556
pullback_rsi20_tp0.030_sl0.018_h5,pullback_rsi20,0.03,0.018,5,test,193,0.30665922557001135,0.0016426404044628216,0.47150259067357514,0.024953429701514446,0.028560000000000026,-0.019154240242906774,1.162268681759785,-0.1884977745221471,0.36787564766839376,0.8241758241758241,-0.0009532293568517456,1.0,193,0.1372588244680717,0.0009226404044628227,0.46632124352331605,0.024504882032820124,0.027840000000000028,-0.019683201795072686,1.0878328163851803,-0.22333295131384534,0.36787564766839376,0.8222222222222222,-0.001673229356851744,0.75
pullback_rsi20_tp0.030_sl0.018_h10,pullback_rsi20,0.03,0.018,10,train,278,0.4982729960200887,0.0017246182808416865,0.45323741007194246,0.026894449899326538,0.028560000000000026,-0.019139847402902335,1.1647994364781582,-0.24578393601400317,0.4064748201438849,0.9285714285714286,-0.0005592434733332695,0.5555555555555556,278,0.2266888006783716,0.001004618280841688,0.44964028776978415,0.026389243973417142,0.027840000000000028,-0.01973445499740624,1.0924973529999538,-0.2988566819473142,0.4064748201438849,0.928,-0.0012792434733332678,0.5555555555555556
pullback_rsi20_tp0.030_sl0.018_h10,pullback_rsi20,0.03,0.018,10,test,179,-0.006659829900153014,0.00022975068413610579,0.41899441340782123,0.027066974256574134,0.028560000000000026,-0.019124016315218248,1.0206774700010404,-0.31270861611933065,0.39106145251396646,0.9466666666666667,-0.0026244451070569666,0.25,179,-0.12684973865473204,-0.0004902493158638928,0.41899441340782123,0.02634697425657414,0.027840000000000028,-0.019844016315218243,0.9574786433265361,-0.3386353152138458,0.39106145251396646,0.9466666666666667,-0.003344445107056965,0.25
pullback_rsi20_tp0.030_sl0.018_h20,pullback_rsi20,0.03,0.018,20,train,259,0.8943138293809243,0.0027528143112580195,0.46332046332046334,0.02838093913417289,0.028560000000000026,-0.019372185535862733,1.2647788316097186,-0.1712080295170021,0.4594594594594595,0.9916666666666667,0.00034354790199160964,0.7777777777777778,259,0.5725787121266848,0.002032814311258021,0.46332046332046334,0.02766093913417289,0.027840000000000028,-0.020092185535862728,1.1885191589206994,-0.19630728346318793,0.4594594594594595,0.9916666666666667,-0.0003764520980083888,0.7777777777777778
pullback_rsi20_tp0.030_sl0.018_h20,pullback_rsi20,0.03,0.018,20,test,175,0.0397354786109827,0.0004991761524064784,0.41714285714285715,0.028359394885905952,0.028560000000000026,-0.019440000000000016,1.0440550243439506,-0.29654971496040927,0.4057142857142857,1.0,-0.002303229817002469,0.25,175,-0.08340142626363978,-0.00022082384759352028,0.41714285714285715,0.02763939488590595,0.027840000000000028,-0.020160000000000008,0.9812071208134597,-0.3225870934186036,0.4057142857142857,0.9863013698630136,-0.003023229817002468,0.25
trendpullback1_tp0.022_sl0.012_h5,trendpullback1,0.022,0.012,5,train,518,0.47507262671862804,0.0008853615941766771,0.4266409266409266,0.01972801009001804,0.02056000000000002,-0.013135599071079014,1.1175558118349511,-0.2269087115143632,0.39575289575289574,0.9276018099547512,-0.0003014313081472791,0.6666666666666666,518,0.0159689726872303,0.00016536159417667676,0.4266409266409266,0.019008010090018033,0.01984000000000002,-0.013855599071079014,1.0208152989634018,-0.26294031999414,0.39575289575289574,0.0,-0.0010214313081472791,0.5555555555555556
trendpullback1_tp0.022_sl0.012_h5,trendpullback1,0.022,0.012,5,test,305,0.06611955931943103,0.0003460602004211483,0.4131147540983607,0.0199310187391147,0.02056000000000002,-0.013440000000000013,1.0438731881519563,-0.3525430236118916,0.38688524590163936,0.9444444444444444,-0.0011716647575284998,0.5,305,-0.14413043184331353,-0.00037393979957885197,0.4131147540983607,0.019211018739114696,0.01984000000000002,-0.014160000000000008,0.9550028253039683,-0.4139933585237985,0.38688524590163936,0.007936507936507936,-0.0018916647575285001,0.5
trendpullback1_tp0.022_sl0.012_h10,trendpullback1,0.022,0.012,10,train,497,0.41125415069786975,0.0008323961915811551,0.42052313883299797,0.02041946796619628,0.02056000000000002,-0.013381832978191626,1.1073441497685192,-0.2261939464077719,0.41448692152917505,0.9856459330143541,-0.00040270499396634856,0.6666666666666666,497,-0.01320362404238995,0.00011239619158115511,0.42052313883299797,0.019699467966196278,0.01984000000000002,-0.014101832978191627,1.013754345529994,-0.2531685230290699,0.41448692152917505,0.0,-0.0011227049939663484,0.4444444444444444
trendpullback1_tp0.022_sl0.012_h10,trendpullback1,0.022,0.012,10,test,300,-0.057778462510331585,-6.0963668901295084e-05,0.3933333333333333,0.02057449914686113,0.02056000000000002,-0.013440000000000011,0.9925230979075138,-0.4475527332502144,0.39,1.0,-0.0016476303355679649,0.5,300,-0.24093292085553641,-0.0007809636689012953,0.3933333333333333,0.01985449914686112,0.01984000000000002,-0.014160000000000004,0.9090887887756921,-0.49860017166850656,0.39,0.00847457627118644,-0.0023676303355679653,0.5
trendpullback1_tp0.022_sl0.012_h20,trendpullback1,0.022,0.012,20,train,492,0.4281593570651039,0.0008648780487804876,0.42073170731707316,0.020560000000000023,0.02056000000000002,-0.013440000000000014,1.11109022556391,-0.22619394640777213,0.42073170731707316,1.0,-0.00037902439024390446,0.7777777777777778,492,0.0022285291860888456,0.00014487804878048736,0.42073170731707316,0.019840000000000014,0.01984000000000002,-0.014160000000000015,1.0176628010704725,-0.25316852302906956,0.42073170731707316,0.0,-0.0010990243902439046,0.4444444444444444
trendpullback1_tp0.022_sl0.012_h20,trendpullback1,0.022,0.012,20,test,300,-0.057778462510331585,-6.0963668901295084e-05,0.3933333333333333,0.02057449914686113,0.02056000000000002,-0.013440000000000011,0.9925230979075138,-0.4475527332502144,0.39,1.0,-0.0016476303355679649,0.5,300,-0.24093292085553641,-0.0007809636689012953,0.3933333333333333,0.01985449914686112,0.01984000000000002,-0.014160000000000004,0.9090887887756921,-0.49860017166850656,0.39,0.00847457627118644,-0.0023676303355679653,0.5
trendpullback1_tp0.022_sl0.018_h5,trendpullback1,0.022,0.018,5,train,474,0.24194038569717358,0.0006425623861808077,0.5021097046413502,0.019385257808052968,0.02056000000000002,-0.018258969437571625,1.0706814380036522,-0.2627525162904152,0.459915611814346,0.9159663865546218,-0.000802363011437583,0.4444444444444444,474,-0.117181055245967,-7.743761381919108e-05,0.4978902953586498,0.018823935648081387,0.01984000000000002,-0.01881997580629204,0.9918052768518307,-0.34363200573647734,0.459915611814346,0.0,-0.0015223630114375812,0.2222222222222222
trendpullback1_tp0.022_sl0.018_h5,trendpullback1,0.022,0.018,5,test,277,0.07898565656710455,0.0004657512361214597,0.5090252707581228,0.01946320778971656,0.02056000000000002,-0.019230141220179343,1.0493301462839917,-0.32564278232057253,0.4548736462093863,0.900709219858156,-0.001390155308395449,0.5,277,-0.11615525075245514,-0.0002542487638785387,0.5090252707581228,0.018743207789716568,0.01984000000000002,-0.019950141220179345,0.9740430454568297,-0.3878519712703997,0.4548736462093863,0.0070921985815602835,-0.002110155308395448,0.25
trendpullback1_tp0.022_sl0.018_h10,trendpullback1,0.022,0.018,10,train,442,0.2350519031759326,0.0006732759021843142,0.504524886877828,0.02014705877178549,0.02056000000000002,-0.019156192499281726,1.0709352383659645,-0.2364131480106546,0.49095022624434387,0.9730941704035875,-0.0008910554572735391,0.4444444444444444,442,-0.10161072658132753,-4.672409781568406e-05,0.504524886877828,0.01942705877178548,0.01984000000000002,-0.01987619249928172,0.9952555498839091,-0.28132410555622034,0.49095022624434387,0.0,-0.0016110554572735375,0.4444444444444444
trendpullback1_tp0.022_sl0.018_h10,trendpullback1,0.022,0.018,10,test,266,0.22560178725643487,0.0009639899600475142,0.5112781954887218,0.02043255474552962,0.02056000000000002,-0.01940312396937992,1.1016574324586943,-0.3160413644248856,0.5037593984962406,0.9926470588235294,-0.0010406484860553077,0.5,266,0.0120231093288512,0.0002439899600475158,0.5112781954887218,0.01971255474552962,0.01984000000000002,-0.020123123969379916,1.0248093186690999,-0.3696856962702857,0.5037593984962406,0.007352941176470588,-0.0017606484860553063,0.5
trendpullback1_tp0.022_sl0.018_h20,trendpullback1,0.022,0.018,20,train,425,0.1705614431434308,0.000570079249902636,0.5011764705882353,0.02048621446576819,0.02056000000000002,-0.019440000000000023,1.0587884543657844,-0.2574995469991843,0.4988235294117647,0.9953051643192489,-0.0010299207500973667,0.4444444444444444,425,-0.13806407458190706,-0.00014992075009736234,0.5011764705882353,0.019766214465768185,0.01984000000000002,-0.020160000000000018,0.9850918316694323,-0.3245098600687373,0.4988235294117647,0.0,-0.001749920750097365,0.4444444444444444
trendpullback1_tp0.022_sl0.018_h20,trendpullback1,0.022,0.018,20,test,263,0.16921966793616572,0.0007946422027741889,0.5057034220532319,0.02057286390473393,0.02056000000000002,-0.019440000000000013,1.0826966205007955,-0.3160413644248856,0.5019011406844106,1.0,-0.0011890494296577948,0.5,263,-0.03247780640992637,7.464220277419027e-05,0.5057034220532319,0.01985286390473394,0.01984000000000002,-0.02016000000000001,1.0074904225158778,-0.36968569627028613,0.5019011406844106,0.007518796992481203,-0.0019090494296577934,0.5
trendpullback1_tp0.030_sl0.012_h5,trendpullback1,0.03,0.012,5,train,483,1.7071883767809917,0.0022503319342264956,0.40372670807453415,0.024995753175466272,0.028560000000000026,-0.013150213697862937,1.2869910914050267,-0.17938454876685261,0.3188405797101449,0.8205128205128205,0.0007682448894052435,0.8888888888888888,483,0.9130101469278775,0.0015303319342264959,0.40165631469979296,0.024401302762711963,0.027840000000000028,-0.013822499694583816,1.185032637740446,-0.2254494582279717,0.3188405797101449,0.8092783505154639,4.8244889405243404e-05,0.6666666666666666
trendpullback1_tp0.030_sl0.012_h5,trendpullback1,0.03,0.012,5,test,278,0.24306813298318675,0.0009696450253188915,0.36330935251798563,0.026140793141333985,0.028560000000000026,-0.013393552487209493,1.1137073450421804,-0.24518792249489707,0.30935251798561153,0.8910891089108911,-0.0009622588208052585,0.75,278,0.01762369312635781,0.0002496450253188916,0.36330935251798563,0.025420793141333976,0.027840000000000028,-0.014113552487209491,1.0277816543164384,-0.3008090573891743,0.30935251798561153,0.8811881188118812,-0.0016822588208052585,0.75
trendpullback1_tp0.030_sl0.012_h10,trendpullback1,0.03,0.012,10,train,444,2.428549818185351,0.002981048982531566,0.40315315315315314,0.027220021817611174,0.028560000000000026,-0.013391691158899564,1.372967322921091,-0.16619306764909392,0.3738738738738739,0.9385474860335196,0.0013922151288705282,0.8888888888888888,444,1.492197426269152,0.0022610489825315664,0.40315315315315314,0.026500021817611172,0.027840000000000028,-0.014111691158899563,1.2684528406710625,-0.19205215035316514,0.3738738738738739,0.9385474860335196,0.0006722151288705283,0.7777777777777778
trendpullback1_tp0.030_sl0.012_h10,trendpullback1,0.03,0.012,10,test,264,0.14001731675395623,0.0006909880033767341,0.3371212121212121,0.02847663857181415,0.028560000000000026,-0.013440000000000013,1.0775598779300413,-0.30957846645424936,0.32954545454545453,1.0,-0.0012462058114283557,0.75,264,-0.057337786702697624,-2.90119966232659e-05,0.3371212121212121,0.027756638571814148,0.027840000000000028,-0.014160000000000006,0.9969091335316619,-0.37583461511007976,0.32954545454545453,1.0,-0.0019662058114283554,0.75
trendpullback1_tp0.030_sl0.012_h20,trendpullback1,0.03,0.012,20,train,429,2.248892770602196,0.0029579622992613663,0.3916083916083916,0.02843336801418529,0.028560000000000026,-0.01344000000000001,1.3617513416755398,-0.16619306764909414,0.38927738927738925,0.9940476190476191,0.0013432167832167828,0.8888888888888888,429,1.3871671688767417,0.0022379622992613657,0.3916083916083916,0.027713368014185287,0.027840000000000028,-0.01416000000000001,1.2597803500181628,-0.18705942988070878,0.38927738927738925,0.9940476190476191,0.0006232167832167832,0.6666666666666666
trendpullback1_tp0.030_sl0.012_h20,trendpullback1,0.03,0.012,20,test,261,0.1927399724490899,0.0008715633522119497,0.34099616858237547,0.028529865560981124,0.028560000000000026,-0.01344000000000001,1.0984037734147107,-0.2817639791583172,0.3371647509578544,1.0,-0.0012101149425287336,0.75,261,-0.011576562523081257,0.00015156335221195005,0.34099616858237547,0.02780986556098113,0.027840000000000028,-0.014160000000000008,1.016242131014042,-0.34553471372419897,0.3371647509578544,1.0,-0.0019301149425287334,0.75
trendpullback1_tp0.030_sl0.018_h5,trendpullback1,0.03,0.018,5,train,442,0.5853557734446277,0.001291500745006857,0.45475113122171945,0.02487589509674094,0.028560000000000026,-0.01837847130768423,1.1288814766056052,-0.24097649025038625,0.3552036199095023,0.8208955223880597,-0.00048295996632526377,0.7777777777777778,442,0.1533922454800114,0.0005715007450068587,0.45475113122171945,0.024155895096740942,0.027840000000000028,-0.019098471307684228,1.0548811775398574,-0.2632141946703217,0.3552036199095023,0.8059701492537313,-0.0012029599663252624,0.5555555555555556
trendpullback1_tp0.030_sl0.018_h5,trendpullback1,0.03,0.018,5,test,253,0.18073107263029664,0.0009133710071978687,0.4505928853754941,0.02536745935398593,0.028560000000000026,-0.01914250001103119,1.0868468931660389,-0.2111300280894105,0.36363636363636365,0.8421052631578947,-0.0014453625626919813,0.5,253,-0.01589105706618532,0.00019337100719787025,0.4505928853754941,0.024647459353985927,0.027840000000000028,-0.019862500011031185,1.0177199776499009,-0.32004933832171445,0.36363636363636365,0.8333333333333334,-0.00216536256269198,0.25
trendpullback1_tp0.030_sl0.018_h10,trendpullback1,0.03,0.018,10,train,387,1.7337132526388372,0.0028721616486861914,0.4806201550387597,0.026639314244680683,0.028560000000000026,-0.01912132284312961,1.2892050367642627,-0.1645543590707682,0.4315245478036176,0.9139784946236559,0.0009394383442755673,0.7777777777777778,387,1.0700428517240548,0.0021521616486861934,0.4806201550387597,0.02591931424468068,0.027840000000000028,-0.019841322843129606,1.2088426387632238,-0.17542456220870895,0.4315245478036176,0.9139784946236559,0.00021943834427556871,0.7777777777777778
trendpullback1_tp0.030_sl0.018_h10,trendpullback1,0.03,0.018,10,test,232,0.0766808154577443,0.0005906378360825197,0.4224137931034483,0.027732847881227807,0.028560000000000026,-0.019259635182008815,1.0530953385600041,-0.25142979045546077,0.39655172413793105,0.9591836734693877,-0.001957916999321057,0.5,232,-0.08899710705761543,-0.00012936216391747844,0.4224137931034483,0.02701284788122781,0.027840000000000028,-0.019979635182008806,0.9887900699082909,-0.3443287230492934,0.39655172413793105,0.9591836734693877,-0.0026779169993210554,0.25
trendpullback1_tp0.030_sl0.018_h20,trendpullback1,0.03,0.018,20,train,367,1.4861197553862104,0.002767424598552801,0.4659400544959128,0.02822154869981802,0.028560000000000026,-0.01944000000000002,1.266556654612013,-0.18180948571452016,0.45776566757493187,0.9824561403508771,0.0006811804733120373,0.7777777777777778,367,0.9097437658576553,0.0020474245985528028,0.4659400544959128,0.02750154869981802,0.027840000000000028,-0.020160000000000015,1.19016359624759,-0.20344650788034957,0.45776566757493187,0.9824561403508771,-3.881952668796084e-05,0.6666666666666666
trendpullback1_tp0.030_sl0.018_h20,trendpullback1,0.03,0.018,20,test,228,0.013889437243189917,0.00033771067950578553,0.41228070175438597,0.028531468456673627,0.028560000000000026,-0.019440000000000016,1.0295582407896162,-0.2636602578219295,0.40789473684210525,1.0,-0.0021886051099679047,0.5,228,-0.13968840640332336,-0.000382289320494213,0.41228070175438597,0.027811468456673615,0.027840000000000028,-0.020160000000000008,0.9677349987145073,-0.3561493358943768,0.40789473684210525,1.0,-0.0029086051099679027,0.25
trendpullback2_tp0.022_sl0.012_h5,trendpullback2,0.022,0.012,5,train,463,0.3581723768862195,0.0007973001644383134,0.4190064794816415,0.020093392979582278,0.02056000000000002,-0.013118841122319785,1.1046056378913898,-0.1665463268555506,0.4017278617710583,0.9587628865979382,-0.00045117268650409056,0.4444444444444444,463,-0.026799097281695494,7.730016443831318e-05,0.4190064794816415,0.01937339297958228,0.01984000000000002,-0.013838841122319784,1.009614117052422,-0.21675416723958907,0.4017278617710583,0.0,-0.0011711726865040906,0.3333333333333333
trendpullback2_tp0.022_sl0.012_h5,trendpullback2,0.022,0.012,5,test,290,0.09561884927208975,0.00045083378548704735,0.41724137931034483,0.019791335423824077,0.02056000000000002,-0.01339650762420988,1.0577478942254743,-0.2619459279609756,0.3931034482758621,0.9504132231404959,-0.001177817564423902,0.75,290,-0.11087579075886467,-0.0002691662145129526,0.41724137931034483,0.019071335423824075,0.01984000000000002,-0.014116507624209877,0.9672806571142202,-0.30682817850221666,0.3931034482758621,0.008264462809917356,-0.0018978175644239021,0.5
trendpullback2_tp0.022_sl0.012_h10,trendpullback2,0.022,0.012,10,train,448,0.5087287925238522,0.0010580695185923477,0.4263392857142857,0.020442806619689734,0.02056000000000002,-0.01334848607016096,1.1381742389594522,-0.1665463268555507,0.421875,0.9895287958115183,-0.00024913107777956614,0.5555555555555556,448,0.0929085903646687,0.0003380695185923475,0.4263392857142857,0.019722806619689733,0.01984000000000002,-0.01406848607016096,1.0418893422363822,-0.1998298892450665,0.421875,0.0,-0.0009691310777795667,0.3333333333333333
trendpullback2_tp0.022_sl0.012_h10,trendpullback2,0.022,0.012,10,test,285,0.007953097070671156,0.00016600315554249521,0.4,0.020575007888856252,0.02056000000000002,-0.013440000000000013,1.0205857087726307,-0.29991088867258153,0.39649122807017545,1.0,-0.0013908771929824586,0.5,285,-0.1791171185882482,-0.0005539968444575052,0.4,0.019855007888856253,0.01984000000000002,-0.01416000000000001,0.9347932151062259,-0.35823982725429493,0.39649122807017545,0.008771929824561403,-0.0021108771929824587,0.5
trendpullback2_tp0.022_sl0.012_h20,trendpullback2,0.022,0.012,20,train,446,0.5639026423153068,0.0011438595112072656,0.4282511210762332,0.020560000000000026,0.02056000000000002,-0.013399210423535542,1.1493097466553173,-0.16654632685555049,0.4282511210762332,1.0,-0.00018286107870987064,0.5555555555555556,446,0.13453827745552416,0.00042385951120726555,0.4282511210762332,0.019840000000000024,0.01984000000000002,-0.014119210423535542,1.0525056694981023,-0.19982988924506595,0.4282511210762332,0.0,-0.0009028610787098702,0.4444444444444444
trendpullback2_tp0.022_sl0.012_h20,trendpullback2,0.022,0.012,20,test,285,0.007953097070671156,0.00016600315554249521,0.4,0.020575007888856252,0.02056000000000002,-0.013440000000000013,1.0205857087726307,-0.29991088867258153,0.39649122807017545,1.0,-0.0013908771929824586,0.5,285,-0.1791171185882482,-0.0005539968444575052,0.4,0.019855007888856253,0.01984000000000002,-0.01416000000000001,0.9347932151062259,-0.35823982725429493,0.39649122807017545,0.008771929824561403,-0.0021108771929824587,0.5
trendpullback2_tp0.022_sl0.018_h5,trendpullback2,0.022,0.018,5,train,425,-0.1548327769350646,-0.0002105611961602354,0.47294117647058825,0.019688232182306368,0.02056000000000002,-0.018066174897373572,0.977886726339701,-0.40946179088106494,0.44,0.9303482587064676,-0.0017251928758256498,0.4444444444444444,425,-0.37780949069591063,-0.0009305611961602341,0.47058823529411764,0.019063513900285715,0.01984000000000002,-0.018703072393001077,0.9060193605134105,-0.5307782190039437,0.44,0.0,-0.0024451928758256482,0.1111111111111111
trendpullback2_tp0.022_sl0.018_h5,trendpullback2,0.022,0.018,5,test,262,0.09051305889014327,0.0005239256139675133,0.5076335877862596,0.019687922920481337,0.02056000000000002,-0.0192343041671669,1.0553228738694538,-0.2510801061737282,0.46946564885496184,0.9323308270676691,-0.0015037668883608128,0.5,262,-0.09700088486297187,-0.000196074386032485,0.5038167938931297,0.019112796888174743,0.01984000000000002,-0.01980200521830444,0.9800441775100851,-0.3327529894535951,0.46946564885496184,0.007575757575757576,-0.0022237668883608114,0.25
trendpullback2_tp0.022_sl0.018_h10,trendpullback2,0.022,0.018,10,train,397,0.4048077363372995,0.00105248633480939,0.5113350125944585,0.020299921877140283,0.02056000000000002,-0.01908787147494922,1.1128360151670602,-0.30135760692192726,0.5012594458438288,0.9802955665024631,-0.0005731677463874925,0.5555555555555556,397,0.05563899702771602,0.00033248633480939104,0.5113350125944585,0.01957992187714028,0.01984000000000002,-0.01980787147494922,1.0343498439122594,-0.35288851336387617,0.5012594458438288,0.0,-0.0012931677463874909,0.4444444444444444
trendpullback2_tp0.022_sl0.018_h10,trendpullback2,0.022,0.018,10,test,254,-0.04463612429764752,1.9320651149708793e-05,0.4881889763779528,0.020420221333806683,0.02056000000000002,-0.019440000000000016,1.00194185081989,-0.3196093724515807,0.48031496062992124,0.9919354838709677,-0.00202118761920616,0.5,254,-0.20441549551811977,-0.0007006793488502899,0.4881889763779528,0.019700221333806674,0.01984000000000002,-0.020160000000000015,0.9320922792246741,-0.39416617278123345,0.48031496062992124,0.008064516129032258,-0.0027411876192061585,0.25
trendpullback2_tp0.022_sl0.018_h20,trendpullback2,0.022,0.018,20,train,389,0.47209159440473303,0.001193120319060739,0.5167095115681234,0.02044486364974898,0.02056000000000002,-0.019389860582366584,1.1273213713126282,-0.30448772092286847,0.5115681233933161,0.9900497512437811,-0.0005199858435044038,0.5555555555555556,389,0.1126295808854505,0.00047312031906074023,0.5167095115681234,0.019724863649748983,0.01984000000000002,-0.020109860582366582,1.048680417293566,-0.35532566851449476,0.5115681233933161,0.0,-0.0012399858435044023,0.4444444444444444
trendpullback2_tp0.022_sl0.018_h20,trendpullback2,0.022,0.018,20,test,252,-0.06530021135053699,-6.813135186662351e-05,0.48412698412698413,0.020574023764996827,0.02056000000000002,-0.019440000000000016,0.993206275454895,-0.31960937245158105,0.4801587301587302,1.0,-0.002138412698412699,0.5,252,-0.2205137186591165,-0.000788131351866622,0.48412698412698413,0.019854023764996828,0.01984000000000002,-0.020160000000000015,0.9242181392435941,-0.3941661727812328,0.4801587301587302,0.00819672131147541,-0.0028584126984126973,0.25
trendpullback2_tp0.030_sl0.012_h5,trendpullback2,0.03,0.012,5,train,442,1.7676319596326016,0.0024967328272529794,0.4004524886877828,0.025864051441554934,0.028560000000000026,-0.013110872435884555,1.3176266067385318,-0.14483901576031877,0.33710407239819007,0.864406779661017,0.0010020293975087486,0.6666666666666666,442,1.0143768660213635,0.0017767328272529793,0.39819004524886875,0.025287374840371715,0.027840000000000028,-0.013779180685186482,1.2142591433589545,-0.16944764506094812,0.33710407239819007,0.8636363636363636,0.0002820293975087485,0.5555555555555556
trendpullback2_tp0.030_sl0.012_h5,trendpullback2,0.03,0.012,5,test,270,0.049489398597618584,0.00036171162641056846,0.34444444444444444,0.026365155402528463,0.028560000000000026,-0.013301114764431037,1.0414825003532724,-0.2214630716187913,0.2962962962962963,0.9139784946236559,-0.001590128789740393,0.5,270,-0.13598634421071298,-0.0003582883735894316,0.34444444444444444,0.025645155402528454,0.027840000000000028,-0.014021114764431037,0.9610201046055329,-0.2824573931185852,0.2962962962962963,0.9032258064516129,-0.0023101287897403927,0.25
trendpullback2_tp0.030_sl0.012_h10,trendpullback2,0.03,0.012,10,train,415,2.5081671628246176,0.003234300855530876,0.40240963855421685,0.027863145870470372,0.028560000000000026,-0.0133504455859808,1.405397504066415,-0.12463676092267273,0.3855421686746988,0.9700598802395209,0.0016507759851158968,0.7777777777777778,415,1.6039468441177371,0.0025143008555308763,0.40240963855421685,0.027143145870470363,0.027840000000000028,-0.014070445585980798,1.2990238356947101,-0.13475095927859748,0.3855421686746988,0.9640718562874252,0.0009307759851158967,0.7777777777777778
trendpullback2_tp0.030_sl0.012_h10,trendpullback2,0.03,0.012,10,test,256,0.0916899888996261,0.0005354843152740047,0.3359375,0.028161441682676126,0.028560000000000026,-0.013440000000000011,1.0599982426077315,-0.24762092094250654,0.328125,0.9883720930232558,-0.0014878586224057304,0.75,256,-0.09210947057873187,-0.0001845156847259953,0.33203125,0.02776601058034838,0.027840000000000028,-0.014078052132277589,0.9803783929092238,-0.2874889347044123,0.328125,1.0,-0.00220785862240573,0.5
trendpullback2_tp0.030_sl0.012_h20,trendpullback2,0.03,0.012,20,train,409,2.8372831017698252,0.0035037652811735973,0.4034229828850856,0.028560000000000026,0.028560000000000026,-0.013440000000000013,1.4369877049180326,-0.12463676092267284,0.4034229828850856,1.0,0.001860733496332518,0.7777777777777778,409,1.860752053147869,0.0027837652811735975,0.4034229828850856,0.027840000000000018,0.027840000000000028,-0.01416000000000001,1.3295359822172825,-0.13475095927859793,0.4034229828850856,1.0,0.001140733496332518,0.7777777777777778
trendpullback2_tp0.030_sl0.012_h20,trendpullback2,0.03,0.012,20,test,253,0.12099456015587173,0.0006458138313423359,0.3359683794466403,0.02848601058034839,0.028560000000000026,-0.013440000000000013,1.0723634581072894,-0.24762092094250632,0.33201581027667987,1.0,-0.0013959972411508616,0.75,253,-0.06570414142524572,-7.418616865766372e-05,0.3359683794466403,0.02776601058034838,0.027840000000000028,-0.014160000000000011,0.9921101103584924,-0.27932310830367735,0.33201581027667987,1.0,-0.0021159972411508615,0.5
trendpullback2_tp0.030_sl0.018_h5,trendpullback2,0.03,0.018,5,train,410,0.7235261669784228,0.0015769521044809707,0.45121951219512196,0.025342520931479724,0.028560000000000026,-0.01796362670882912,1.1599653129483574,-0.28817160899620176,0.36829268292682926,0.8324324324324325,-0.00022344451122185708,0.6666666666666666,410,0.2832359668160189,0.0008569521044809721,0.45121951219512196,0.024622520931479725,0.027840000000000028,-0.01868362670882912,1.0835789106955018,-0.341617519899466,0.36829268292682926,0.8324324324324325,-0.0009434445112218559,0.6666666666666666
trendpullback2_tp0.030_sl0.018_h5,trendpullback2,0.03,0.018,5,test,245,-0.042319305113458605,8.325903403101283e-05,0.42448979591836733,0.02620121614721805,0.028560000000000026,-0.019181049758674323,1.007542337597216,-0.26681403383095215,0.35918367346938773,0.8846153846153846,-0.002294294457625259,0.5,245,-0.19730558997985082,-0.0006367409659689856,0.42448979591836733,0.025481216147218048,0.027840000000000028,-0.019901049758674315,0.9444052504538831,-0.35456518586736063,0.35918367346938773,0.875,-0.0030142944576252583,0.0
trendpullback2_tp0.030_sl0.018_h10,trendpullback2,0.03,0.018,10,train,365,1.9122776897342026,0.0032103359606984357,0.4767123287671233,0.027742099326405232,0.028560000000000026,-0.019137972026908805,1.320563495663336,-0.1747843970979911,0.4520547945205479,0.9655172413793104,0.0011302542680206656,0.7777777777777778,365,1.2405859719169956,0.0024903359606984372,0.4767123287671233,0.02702209932640523,0.027840000000000028,-0.019857972026908803,1.2396528193331005,-0.22262578660131327,0.4520547945205479,0.9597701149425287,0.0004102542680206671,0.5555555555555556
trendpullback2_tp0.030_sl0.018_h10,trendpullback2,0.03,0.018,10,test,226,-0.03798509848788323,9.651243667489058e-05,0.415929203539823,0.027267328605026352,0.028560000000000026,-0.019252402107454183,1.008582876523268,-0.22837019109108259,0.38495575221238937,0.9361702127659575,-0.0024752856379017863,0.5,226,-0.18255794565924988,-0.0006234875633251078,0.41150442477876104,0.02683436347840798,0.027840000000000028,-0.01982333829175502,0.9465549114675732,-0.3221059233613166,0.38495575221238937,0.946236559139785,-0.0031952856379017847,0.25
trendpullback2_tp0.030_sl0.018_h20,trendpullback2,0.03,0.018,20,train,358,2.092961205200308,0.003444284671483028,0.4776536312849162,0.02846978896135044,0.028560000000000026,-0.01944000000000001,1.3391909047971333,-0.16209114439419114,0.4748603351955307,0.9941520467836257,0.0013421229050279398,0.7777777777777778,358,1.3917260710600705,0.0027242846714830298,0.4776536312849162,0.02774978896135044,0.027840000000000028,-0.020160000000000008,1.2587041402446002,-0.20052707596901653,0.4748603351955307,0.9941520467836257,0.0006221229050279416,0.6666666666666666
trendpullback2_tp0.030_sl0.018_h20,trendpullback2,0.03,0.018,20,test,223,0.06626284322289555,0.0005659104705260926,0.4170403587443946,0.02853116166588517,0.028560000000000026,-0.019440000000000016,1.049935911256457,-0.2686192779307861,0.4125560538116592,1.0,-0.0020290759199343665,0.5,223,-0.09195033642093797,-0.00015408952947390569,0.4170403587443946,0.02781116166588516,0.027840000000000028,-0.020160000000000015,0.9868887495907044,-0.35275095162694303,0.4125560538116592,1.0,-0.002749075919934365,0.5
