name,family,lookback,side_n,rebalance,split,cagr,total_return,sharpe,max_drawdown,avg_month,worst_month,positive_month_pct,month_ge_10_pct,annual_turnover,stress_cagr,stress_total_return,stress_sharpe,stress_max_drawdown,stress_avg_month,stress_worst_month,stress_positive_month_pct,stress_month_ge_10_pct,stress_annual_turnover
conventional_reversal_lb30_n1_r1,conventional_reversal,30,1,1,train,-0.5604172936356353,-0.7033412600943818,-1.38477148279298,-0.814244845044002,-0.053454366583023584,-0.40361548940328196,0.3888888888888889,0.05555555555555555,159.6277777777778,-0.5877246666952582,-0.7301777191380802,-1.5110135929997228,-0.8284674609760617,-0.05850253924911272,-0.4055808943731555,0.3333333333333333,0.05555555555555555,159.6277777777778
conventional_reversal_lb30_n1_r1,conventional_reversal,30,1,1,test,-0.040388313559926114,-0.06294601622097129,0.01738294514044388,-0.34018431351176925,0.0010931650010942721,-0.16263316068195544,0.42105263157894735,0.15789473684210525,155.9921875,-0.09846557854644022,-0.15080580754953476,-0.18706122428710778,-0.36536019964478095,-0.00415698551888116,-0.16465518815609737,0.3684210526315789,0.15789473684210525,155.9921875
conventional_reversal_lb30_n1_r3,conventional_reversal,30,1,3,train,-0.49143487261899066,-0.6319971329767433,-1.1084930193350349,-0.7495719778546659,-0.04639481391146076,-0.24874341574650405,0.3333333333333333,0.05555555555555555,92.66527777777779,-0.5100293834136582,-0.6517146824382578,-1.1822827961992266,-0.7602236956135464,-0.04935209908801391,-0.25000418838117555,0.3333333333333333,0.05555555555555555,92.66527777777779
conventional_reversal_lb30_n1_r3,conventional_reversal,30,1,3,test,-0.18367315790024574,-0.2738782118540761,-0.5109918068855938,-0.4168672717759935,-0.01277611408738116,-0.16188855872040797,0.3157894736842105,0.05263157894736842,80.53255208333333,-0.20957813618120458,-0.3098820141633025,-0.6163605705701372,-0.4352819647105657,-0.015447618151217552,-0.16359041871452262,0.3157894736842105,0.05263157894736842,80.53255208333333
conventional_reversal_lb30_n1_r7,conventional_reversal,30,1,7,train,-0.28361338665350233,-0.3892769706693423,-0.37692898374293243,-0.5959779540984544,-0.020078545067417266,-0.21726206784472224,0.4444444444444444,0.16666666666666666,60.19861111111111,-0.300708746121071,-0.4107000482951334,-0.4226345418095292,-0.6070113767325265,-0.022070564738348137,-0.21756861648045933,0.4444444444444444,0.16666666666666666,60.19861111111111
conventional_reversal_lb30_n1_r7,conventional_reversal,30,1,7,test,-0.010325493933957097,-0.01623474760386623,0.11592619880452489,-0.345417923985576,0.002182684948802939,-0.1574316682337944,0.47368421052631576,0.10526315789473684,46.924479166666664,-0.028736377076673314,-0.04494008547770456,0.05370050525298122,-0.3522276559635992,0.0005956738860321115,-0.1581016476710594,0.42105263157894735,0.10526315789473684,46.924479166666664
conventional_reversal_lb30_n2_r1,conventional_reversal,30,2,1,train,-0.4039017922273028,-0.5346057628967563,-1.2292631869771082,-0.673947751844833,-0.03553531306112132,-0.24893829605497386,0.3888888888888889,0.05555555555555555,120.05902777777779,-0.4318932174415864,-0.5665494160339679,-1.3603648889795559,-0.6924358020247346,-0.03937919294659483,-0.25228644596982763,0.3333333333333333,0.05555555555555555,120.05902777777779
conventional_reversal_lb30_n2_r1,conventional_reversal,30,2,1,test,0.05799177634714625,0.09297096439303809,0.3682350343550371,-0.2229655270489146,0.0066166965451671085,-0.08797812730807941,0.3684210526315789,0.10526315789473684,127.13997395833333,0.005507290029103995,0.00869879624111558,0.13231169315227403,-0.25840446679667217,0.002343080448967051,-0.09108545556684433,0.3684210526315789,0.10526315789473684,127.13997395833333
conventional_reversal_lb30_n2_r3,conventional_reversal,30,2,3,train,-0.41825045309224385,-0.5510721933305733,-1.3369428123687441,-0.6497943603802456,-0.03766277986942119,-0.2965799049786425,0.4444444444444444,0.05555555555555555,65.60972222222223,-0.43334293896273746,-0.5681837184572074,-1.4104543275296249,-0.6625572888109559,-0.039763715376061486,-0.29816811375343055,0.4444444444444444,0.05555555555555555,65.60972222222223
conventional_reversal_lb30_n2_r3,conventional_reversal,30,2,3,test,0.10794507553732124,0.17545319976859108,0.5875572672494617,-0.19304221992347748,0.009655325271571646,-0.04407562664777109,0.47368421052631576,0.05263157894736842,70.06966145833333,0.07735189031347289,0.1246773966991761,0.456010549271769,-0.20492738281066758,0.007300499675137251,-0.046567813294991156,0.47368421052631576,0.05263157894736842,70.06966145833333
conventional_reversal_lb30_n2_r7,conventional_reversal,30,2,7,train,-0.27254961628886465,-0.3752810720043379,-0.7562195819085819,-0.5121361262221418,-0.02170741564879527,-0.1751723251132885,0.4444444444444444,0.05555555555555555,37.87777777777778,-0.2835002925614334,-0.3891344241264999,-0.8003680949399304,-0.5221030376856364,-0.022943891912798373,-0.17533048217461145,0.4444444444444444,0.05555555555555555,37.87777777777778
conventional_reversal_lb30_n2_r7,conventional_reversal,30,2,7,test,0.02209710705722867,0.035068648552107895,0.2082526101141144,-0.22784575366576676,0.0035049810731926953,-0.08896802139493143,0.47368421052631576,0.10526315789473684,45.973307291666664,0.003462066621979565,0.0054651367010492,0.12278225335697514,-0.23458059875006043,0.0019637166140865927,-0.08987982767495661,0.42105263157894735,0.10526315789473684,45.973307291666664
conventional_reversal_lb30_n3_r1,conventional_reversal,30,3,1,train,-0.4462824664957221,-0.5826818572480771,-1.9865515096628448,-0.6402250760239961,-0.04256040257804235,-0.24975825767304372,0.3333333333333333,0.05555555555555555,95.37083333333332,-0.46704956785288687,-0.605612612853109,-2.1235110044451053,-0.6585573016979158,-0.045595163134537056,-0.2516905867147917,0.3333333333333333,0.05555555555555555,95.37083333333332
conventional_reversal_lb30_n3_r1,conventional_reversal,30,3,1,test,0.06456186789594942,0.10369372750915695,0.4433089720019613,-0.18439585555030258,0.00669224000318566,-0.08054207457908269,0.42105263157894735,0.10526315789473684,104.84027777777779,0.020835109649258943,0.033053936614422685,0.20444909294687175,-0.20065929621662093,0.0031619331393874196,-0.08263054480589704,0.3684210526315789,0.10526315789473684,104.84027777777779
conventional_reversal_lb30_n3_r3,conventional_reversal,30,3,3,train,-0.31244306699907765,-0.4252609349187163,-1.2097165016079552,-0.5187291378389085,-0.02666044232989706,-0.23178090099650905,0.3888888888888889,0.0,53.43472222222223,-0.3269949170721502,-0.44315344165030723,-1.2868300331248936,-0.5328532725951978,-0.028387717830215122,-0.23304844288729598,0.3888888888888889,0.0,53.43472222222223
conventional_reversal_lb30_n3_r3,conventional_reversal,30,3,3,test,0.005655742888609483,0.008933659781267034,0.12167567302345249,-0.2208018560829078,0.0014547787799788637,-0.059650638555212354,0.3684210526315789,0.0,54.956597222222214,-0.016218727178932246,-0.025457013111257143,0.0016324979633859488,-0.23504250135033722,-0.0003877745388359014,-0.06065702982039678,0.3684210526315789,0.0,54.956597222222214
conventional_reversal_lb30_n3_r7,conventional_reversal,30,3,7,train,-0.2693990884149319,-0.3712768557438332,-1.034966210333008,-0.47854757938621595,-0.022553170731552892,-0.16730540866249577,0.4444444444444444,0.0,32.46666666666667,-0.2788355408873775,-0.3832454886607395,-1.0833319372776917,-0.4878605044362363,-0.02360499073773933,-0.16797248694061617,0.4444444444444444,0.0,32.46666666666667
conventional_reversal_lb30_n3_r7,conventional_reversal,30,3,7,test,0.05382954116563732,0.08619779817206408,0.38691231965958234,-0.17140974382366192,0.005515693825192546,-0.09494258799732502,0.5263157894736842,0.05263157894736842,36.14453125,0.03870066696092711,0.061708785735315796,0.30404526291646544,-0.17318495187172733,0.004301462480922534,-0.09591190266748595,0.47368421052631576,0.05263157894736842,36.14453125
conventional_reversal_lb60_n1_r1,conventional_reversal,60,1,1,train,-0.4632958576638855,-0.6014989309843481,-1.2207994269669076,-0.7014688300180741,-0.044248220156164975,-0.30169124635302913,0.5,0.0,91.3125,-0.4826344767233588,-0.6225434923293709,-1.3047692569602576,-0.7142852858592528,-0.04713837864811082,-0.30197896656329404,0.4444444444444444,0.0,91.3125
conventional_reversal_lb60_n1_r1,conventional_reversal,60,1,1,test,0.034352644941244126,0.054708530386812004,0.2616916517440393,-0.2506014225962664,0.0071650742221033995,-0.16308241335994444,0.5263157894736842,0.15789473684210525,154.72395833333331,-0.027743386615476484,-0.04339980826846623,0.057171171577775015,-0.2655171317528402,0.0018844401824116286,-0.16514337444502925,0.5263157894736842,0.10526315789473684,154.72395833333331
conventional_reversal_lb60_n1_r3,conventional_reversal,60,1,3,train,-0.439732136198981,-0.5753625413365844,-1.1714768291029571,-0.675948376499634,-0.040905548399424466,-0.30169124635302913,0.4444444444444444,0.05555555555555555,54.7875,-0.4519192715816843,-0.5889473431696188,-1.2236391407654488,-0.685181965770861,-0.04263892437384686,-0.30197896656329404,0.3888888888888889,0.05555555555555555,54.7875
conventional_reversal_lb60_n1_r3,conventional_reversal,60,1,3,test,0.09107612009755806,0.14735415475650937,0.4419863376877675,-0.25048818971400033,0.012010802607304916,-0.13137756381841437,0.5263157894736842,0.15789473684210525,81.16666666666666,0.05624149119632138,0.09012086489526339,0.33195823492974563,-0.2582605233653851,0.009196923102179221,-0.13171021372962788,0.5263157894736842,0.15789473684210525,81.16666666666666
conventional_reversal_lb60_n1_r7,conventional_reversal,60,1,7,train,-0.363778523749516,-0.4875555369167043,-0.7938083485051682,-0.6605754069077228,-0.03406202824993062,-0.18372814054027053,0.2777777777777778,0.0,39.230555555555554,-0.37367756137695607,-0.4992994031488983,-0.8292610058385085,-0.666343573979288,-0.035297787241038166,-0.18532303011988238,0.2777777777777778,0.0,39.230555555555554
conventional_reversal_lb60_n1_r7,conventional_reversal,60,1,7,test,0.02773241535921822,0.04408262997539758,0.23818612652847568,-0.29393587433656576,0.006456282665703364,-0.19768312622404882,0.5789473684210527,0.05263157894736842,48.19270833333333,0.008120917922728177,0.012836674721407926,0.17075296230172746,-0.2945091461465791,0.004813276992125304,-0.19833454814128837,0.5789473684210527,0.05263157894736842,48.19270833333333
conventional_reversal_lb60_n2_r1,conventional_reversal,60,2,1,train,-0.5007912854208283,-0.6419625566122875,-1.9830497140866539,-0.725310643278511,-0.05150922692392175,-0.23756324108284144,0.2777777777777778,0.05555555555555555,73.38819444444445,-0.5152644541957873,-0.6572022224423019,-2.07372382672163,-0.734628982307294,-0.05380208232340736,-0.23772431506940817,0.2777777777777778,0.0,73.38819444444445
conventional_reversal_lb60_n2_r1,conventional_reversal,60,2,1,test,-0.10086263379500982,-0.15436377205847407,-0.387205688500721,-0.2620422117277339,-0.0067856549432018885,-0.1334853084219444,0.5263157894736842,0.0,98.921875,-0.1357576319518038,-0.20553615638228262,-0.5712290642824458,-0.28845489964840243,-0.0100794267283548,-0.13470313072401674,0.5263157894736842,0.0,98.921875
conventional_reversal_lb60_n2_r3,conventional_reversal,60,2,3,train,-0.4843704905428696,-0.6244145070084482,-1.8941297230099552,-0.704902888062983,-0.04986435515917294,-0.22790705117456556,0.2777777777777778,0.0,41.93611111111111,-0.49298286916723777,-0.633651994408069,-1.945585020798656,-0.7110849725294768,-0.05117783235779392,-0.2280611943124159,0.2777777777777778,0.0,41.93611111111111
conventional_reversal_lb60_n2_r3,conventional_reversal,60,2,3,test,-0.07072351621907136,-0.10923218649263877,-0.23311040212393702,-0.26818667985739,-0.004135592965087288,-0.11644416977419425,0.5789473684210527,0.0,56.436197916666664,-0.09147540916605335,-0.14039908428839154,-0.3378768984178483,-0.2829869145515256,-0.006012619641731182,-0.11749782575762147,0.5789473684210527,0.0,56.436197916666664
conventional_reversal_lb60_n2_r7,conventional_reversal,60,2,7,train,-0.47657180654461906,-0.615985812854644,-1.9013095594090161,-0.7104489069461785,-0.04837908121576465,-0.22853540827535546,0.2777777777777778,0.0,23.67361111111111,-0.4815060612421821,-0.6213257134000307,-1.9317843238361534,-0.7137909693159992,-0.049125542093616276,-0.2286903040793884,0.2777777777777778,0.0,23.67361111111111
conventional_reversal_lb60_n2_r7,conventional_reversal,60,2,7,test,0.029574075947232714,0.04703466208783458,0.24255267596650976,-0.1990581882902167,0.0038912067532009876,-0.0913882653124044,0.47368421052631576,0.05263157894736842,33.608072916666664,0.015847703408025104,0.025105871672729707,0.18030233376250304,-0.2024052308539389,0.002766402300245619,-0.09212367717323422,0.42105263157894735,0.05263157894736842,33.608072916666664
conventional_reversal_lb60_n3_r1,conventional_reversal,60,3,1,train,-0.46257450439848224,-0.6007068206838897,-2.0848945471616265,-0.649091359764273,-0.04712710090100759,-0.18814623527382768,0.3333333333333333,0.0,62.002314814814824,-0.4757753673296995,-0.6151216326016267,-2.1731662741902884,-0.6614879147451487,-0.04907819592063483,-0.18989606133774595,0.2777777777777778,0.0,62.002314814814824
conventional_reversal_lb60_n3_r1,conventional_reversal,60,3,1,test,-0.08886501940746416,-0.1365009436656086,-0.4480927833900798,-0.21719619388994926,-0.00631313187466821,-0.11529653398073592,0.47368421052631576,0.0,76.51649305555554,-0.11634292877188679,-0.17720929910442673,-0.6238802807829223,-0.22722093371765528,-0.008854363518184903,-0.116958923459202,0.47368421052631576,0.0,76.51649305555554
conventional_reversal_lb60_n3_r3,conventional_reversal,60,3,3,train,-0.3953308678627282,-0.5246786739285234,-1.677702884649984,-0.5801783116451021,-0.037658149534154924,-0.2275084587141738,0.2777777777777778,0.0,40.80879629629629,-0.40516072060003694,-0.5360581694225816,-1.7357634132022957,-0.5900635405399077,-0.03896264881129707,-0.22846682509055538,0.2777777777777778,0.0,40.80879629629629
conventional_reversal_lb60_n3_r3,conventional_reversal,60,3,3,test,-0.061282565107890874,-0.09491898361293527,-0.28911827248322497,-0.21554514505077882,-0.004083007288123935,-0.1162046245448285,0.42105263157894735,0.0,43.542534722222214,-0.0774843602884554,-0.1194307565819035,-0.392127246745882,-0.21888525848109308,-0.00553042173186179,-0.11726549660367536,0.42105263157894735,0.0,43.542534722222214
conventional_reversal_lb60_n3_r7,conventional_reversal,60,3,7,train,-0.3765710802836508,-0.5027154937515566,-1.6218014109044188,-0.5657176270240422,-0.03569006746567982,-0.1690551269871523,0.3888888888888889,0.0,20.74259259259259,-0.3817218232120456,-0.5087777034596126,-1.6529598701921697,-0.5704980170180562,-0.03634379394234999,-0.16994718695859812,0.3888888888888889,0.0,20.74259259259259
conventional_reversal_lb60_n3_r7,conventional_reversal,60,3,7,test,0.007622614980913989,0.012047286645117339,0.13042206820759472,-0.16002912739740716,0.001651971252288378,-0.11463291213699223,0.5263157894736842,0.0,25.998697916666664,-0.002802955522635653,-0.004416690727543582,0.07090586074318748,-0.16181709857712856,0.0007845114429308026,-0.11534491540956471,0.5263157894736842,0.0,25.998697916666664
conventional_reversal_lb90_n1_r1,conventional_reversal,90,1,1,train,-0.2974206278752676,-0.4065987901553403,-0.6403524375055052,-0.636457249796495,-0.020739419212701702,-0.2863243344422858,0.3888888888888889,0.2222222222222222,91.3125,-0.3226216382854785,-0.4377954539347608,-0.7282965224392991,-0.6510282499242259,-0.023707730552980637,-0.28775039273324254,0.3888888888888889,0.2222222222222222,91.3125
conventional_reversal_lb90_n1_r1,conventional_reversal,90,1,1,test,0.05363053573718757,0.0858743445121537,0.3272009441140181,-0.2433374686672245,0.007920280983626363,-0.20301108950955515,0.5263157894736842,0.10526315789473684,99.55598958333333,0.012527848468813607,0.01982772284104306,0.18042985436728537,-0.25208849145330137,0.0045518198356603425,-0.20301108950955515,0.5263157894736842,0.10526315789473684,99.55598958333333
conventional_reversal_lb90_n1_r3,conventional_reversal,90,1,3,train,-0.43280456423805,-0.5675770302051433,-1.1392129929750847,-0.6996331024090148,-0.038246545794427315,-0.29413486054155047,0.3888888888888889,0.1111111111111111,55.46388888888889,-0.44527236717452234,-0.5815558633832305,-1.192062747747936,-0.7073711888574408,-0.040014561302308224,-0.294702423055207,0.3888888888888889,0.1111111111111111,55.46388888888889
conventional_reversal_lb90_n1_r3,conventional_reversal,90,1,3,test,0.08185794040416106,0.1321045448275453,0.42000575071020657,-0.23762331358308664,0.010766804987208663,-0.20301108950955515,0.5789473684210527,0.21052631578947367,56.436197916666664,0.05769925948374399,0.09249445128153577,0.33907675146183824,-0.24279474536852375,0.008819692869058909,-0.20301108950955515,0.5789473684210527,0.21052631578947367,56.436197916666664
conventional_reversal_lb90_n1_r7,conventional_reversal,90,1,7,train,-0.4281248059971532,-0.5622918707772426,-1.0162955964592262,-0.6833057859986192,-0.04017822971540535,-0.2387996276011617,0.3333333333333333,0.0,33.81944444444444,-0.43581267668202495,-0.5709633017487237,-1.0464855205121215,-0.6887184718675288,-0.041230980545463376,-0.23940286427794522,0.3333333333333333,0.0,33.81944444444444
conventional_reversal_lb90_n1_r7,conventional_reversal,90,1,7,test,-0.11456665369614816,-0.1745995436532346,-0.27861520920039096,-0.2526206150434521,-0.006558686200010018,-0.20301108950955515,0.47368421052631576,0.15789473684210525,32.97395833333333,-0.1261940020321185,-0.19162780208727026,-0.32429134041024943,-0.2529170162086323,-0.00767510685652471,-0.20301108950955515,0.47368421052631576,0.15789473684210525,32.97395833333333
conventional_reversal_lb90_n2_r1,conventional_reversal,90,2,1,train,-0.4833118010969949,-0.6232738466569538,-1.8029895707294648,-0.7327748480117354,-0.04704184652042344,-0.288407498306658,0.3333333333333333,0.05555555555555555,58.169444444444444,-0.49521965340296015,-0.6360389255877589,-1.8724852823933498,-0.7396600361918718,-0.04889358854741136,-0.29001339363000067,0.3333333333333333,0.05555555555555555,58.169444444444444
conventional_reversal_lb90_n2_r1,conventional_reversal,90,2,1,test,-0.03838701684050161,-0.059862303055246646,-0.08748046180895036,-0.21090475861946378,-0.00167597580439545,-0.10432260945159655,0.47368421052631576,0.05263157894736842,72.60611979166666,-0.065920365276949,-0.10196067459487845,-0.22829175397750517,-0.2142376239424466,-0.004097497005098386,-0.10577226588567612,0.47368421052631576,0.0,72.60611979166666
conventional_reversal_lb90_n2_r3,conventional_reversal,90,2,3,train,-0.475431256952225,-0.6147480595275621,-1.7969579220506642,-0.7157245573455575,-0.04686939146618854,-0.24824699116789972,0.3333333333333333,0.0,33.143055555555556,-0.48236037767073336,-0.6222478030793415,-1.837080602484022,-0.719979162301146,-0.04793744846452122,-0.24887071965649443,0.3333333333333333,0.0,33.143055555555556
conventional_reversal_lb90_n2_r3,conventional_reversal,90,2,3,test,-0.014004910999342535,-0.02199636025866314,0.04027213223716755,-0.18340340212185435,0.00030878035342929433,-0.08971083438387051,0.47368421052631576,0.05263157894736842,38.68098958333333,-0.02917663693447059,-0.045622703956119115,-0.031938771428298283,-0.1856545191623934,-0.0009814433413040465,-0.09080916670449346,0.47368421052631576,0.05263157894736842,38.68098958333333
conventional_reversal_lb90_n2_r7,conventional_reversal,90,2,7,train,-0.43296664573051535,-0.5677597069647933,-1.6765254315089928,-0.6415137880779962,-0.042887358297457684,-0.16162833269034838,0.3333333333333333,0.0,20.62986111111111,-0.4376220304316034,-0.5729959612856965,-1.7035944890414543,-0.6451531499215977,-0.04353859601963832,-0.1623127939089437,0.3333333333333333,0.0,20.62986111111111
conventional_reversal_lb90_n2_r7,conventional_reversal,90,2,7,test,0.06563029093939177,0.10544107341347853,0.3970815949905219,-0.1689506296779647,0.006779605282451286,-0.05290839348701626,0.5263157894736842,0.05263157894736842,25.364583333333332,0.05485588371001637,0.08786652455610833,0.3510022494309587,-0.16996257095689105,0.0059234090549510985,-0.05385837881143618,0.47368421052631576,0.05263157894736842,25.364583333333332
conventional_reversal_lb90_n3_r1,conventional_reversal,90,3,1,train,-0.3484956856234841,-0.46925245482466216,-1.4798700145045922,-0.574625896561886,-0.0318884056876972,-0.19432260046835592,0.4444444444444444,0.0,47.79814814814815,-0.36085961358404417,-0.48407586140167913,-1.551542574624596,-0.5853564343851991,-0.0333948562507077,-0.19596107969538545,0.4444444444444444,0.0,47.79814814814815
conventional_reversal_lb90_n3_r1,conventional_reversal,90,3,1,test,0.09910012064065565,0.1606889135450702,0.5762633889822989,-0.11012401129357807,0.008803904680680333,-0.06295904547438869,0.5789473684210527,0.0,69.54123263888889,0.06893218277854962,0.11084752138621279,0.43494128850130953,-0.1125019970726342,0.006463392846074147,-0.06421088787715445,0.5789473684210527,0.0,69.54123263888889
conventional_reversal_lb90_n3_r3,conventional_reversal,90,3,3,train,-0.3592378048479621,-0.48213918890406404,-1.5724572718391376,-0.5839706291888042,-0.03269799457131917,-0.2060373031946926,0.3333333333333333,0.0,28.18287037037037,-0.3664324618172641,-0.4907127136437228,-1.6155684006690367,-0.5899330125849145,-0.0335885715649388,-0.2070103224884423,0.3333333333333333,0.0,28.18287037037037
conventional_reversal_lb90_n3_r3,conventional_reversal,90,3,3,test,0.14550201215060987,0.23890095201833805,0.7735908281854624,-0.10567854565465051,0.012241921252339647,-0.07167779444204248,0.631578947368421,0.0,38.25824652777777,0.12808860332044114,0.20933146403899605,0.6972731194517824,-0.10591903724306306,0.01094962834809373,-0.07242148224357803,0.631578947368421,0.0,38.25824652777777
conventional_reversal_lb90_n3_r7,conventional_reversal,90,3,7,train,-0.28784128318186597,-0.394598182128573,-1.163714231714413,-0.48798060799055465,-0.025926533253799525,-0.14859585670262532,0.4444444444444444,0.0,19.16435185185185,-0.29327776920306037,-0.40141833114817294,-1.1931839770019907,-0.4932132219490666,-0.026536142091350086,-0.14952085787554314,0.4444444444444444,0.0,19.16435185185185
conventional_reversal_lb90_n3_r7,conventional_reversal,90,3,7,test,0.1508602080453867,0.24805212727139825,0.8530563009266496,-0.1287019837364215,0.012751037189342498,-0.06856349500325021,0.5789473684210527,0.05263157894736842,24.51909722222222,0.1396197413349194,0.22888312195682303,0.7996631380892901,-0.12987943943743885,0.01192504576953007,-0.06893602069165339,0.5789473684210527,0.05263157894736842,24.51909722222222
conventional_reversal_lb180_n1_r1,conventional_reversal,180,1,1,train,-0.5646568693136602,-0.7075615048541783,-1.7732031479437795,-0.7743438044018767,-0.05814219162166481,-0.3684469738168116,0.3333333333333333,0.1111111111111111,66.9625,-0.5762443961393081,-0.7189958156464109,-1.8359290304418219,-0.7827370693860992,-0.06024987413970995,-0.37078044008914357,0.3333333333333333,0.05555555555555555,66.9625
conventional_reversal_lb180_n1_r1,conventional_reversal,180,1,1,test,-0.2321322199442417,-0.3406796386384653,-0.7819392817868354,-0.3733962992666372,-0.018155939533659383,-0.1929766742266339,0.3684210526315789,0.15789473684210525,43.75390625,-0.2454664168097903,-0.3586444451145554,-0.8432226151532295,-0.3897421044489521,-0.019621930107932766,-0.1929766742266339,0.3157894736842105,0.15789473684210525,43.75390625
conventional_reversal_lb180_n1_r3,conventional_reversal,180,1,3,train,-0.5280738516632605,-0.6705097824493257,-1.626396770197073,-0.7195630495415726,-0.052858610707384845,-0.28692020971114385,0.3333333333333333,0.1111111111111111,40.583333333333336,-0.5357499682106208,-0.67840230085214,-1.6648359179734098,-0.725832622003926,-0.05414183483219017,-0.2895622067226781,0.3333333333333333,0.1111111111111111,40.583333333333336
conventional_reversal_lb180_n1_r3,conventional_reversal,180,1,3,test,-0.21310226060644855,-0.3147280715454498,-0.7039982327077786,-0.34816683301116236,-0.016148100482716043,-0.1929766742266339,0.42105263157894735,0.15789473684210525,24.096354166666664,-0.22065435310776083,-0.32507087830620096,-0.7380481895777776,-0.3577463503753596,-0.01693939831845582,-0.1929766742266339,0.3684210526315789,0.15789473684210525,24.096354166666664
conventional_reversal_lb180_n1_r7,conventional_reversal,180,1,7,train,-0.453682154229586,-0.5909005371893565,-1.1908648974794704,-0.6635950377520119,-0.04192105516169902,-0.23182632388908486,0.4444444444444444,0.1111111111111111,30.4375,-0.46034579890617344,-0.5982562899093755,-1.2187845366671417,-0.6691230659513363,-0.04289249991520526,-0.23273932809917053,0.4444444444444444,0.1111111111111111,30.4375
conventional_reversal_lb180_n1_r7,conventional_reversal,180,1,7,test,-0.15845460794445343,-0.2381891799102165,-0.45750850847264457,-0.37094239685712094,-0.010114630331213409,-0.1929766742266339,0.3684210526315789,0.15789473684210525,18.389322916666664,-0.16464524802248182,-0.24700806662867802,-0.48299911108816707,-0.3744612605945291,-0.01073477518546131,-0.1929766742266339,0.3684210526315789,0.15789473684210525,18.389322916666664
conventional_reversal_lb180_n2_r1,conventional_reversal,180,2,1,train,-0.35197827069814924,-0.4734415453542926,-1.295172780575265,-0.5791803950517176,-0.031884207755016714,-0.20209433898084805,0.4444444444444444,0.05555555555555555,33.81944444444444,-0.3606837696365436,-0.48386599199841374,-1.3405631488225718,-0.5866122011274362,-0.032957985868031586,-0.2040143701019289,0.3333333333333333,0.05555555555555555,33.81944444444444
conventional_reversal_lb180_n2_r1,conventional_reversal,180,2,1,test,-0.14443698671906635,-0.21808189876410755,-0.6005208304970855,-0.3221960858437334,-0.01172954961467818,-0.09835010719555881,0.3684210526315789,0.0,41.217447916666664,-0.15844442840015682,-0.23817464769900298,-0.6754148616623524,-0.33603782754761535,-0.013090549103877256,-0.09962261453607024,0.3684210526315789,0.0,41.217447916666664
conventional_reversal_lb180_n2_r3,conventional_reversal,180,2,3,train,-0.26090366396869014,-0.36043829023910956,-0.8370668625385344,-0.4873865400499027,-0.02209720335595668,-0.19555936532142737,0.3888888888888889,0.05555555555555555,20.62986111111111,-0.26699570807012607,-0.3682166775886163,-0.8639376472134808,-0.49280665312810035,-0.02275837832971723,-0.1968709174908716,0.3888888888888889,0.05555555555555555,20.62986111111111
conventional_reversal_lb180_n2_r3,conventional_reversal,180,2,3,test,-0.1390650109314182,-0.21032548668567974,-0.581310603062111,-0.30003369550580294,-0.011152116267985221,-0.09031688565070062,0.42105263157894735,0.0,23.779296875,-0.1472209648926186,-0.2220905591758725,-0.6250924836389247,-0.3089377400579353,-0.011939083012014021,-0.0912299588276857,0.42105263157894735,0.0,23.779296875
conventional_reversal_lb180_n2_r7,conventional_reversal,180,2,7,train,-0.1340884143340002,-0.19172632959686753,-0.3098789438766265,-0.4282225691219915,-0.010373465790603005,-0.10560342374173803,0.5555555555555556,0.05555555555555555,15.895138888888889,-0.13960695879019758,-0.19933046089571516,-0.33027655677382384,-0.43005714902888525,-0.010895879985666736,-0.10560342374173803,0.5555555555555556,0.05555555555555555,15.895138888888889
conventional_reversal_lb180_n2_r7,conventional_reversal,180,2,7,test,-0.08265274418067847,-0.1271981215649176,-0.29886478728524535,-0.2841929229232685,-0.0060576994959498495,-0.07539602687653402,0.47368421052631576,0.0,13.950520833333332,-0.08776228672913122,-0.13485227554703327,-0.32502820390273546,-0.2890484790201605,-0.006521330969672095,-0.07576875462913324,0.47368421052631576,0.0,13.950520833333332
conventional_reversal_lb180_n3_r1,conventional_reversal,180,3,1,train,-0.2660969727890483,-0.3670711005464128,-1.105122247510812,-0.4722478027607776,-0.022301775894432625,-0.19822306604966322,0.3333333333333333,0.05555555555555555,33.59398148148148,-0.2759160421477471,-0.3795505270174243,-1.1582870333391644,-0.4816246575947235,-0.023387926094982858,-0.1993048153265291,0.3333333333333333,0.05555555555555555,33.59398148148148
conventional_reversal_lb180_n3_r1,conventional_reversal,180,3,1,test,-0.04778129489919525,-0.07430536771773344,-0.13115900174780412,-0.18754222128728348,-0.002939329816861017,-0.08130334750230084,0.47368421052631576,0.0,44.59939236111111,-0.06464287966824644,-0.10002304384683303,-0.21707217479702415,-0.2025931840219749,-0.004424745003003377,-0.0830286426788136,0.42105263157894735,0.0,44.59939236111111
conventional_reversal_lb180_n3_r3,conventional_reversal,180,3,3,train,-0.21334182609497743,-0.29866421017402633,-0.8243343987836617,-0.40969007664121826,-0.01684092575296009,-0.21294824986755678,0.4444444444444444,0.05555555555555555,18.487962962962964,-0.21914157911592402,-0.3062952787651483,-0.8536807078099077,-0.41549264001087804,-0.01744004981138047,-0.2135857414887744,0.4444444444444444,0.05555555555555555,18.487962962962964
conventional_reversal_lb180_n3_r3,conventional_reversal,180,3,3,test,0.03486442763066866,0.05553161345032609,0.2784660394314563,-0.14293903281220854,0.0038396661618101784,-0.07584680328293025,0.5263157894736842,0.0,25.575954861111107,0.02432989473305258,0.038636692686502494,0.2224771303250385,-0.14946754471554569,0.002982855970501665,-0.07671691389701774,0.5263157894736842,0.0,25.575954861111107
conventional_reversal_lb180_n3_r7,conventional_reversal,180,3,7,train,-0.15460621678853625,-0.21988033864861634,-0.5502208598173502,-0.341522472823925,-0.012178846296507506,-0.1324436938024781,0.3888888888888889,0.05555555555555555,13.527777777777779,-0.15917666882294468,-0.22610767467810233,-0.5718975200377939,-0.34643490169850333,-0.012613606369020362,-0.13314116150259037,0.3888888888888889,0.05555555555555555,13.527777777777779
conventional_reversal_lb180_n3_r7,conventional_reversal,180,3,7,test,-0.07603042613795541,-0.11724115976517357,-0.2812818958140013,-0.1840948784735542,-0.005601779136131381,-0.07438220211833368,0.47368421052631576,0.0,13.527777777777777,-0.08102695956868777,-0.12475750746131509,-0.30757122778409035,-0.18833700168933531,-0.006052501231034677,-0.07475299358167897,0.47368421052631576,0.0,13.527777777777777
past_trough_reversal_lb30_n1_r1,past_trough_reversal,30,1,1,train,-0.5584784426153049,-0.7014047393052519,-1.3884537378274782,-0.7992590328266624,-0.051075155391154474,-0.4204210129501852,0.5,0.1111111111111111,149.48194444444445,-0.58424045224005,-0.7267996019593073,-1.507068438674055,-0.8141848169969386,-0.05585630836995323,-0.42229884337839874,0.5,0.1111111111111111,149.48194444444445
past_trough_reversal_lb30_n1_r1,past_trough_reversal,30,1,1,test,-0.12682844616464284,-0.1925532052935086,-0.316222527624205,-0.3394412428027661,-0.008155337609967806,-0.16091691478301606,0.3684210526315789,0.05263157894736842,175.015625,-0.1859501381697305,-0.27706965531991423,-0.5550296013745606,-0.3771010879185668,-0.014035027885591873,-0.1619411176290657,0.3157894736842105,0.05263157894736842,175.015625
past_trough_reversal_lb30_n1_r3,past_trough_reversal,30,1,3,train,-0.49073503220202974,-0.6312481876950635,-1.0956336298840799,-0.7471337549318904,-0.04207615150993611,-0.3995264722609071,0.5,0.1111111111111111,90.63611111111112,-0.50893324359615,-0.6505621135590319,-1.167564329558872,-0.7584449784861478,-0.04501431656383517,-0.40025387971519655,0.5,0.1111111111111111,90.63611111111112
past_trough_reversal_lb30_n1_r3,past_trough_reversal,30,1,3,test,-0.17221224359165244,-0.25773652206178466,-0.5106312662571671,-0.39298505311186205,-0.013151326755599274,-0.1752268382998856,0.3684210526315789,0.05263157894736842,90.04427083333333,-0.20154311961251092,-0.2987863465927364,-0.6354216439372098,-0.4057768263767604,-0.01615857763489831,-0.17622195987517797,0.3684210526315789,0.05263157894736842,90.04427083333333
past_trough_reversal_lb30_n1_r7,past_trough_reversal,30,1,7,train,-0.469002405623388,-0.6077472536716249,-1.0177513481477058,-0.7401927577385865,-0.04024843531696526,-0.38058686949698695,0.4444444444444444,0.1111111111111111,59.522222222222226,-0.4815180236894048,-0.6213386298541332,-1.065373082769932,-0.7476906212720296,-0.042168592405954226,-0.380841812815511,0.3888888888888889,0.1111111111111111,59.522222222222226
past_trough_reversal_lb30_n1_r7,past_trough_reversal,30,1,7,test,0.04472086732388303,0.07142916478342598,0.2956721085415692,-0.34259117012142326,0.007580513193535506,-0.15095101218429352,0.47368421052631576,0.10526315789473684,55.16796875,0.021879975188333844,0.03472190674707276,0.2233540976132698,-0.3484173241965556,0.005696162184039724,-0.15128422519534457,0.47368421052631576,0.10526315789473684,55.16796875
past_trough_reversal_lb30_n2_r1,past_trough_reversal,30,2,1,train,-0.44174266335769585,-0.5776134758416896,-1.4772894870553108,-0.7063302279853408,-0.03726749566583645,-0.35124129628319023,0.4444444444444444,0.1111111111111111,120.05902777777779,-0.46795576369754854,-0.6066036388813418,-1.6138192009710377,-0.723803125205226,-0.04114228669773078,-0.3530876831521159,0.4444444444444444,0.1111111111111111,120.05902777777779
past_trough_reversal_lb30_n2_r1,past_trough_reversal,30,2,1,test,-0.09691166210984004,-0.1484964005526217,-0.3369454201972675,-0.22281900869627347,-0.007499532981487732,-0.1140402234580209,0.47368421052631576,0.0,155.041015625,-0.15128557078833627,-0.2279296499082517,-0.6109179962315492,-0.28303360511117637,-0.012612193948477854,-0.11617384165767108,0.47368421052631576,0.0,155.041015625
past_trough_reversal_lb30_n2_r3,past_trough_reversal,30,2,3,train,-0.43975124792963227,-0.5753839565593697,-1.5003409104214154,-0.6811039819121918,-0.0381489356039534,-0.3281717811901862,0.4444444444444444,0.05555555555555555,74.06458333333333,-0.45614574586729517,-0.5936250362511388,-1.5857008769738683,-0.6930316818672068,-0.04053645750656873,-0.3294102438498887,0.4444444444444444,0.05555555555555555,74.06458333333333
past_trough_reversal_lb30_n2_r3,past_trough_reversal,30,2,3,test,-0.0762625300084433,-0.11759083716982621,-0.22865835964766262,-0.31512046036316277,-0.005392180060948396,-0.08150371113982402,0.3157894736842105,0.05263157894736842,82.751953125,-0.10637991734306895,-0.1625323210218904,-0.3725654841143046,-0.330594290590547,-0.008139685133685797,-0.08298090028024496,0.3157894736842105,0.05263157894736842,82.751953125
past_trough_reversal_lb30_n2_r7,past_trough_reversal,30,2,7,train,-0.2945266922621843,-0.40298158744219337,-0.8535102103338844,-0.5577745260739043,-0.021659254499829597,-0.2997015751787383,0.5555555555555556,0.05555555555555555,42.612500000000004,-0.3064791482590409,-0.4178751580368575,-0.9033688371362706,-0.5672553890869737,-0.023052940096424595,-0.30027866496627575,0.5555555555555556,0.05555555555555555,42.612500000000004
past_trough_reversal_lb30_n2_r7,past_trough_reversal,30,2,7,test,-0.08277434495472746,-0.12738056737541603,-0.2863821096444559,-0.27005880455288633,-0.006303702293717543,-0.12406192860937792,0.42105263157894735,0.0,48.826822916666664,-0.10055045651970174,-0.15390071492817936,-0.37571173870881414,-0.27749022569150117,-0.00791911317510147,-0.1253039581085874,0.42105263157894735,0.0,48.826822916666664
past_trough_reversal_lb30_n3_r1,past_trough_reversal,30,3,1,train,-0.43388982610245286,-0.5687997169634034,-1.8687380932467372,-0.6547827158337418,-0.04023442961009415,-0.29228888288808874,0.4444444444444444,0.05555555555555555,97.17453703703704,-0.45551586979272796,-0.5929290136458081,-2.005808352071866,-0.6717463709670577,-0.04334150971096076,-0.29390239914295213,0.4444444444444444,0.05555555555555555,97.17453703703704
past_trough_reversal_lb30_n3_r1,past_trough_reversal,30,3,1,test,-0.1532934275183746,-0.23080813279058365,-0.7793056748820684,-0.29571804239547594,-0.012820853048531568,-0.09186934926016077,0.3684210526315789,0.0,120.05902777777776,-0.19305217720160517,-0.28699087169180615,-1.0307886160008823,-0.33158140441676165,-0.016784672366692833,-0.09345476197573144,0.3684210526315789,0.0,120.05902777777776
past_trough_reversal_lb30_n3_r3,past_trough_reversal,30,3,3,train,-0.39328738204970526,-0.5223018587119641,-1.680146018132076,-0.6148849223295808,-0.03549844572204884,-0.2929864807028363,0.4444444444444444,0.0,57.94398148148148,-0.4072156811936861,-0.5384257875271006,-1.7642382178837517,-0.6261990154535668,-0.03735982387015648,-0.29375070338124054,0.4444444444444444,0.0,57.94398148148148
past_trough_reversal_lb30_n3_r3,past_trough_reversal,30,3,3,test,-0.144001296403644,-0.2174538646610148,-0.7176586767389416,-0.3130057241596037,-0.012114581523791202,-0.08183163542204064,0.2631578947368421,0.0,66.15928819444444,-0.1663770915240549,-0.24946843631424165,-0.8560922869474465,-0.3236911462093255,-0.014301799882603968,-0.08306132895562568,0.2631578947368421,0.0,66.15928819444444
past_trough_reversal_lb30_n3_r7,past_trough_reversal,30,3,7,train,-0.20013547655210262,-0.28118741239544975,-0.650917863172505,-0.44397672334816796,-0.013944619055900312,-0.2035408845553902,0.6111111111111112,0.0,38.3287037037037,-0.21233022680604674,-0.297330426056292,-0.7050847618249448,-0.44582698362850803,-0.015209117645827712,-0.20418633769230543,0.6111111111111112,0.0,38.3287037037037
past_trough_reversal_lb30_n3_r7,past_trough_reversal,30,3,7,test,-0.10084118958443,-0.1543319665132904,-0.5186041935055555,-0.22750833458656972,-0.007986612705189954,-0.10438014207946145,0.5263157894736842,0.0,40.16059027777777,-0.11519742632794239,-0.1755266395412466,-0.6098556774357818,-0.2308086274399802,-0.009312614320372307,-0.10522602460064667,0.5263157894736842,0.0,40.16059027777777
past_trough_reversal_lb60_n1_r1,past_trough_reversal,60,1,1,train,-0.5834327435860822,-0.7260145487626036,-1.7874855007062964,-0.7699993449276141,-0.06182837271765698,-0.3663774757457058,0.3333333333333333,0.0,87.93055555555556,-0.5979147469585238,-0.7399790468265517,-1.8671816836345594,-0.7816350858657677,-0.06465069074236537,-0.3666615436696017,0.3333333333333333,0.0,87.93055555555556
past_trough_reversal_lb60_n1_r1,past_trough_reversal,60,1,1,test,-0.04917604715558188,-0.07644272324281642,-0.0358804698859717,-0.20978621457492586,-0.0014465764237909502,-0.11344204899562305,0.42105263157894735,0.10526315789473684,149.65104166666666,-0.10452619462915336,-0.1597910503379878,-0.24699598969743045,-0.23592163312402803,-0.0064416838433821386,-0.11738202819132149,0.3684210526315789,0.05263157894736842,149.65104166666666
past_trough_reversal_lb60_n1_r3,past_trough_reversal,60,1,3,train,-0.4988885493967684,-0.6399431493818855,-1.4323446022943622,-0.6963149426877113,-0.04913889468320087,-0.30169124635302913,0.3333333333333333,0.05555555555555555,52.75833333333333,-0.5093825766565157,-0.6510347272255389,-1.4825318816016035,-0.70543864777411,-0.05081497866362621,-0.30197896656329404,0.3333333333333333,0.05555555555555555,52.75833333333333
past_trough_reversal_lb60_n1_r3,past_trough_reversal,60,1,3,test,-0.07893288655000219,-0.12161023002958782,-0.17682859999174566,-0.3531576863127298,-0.004645926334082229,-0.13653072739270877,0.42105263157894735,0.05263157894736842,81.16666666666666,-0.10844608187646543,-0.16558388449584494,-0.298985817633108,-0.368345893042651,-0.007343484148511229,-0.13895416143322037,0.3684210526315789,0.05263157894736842,81.16666666666666
past_trough_reversal_lb60_n1_r7,past_trough_reversal,60,1,7,train,-0.5425455550376872,-0.685337583619591,-1.6238444626888122,-0.733514629050585,-0.05524393872254672,-0.3663774757457058,0.3888888888888889,0.05555555555555555,39.230555555555554,-0.5497051023023136,-0.6925911669394913,-1.6604327407660793,-0.7394531715021746,-0.05650721179333475,-0.3666615436696017,0.3888888888888889,0.05555555555555555,39.230555555555554
past_trough_reversal_lb60_n1_r7,past_trough_reversal,60,1,7,test,0.1991362431678685,0.33160627462358394,0.745203022368389,-0.280380931785167,0.019067437572639442,-0.15095101218429352,0.5263157894736842,0.10526315789473684,48.826822916666664,0.17594225382924833,0.2912158833455041,0.681388069072411,-0.2850131969545665,0.01739090035619782,-0.15128422519534457,0.47368421052631576,0.10526315789473684,48.826822916666664
past_trough_reversal_lb60_n2_r1,past_trough_reversal,60,2,1,train,-0.4068627825818265,-0.5380194750540563,-1.3309044631942741,-0.6673492500185025,-0.037130990558543756,-0.22126538158490772,0.3888888888888889,0.05555555555555555,83.53402777777778,-0.4264489370733483,-0.5603941551753228,-1.425880579094323,-0.6828859392078104,-0.03979392083970794,-0.22366463475230436,0.3333333333333333,0.05555555555555555,83.53402777777778
past_trough_reversal_lb60_n2_r1,past_trough_reversal,60,2,1,test,-0.18602093081585336,-0.27716879669903693,-0.7794721696384485,-0.3883283227381661,-0.014764380080880803,-0.17062748106548353,0.47368421052631576,0.05263157894736842,113.50651041666666,-0.22221160277502905,-0.3271964123200142,-0.9763442691386132,-0.4012083674068698,-0.01851346539954883,-0.17212979532761197,0.47368421052631576,0.0,113.50651041666666
past_trough_reversal_lb60_n2_r3,past_trough_reversal,60,2,3,train,-0.35840068427289906,-0.4811386283090344,-1.1150222066148028,-0.6138006936909832,-0.030840237909566033,-0.22790705117456556,0.5,0.05555555555555555,50.05277777777778,-0.3711582087971248,-0.49631889693650166,-1.1727966886518533,-0.6234538954319766,-0.0324594402173888,-0.2280611943124159,0.5,0.05555555555555555,50.05277777777778
past_trough_reversal_lb60_n2_r3,past_trough_reversal,60,2,3,test,-0.15284551139052582,-0.23016633682361687,-0.6132167579594515,-0.40780453961876795,-0.011465096722400264,-0.17199780209404258,0.42105263157894735,0.05263157894736842,64.6796875,-0.17449933805891915,-0.26096805812370016,-0.7268686797577926,-0.41501627196760815,-0.013618629543697794,-0.17317160753339988,0.42105263157894735,0.05263157894736842,64.6796875
past_trough_reversal_lb60_n2_r7,past_trough_reversal,60,2,7,train,-0.2049962618108626,-0.28763618003297287,-0.5100365218628854,-0.5319829560328577,-0.014008679348367815,-0.22853540827535546,0.5555555555555556,0.05555555555555555,31.790277777777778,-0.21503449991084045,-0.3008941495972631,-0.5477319892444598,-0.5331058698286866,-0.015052293352514456,-0.2286903040793884,0.5555555555555556,0.05555555555555555,31.790277777777778
past_trough_reversal_lb60_n2_r7,past_trough_reversal,60,2,7,test,-0.09663968958019475,-0.1480919631767732,-0.3431687654271057,-0.28821409597053327,-0.006938282414904953,-0.11342323202452242,0.42105263157894735,0.0,41.53450520833333,-0.11154325601839754,-0.17015052959108756,-0.41753557139702935,-0.2943168208089434,-0.008312427152975147,-0.11449713949670659,0.42105263157894735,0.0,41.53450520833333
past_trough_reversal_lb60_n3_r1,past_trough_reversal,60,3,1,train,-0.3491012861875007,-0.4699816837823235,-1.4346642289843963,-0.6176287409883336,-0.02958925121911812,-0.27031896161710844,0.5555555555555556,0.05555555555555555,65.1587962962963,-0.36587661455503084,-0.49005198969691566,-1.5298033755188738,-0.6303900463593606,-0.03166839891548612,-0.2715949672455088,0.5555555555555556,0.05555555555555555,65.1587962962963
past_trough_reversal_lb60_n3_r1,past_trough_reversal,60,3,1,test,-0.1779870093815693,-0.2658860023076992,-0.9587012391517392,-0.3025002479215565,-0.014979557940051645,-0.13020228011093105,0.42105263157894735,0.0,85.39409722222221,-0.20562322218601192,-0.3044287099251397,-1.141662572339289,-0.3153365105563204,-0.017780614083545254,-0.1312489118211142,0.3684210526315789,0.0,85.39409722222221
past_trough_reversal_lb60_n3_r3,past_trough_reversal,60,3,3,train,-0.23569477650102244,-0.3279260288729229,-0.8660328619308998,-0.4761581894960647,-0.017741112995938564,-0.2592591457745056,0.6111111111111112,0.0,41.48518518518518,-0.24829362546098444,-0.34424015256549445,-0.9276512433476225,-0.4873707527013911,-0.019102609589355106,-0.25977350662501253,0.6111111111111112,0.0,41.48518518518518
past_trough_reversal_lb60_n3_r3,past_trough_reversal,60,3,3,test,-0.11679727604002121,-0.1778763536773731,-0.5647877836276063,-0.3221894360997861,-0.00916987289369789,-0.12379735520152513,0.42105263157894735,0.0,50.729166666666664,-0.13454505181578336,-0.203777597084695,-0.6727072490093504,-0.32877681538049863,-0.010849782266670415,-0.12473153034313877,0.3684210526315789,0.0,50.729166666666664
past_trough_reversal_lb60_n3_r7,past_trough_reversal,60,3,7,train,-0.11665416428364828,-0.16755106755938232,-0.312833285641343,-0.43160824086351657,-0.0069258928829961834,-0.15302066512589108,0.6111111111111112,0.05555555555555555,25.25185185185185,-0.1255269075892732,-0.17988329879385379,-0.3495117713845462,-0.432664642737454,-0.007751110311747923,-0.15313332547706748,0.6111111111111112,0.05555555555555555,25.25185185185185
past_trough_reversal_lb60_n3_r7,past_trough_reversal,60,3,7,test,-0.056936777714725495,-0.08830241848705778,-0.23506431524435445,-0.22981540639340392,-0.003782733749321377,-0.09542371145714212,0.5789473684210527,0.0,31.91710069444444,-0.06891924800508364,-0.1065032334612458,-0.30588835975279965,-0.23524568090855325,-0.004840725396887028,-0.09615623629951364,0.5789473684210527,0.0,31.91710069444444
past_trough_reversal_lb90_n1_r1,past_trough_reversal,90,1,1,train,-0.5077190535956286,-0.6492839797165051,-1.5132604187506853,-0.7170510283820115,-0.05166828286224064,-0.27710541455854054,0.2222222222222222,0.05555555555555555,75.07916666666667,-0.5223524701320781,-0.6645869697370779,-1.5855195011115264,-0.7289668567114007,-0.05400009244565069,-0.27828224006625824,0.2222222222222222,0.05555555555555555,75.07916666666667
past_trough_reversal_lb90_n1_r1,past_trough_reversal,90,1,1,test,-0.05467061920575622,-0.08484514759154593,-0.08684594356855976,-0.27322788658370656,-0.0012940219472562578,-0.16568337148697587,0.47368421052631576,0.05263157894736842,112.87239583333333,-0.096414268851709,-0.14775669751053955,-0.260920706564189,-0.2833686186496024,-0.005115139714707948,-0.16702797533762914,0.47368421052631576,0.05263157894736842,112.87239583333333
past_trough_reversal_lb90_n1_r3,past_trough_reversal,90,1,3,train,-0.5021713042953695,-0.6434248934405706,-1.5255416875472598,-0.7071875714319533,-0.05097190551226252,-0.2682622781178534,0.2222222222222222,0.05555555555555555,45.31805555555556,-0.511150630880087,-0.6528923758206066,-1.5701462828853683,-0.7147403365958981,-0.05238279990739127,-0.26885062237098956,0.2222222222222222,0.05555555555555555,45.31805555555556
past_trough_reversal_lb90_n1_r3,past_trough_reversal,90,1,3,test,-0.05528349633769214,-0.08578063050726692,-0.10883964168682726,-0.2634702886032424,-0.0024990837037243783,-0.15190724866408067,0.42105263157894735,0.10526315789473684,59.60677083333333,-0.07755466336719052,-0.1195365812290482,-0.2061141720193792,-0.27116335443089234,-0.00449664755041857,-0.15258267563411942,0.42105263157894735,0.10526315789473684,59.60677083333333
past_trough_reversal_lb90_n1_r7,past_trough_reversal,90,1,7,train,-0.48681313117780833,-0.6270419984863407,-1.3092824051026142,-0.7287264201629542,-0.048815072232824525,-0.2335978812869196,0.2222222222222222,0.05555555555555555,31.11388888888889,-0.4931618923603961,-0.6338432205863531,-1.3379752080802276,-0.7333595306446479,-0.049796985018969175,-0.23390143992804702,0.2222222222222222,0.05555555555555555,31.11388888888889
past_trough_reversal_lb90_n1_r7,past_trough_reversal,90,1,7,test,-0.022789807982972365,-0.03570250995730995,0.04800967363251724,-0.2273354637729338,0.001362671426792998,-0.20301108950955515,0.631578947368421,0.05263157894736842,37.412760416666664,-0.03729028916668298,-0.058170830083184355,-0.00796967310784806,-0.2291878710794084,0.00010259797578439731,-0.20301108950955515,0.631578947368421,0.05263157894736842,37.412760416666664
past_trough_reversal_lb90_n2_r1,past_trough_reversal,90,2,1,train,-0.4652257769375885,-0.6036156501674155,-1.7674948389619973,-0.6780496242419543,-0.046221572302087954,-0.20407990510003127,0.4444444444444444,0.0,62.22777777777778,-0.4784304758619352,-0.6180001238478883,-1.8432105318981213,-0.6884906049579782,-0.04819415846124499,-0.2060070225679742,0.4444444444444444,0.0,62.22777777777778
past_trough_reversal_lb90_n2_r1,past_trough_reversal,90,2,1,test,-0.0507393568275345,-0.07883623129683692,-0.12524582910519552,-0.25847716304422896,-0.0030497776978448514,-0.11094421951053635,0.5263157894736842,0.0,89.09309895833333,-0.08402344436801934,-0.129253867036891,-0.2870047877337426,-0.269419632794644,-0.0059967849527036215,-0.11184652517979343,0.5263157894736842,0.0,89.09309895833333
past_trough_reversal_lb90_n2_r3,past_trough_reversal,90,2,3,train,-0.4208448585216803,-0.5540289657797394,-1.5786993442347406,-0.6341047878928847,-0.04013311847104113,-0.199267848748664,0.3888888888888889,0.0,36.863194444444446,-0.42936909726371075,-0.5636991580133333,-1.6246812333676777,-0.6411038651924212,-0.041312492652253396,-0.19959037374988908,0.3888888888888889,0.0,36.863194444444446
past_trough_reversal_lb90_n2_r3,past_trough_reversal,90,2,3,test,-0.06052539241988719,-0.09376743888769068,-0.1757140197699892,-0.2879069298975445,-0.0040063920787726135,-0.08684227905515374,0.42105263157894735,0.0,49.14388020833333,-0.078821111121124,-0.12144212147996514,-0.2659715772557565,-0.2937359918136898,-0.005629130113996794,-0.08720518425704049,0.42105263157894735,0.0,49.14388020833333
past_trough_reversal_lb90_n2_r7,past_trough_reversal,90,2,7,train,-0.26754963362453776,-0.3689224067259358,-0.7866411103525691,-0.5144916353789488,-0.022271631481891936,-0.17182213462283968,0.5,0.0,25.364583333333336,-0.2749434996210365,-0.3783180775650612,-0.8177025272428424,-0.5158469997023627,-0.023094162904499622,-0.17198614713130678,0.5,0.0,25.364583333333336
past_trough_reversal_lb90_n2_r7,past_trough_reversal,90,2,7,test,0.08507511622193165,0.13741822768053846,0.5088077895882934,-0.13184166707001788,0.00827745767377332,-0.08112996856504273,0.5263157894736842,0.0,33.608072916666664,0.07055905337650437,0.11351487243594649,0.4411667503588684,-0.13254951465776266,0.007149306548775863,-0.08334388266097326,0.5263157894736842,0.0,33.608072916666664
past_trough_reversal_lb90_n3_r1,past_trough_reversal,90,3,1,train,-0.357298501369518,-0.4798203016476361,-1.4636595029894524,-0.6203772894710016,-0.031056851033554416,-0.24178800065342698,0.5,0.05555555555555555,50.27824074074074,-0.37013758851276035,-0.4951098294852825,-1.5357107694275924,-0.6305032077234575,-0.032650210306140355,-0.24312046967980216,0.5,0.05555555555555555,50.27824074074074
past_trough_reversal_lb90_n3_r1,past_trough_reversal,90,3,1,test,-0.05016281837640579,-0.07795378559191901,-0.18335837917152442,-0.18335036886967504,-0.0035656392121955014,-0.08264039507229448,0.631578947368421,0.0,70.59809027777776,-0.07664164905621695,-0.11816189209714212,-0.3353412089119918,-0.18423706268410533,-0.005883563524424014,-0.08730248356399006,0.5789473684210527,0.0,70.59809027777776
past_trough_reversal_lb90_n3_r3,past_trough_reversal,90,3,3,train,-0.2882752189078621,-0.3951434784318587,-1.096718082974177,-0.521092512527502,-0.02437585810051074,-0.215200115706493,0.5555555555555556,0.0,32.91759259259259,-0.29760067824503433,-0.4068236044692066,-1.1443903757829101,-0.5294004478688367,-0.025435203309480386,-0.21594914676201526,0.5555555555555556,0.0,32.91759259259259
past_trough_reversal_lb90_n3_r3,past_trough_reversal,90,3,3,test,0.02484828563038466,0.03946573527072128,0.22642231337880092,-0.1738126531961688,0.0024417809924064337,-0.05543656621471971,0.42105263157894735,0.0,40.58333333333333,0.008338521734665205,0.013181463079718458,0.139456458421474,-0.17469889738110211,0.0010961817504944824,-0.05581283701393869,0.3684210526315789,0.0,40.58333333333333
past_trough_reversal_lb90_n3_r7,past_trough_reversal,90,3,7,train,-0.17295242066583727,-0.24477939196683507,-0.5423286732758983,-0.4305913231190609,-0.012922891876035514,-0.1327129579441464,0.5,0.05555555555555555,20.066203703703703,-0.1795624443892515,-0.25368610788544754,-0.5711706336133793,-0.4349508707647908,-0.013574653751970693,-0.13283034398053872,0.5,0.05555555555555555,20.066203703703703
past_trough_reversal_lb90_n3_r7,past_trough_reversal,90,3,7,test,0.07800571696854819,0.12575396427488128,0.5098183146246009,-0.17863980807771973,0.007097385826097664,-0.07292265796072128,0.6842105263157895,0.0,26.42144097222222,0.06665296585251568,0.10711454796462361,0.45054217611831393,-0.17919516916304412,0.0062158150288194455,-0.07466309130922377,0.6842105263157895,0.0,26.42144097222222
past_trough_reversal_lb180_n1_r1,past_trough_reversal,180,1,1,train,-0.5768195970068826,-0.7195595562580647,-1.8310240404165743,-0.7945021764252538,-0.060934584884488205,-0.2957469708666879,0.3333333333333333,0.05555555555555555,55.46388888888889,-0.5861668936500223,-0.7286690628892161,-1.882889553741889,-0.8002223268266689,-0.06271036601543645,-0.29723543584079115,0.3333333333333333,0.05555555555555555,55.46388888888889
past_trough_reversal_lb180_n1_r1,past_trough_reversal,180,1,1,test,-0.12882198878975937,-0.1954584711091203,-0.42146921775805046,-0.37419734308384167,-0.008585087105380716,-0.1929766742266339,0.5789473684210527,0.0,71.65494791666666,-0.153464717068162,-0.23105351299890253,-0.535325562825938,-0.3816898652081504,-0.010949237255845816,-0.1929766742266339,0.5789473684210527,0.0,71.65494791666666
past_trough_reversal_lb180_n1_r3,past_trough_reversal,180,1,3,train,-0.46481888495860313,-0.6031696780286018,-1.3289184399157756,-0.7028333597610754,-0.04295744372412228,-0.23279257718658686,0.3333333333333333,0.16666666666666666,36.525,-0.47259842401550256,-0.6116682271177178,-1.3648039164019197,-0.7076803044184333,-0.04415693196248926,-0.23279257718658686,0.3333333333333333,0.16666666666666666,36.525
past_trough_reversal_lb180_n1_r3,past_trough_reversal,180,1,3,test,-0.1310611769658272,-0.19871715423555147,-0.4151908006544755,-0.3489741144255041,-0.008860206382553009,-0.1929766742266339,0.5263157894736842,0.0,43.119791666666664,-0.14593252212902774,-0.22023626284343611,-0.482107448293267,-0.35391819801961644,-0.010295320552400788,-0.1929766742266339,0.5263157894736842,0.0,43.119791666666664
past_trough_reversal_lb180_n1_r7,past_trough_reversal,180,1,7,train,-0.5251819127895706,-0.667520295720335,-1.5837274659610863,-0.7553668153845281,-0.051028673725719884,-0.2954993464958403,0.2777777777777778,0.16666666666666666,19.615277777777777,-0.5289368246892856,-0.6714001701651762,-1.6019722777343735,-0.7577423201353153,-0.05168728088776706,-0.2954993464958403,0.2777777777777778,0.16666666666666666,19.615277777777777
past_trough_reversal_lb180_n1_r7,past_trough_reversal,180,1,7,test,-0.024470980241037665,-0.03831739055343375,0.03219720003937002,-0.24610941525495134,0.00047895136407724435,-0.1929766742266339,0.5789473684210527,0.0,31.071614583333332,-0.036504838920041305,-0.0569587538807973,-0.01641908802470205,-0.24701297628445784,-0.00055937831945637,-0.1929766742266339,0.5789473684210527,0.0,31.071614583333332
past_trough_reversal_lb180_n2_r1,past_trough_reversal,180,2,1,train,-0.5173885415060986,-0.6594206905721725,-2.1441082107475604,-0.7219257832690272,-0.05367386961089588,-0.27295779989403146,0.3333333333333333,0.0,33.81944444444444,-0.5238975974476849,-0.6661898600480355,-2.186435767769528,-0.7268546668600779,-0.054744456740448796,-0.2744350775123454,0.3333333333333333,0.0,33.81944444444444
past_trough_reversal_lb180_n2_r1,past_trough_reversal,180,2,1,test,0.06608270241830017,0.10618127174460668,0.44282549725033715,-0.14184787677209754,0.006573031648338031,-0.11711368598810357,0.6842105263157895,0.0,65.31380208333333,0.0385647162533882,0.06148965044077381,0.2989836307306924,-0.1471865214654443,0.004403707394339607,-0.12225101944495254,0.6842105263157895,0.0,65.31380208333333
past_trough_reversal_lb180_n2_r3,past_trough_reversal,180,2,3,train,-0.4710140116933601,-0.6099422100565861,-1.853151205007091,-0.6707919562181689,-0.04715081833698503,-0.22869319971156854,0.3333333333333333,0.0,20.62986111111111,-0.4753797573900409,-0.6146921404888197,-1.8788834887267907,-0.6744105674055353,-0.04781884927356776,-0.2294849757043469,0.2777777777777778,0.0,20.62986111111111
past_trough_reversal_lb180_n2_r3,past_trough_reversal,180,2,3,test,0.0904291274429434,0.14628140174964677,0.5719558588153266,-0.11972923836039295,0.008614791031894477,-0.09806420303181218,0.5263157894736842,0.0,37.095703125,0.07435767608180566,0.11975204758685165,0.4891510955058021,-0.12448986587394528,0.007383100812879938,-0.10130725998805923,0.5263157894736842,0.0,37.095703125
past_trough_reversal_lb180_n2_r7,past_trough_reversal,180,2,7,train,-0.4123925317846229,-0.5443728755214436,-1.5149737314679983,-0.6225469114982387,-0.04008139592199701,-0.17182213462283968,0.3333333333333333,0.0,13.865972222222222,-0.41564974933360654,-0.548101904294645,-1.5323941319485068,-0.625338624988329,-0.040528414527743854,-0.17198614713130678,0.3333333333333333,0.0,13.865972222222222
past_trough_reversal_lb180_n2_r7,past_trough_reversal,180,2,7,test,0.18988878826500355,0.3154480585571813,1.0205865330295185,-0.09932666623174058,0.015598439854465133,-0.07947300108262745,0.5263157894736842,0.05263157894736842,23.779296875,0.1786061123619358,0.29583160834491173,0.9693436270712589,-0.10167698187672136,0.014803613165863731,-0.08187512505595684,0.5263157894736842,0.05263157894736842,23.779296875
past_trough_reversal_lb180_n3_r1,past_trough_reversal,180,3,1,train,-0.34329389731502513,-0.46297542096823596,-1.4630185918625545,-0.5770789315740436,-0.030292433085671738,-0.24857686213594787,0.4444444444444444,0.0,41.48518518518518,-0.3541298906211464,-0.47602428617283776,-1.5255289711086355,-0.5859834006161679,-0.03159578236958611,-0.25100318726838977,0.4444444444444444,0.0,41.48518518518518
past_trough_reversal_lb180_n3_r1,past_trough_reversal,180,3,1,test,0.06583274744071632,0.10577229362444673,0.4467899268510743,-0.12824215142486528,0.006203734484486996,-0.09378269907155778,0.6842105263157895,0.0,55.167968749999986,0.04254192436106652,0.06790724194366038,0.3235839840149662,-0.1283737367131399,0.004368437681175177,-0.09729563252918505,0.5789473684210527,0.0,55.167968749999986
past_trough_reversal_lb180_n3_r3,past_trough_reversal,180,3,3,train,-0.3264226214743061,-0.44245322979546053,-1.3713323821355659,-0.544390666223111,-0.028561984112641516,-0.250357175879531,0.4444444444444444,0.0,23.448148148148146,-0.3327255295114163,-0.4501492018683573,-1.4068317909106334,-0.5496003533964204,-0.02930710321649368,-0.25127344327436896,0.4444444444444444,0.0,23.448148148148146
past_trough_reversal_lb180_n3_r3,past_trough_reversal,180,3,3,test,0.1420200940632641,0.2329674600592142,0.955354742669757,-0.10571776970569913,0.011758180252842565,-0.07048131716081762,0.6842105263157895,0.0,32.12847222222222,0.1274337385774822,0.20822455161447606,0.8699257151315427,-0.10571776970569913,0.010687310811411575,-0.07060557288831082,0.631578947368421,0.0,32.12847222222222
past_trough_reversal_lb180_n3_r7,past_trough_reversal,180,3,7,train,-0.20624922069803042,-0.28929542009789033,-0.7436032461419152,-0.45125571828230204,-0.016782148909632952,-0.1324122720532831,0.5555555555555556,0.0,15.556944444444444,-0.21117701407248968,-0.2958089259954376,-0.7671859737922981,-0.4523549505225687,-0.017287006682221946,-0.13264032098217793,0.5555555555555556,0.0,15.556944444444444
past_trough_reversal_lb180_n3_r7,past_trough_reversal,180,3,7,test,0.1684418415868929,0.2782521632810695,0.9520141942355057,-0.13842659522475342,0.014152683850446393,-0.0783447329046405,0.631578947368421,0.0,20.92578125,0.1586865341947583,0.2614628059713535,0.9053265056456314,-0.1384265952247533,0.01345162063784498,-0.0800740631481105,0.631578947368421,0.0,20.92578125
trough_adjusted_reversal_lb30_n1_r1,trough_adjusted_reversal,30,1,1,train,-0.49118255155361157,-0.6317271644057154,-1.1198652738170336,-0.7650941206540243,-0.0412071077732043,-0.3923718211998325,0.3888888888888889,0.1111111111111111,183.9777777777778,-0.527403989417484,-0.669818102916192,-1.2679302569877773,-0.7860803595409691,-0.04709415556081709,-0.39482784085459466,0.3888888888888889,0.1111111111111111,183.9777777777778
trough_adjusted_reversal_lb30_n1_r1,trough_adjusted_reversal,30,1,1,test,-0.1677054166119617,-0.2513535442209752,-0.4823135987188899,-0.32736931037131256,-0.011001607560753383,-0.15804939876378077,0.3157894736842105,0.10526315789473684,209.89192708333331,-0.234808222847797,-0.34429949884637534,-0.7695468278987916,-0.4092338425350448,-0.018054733201430556,-0.16179903742472823,0.2631578947368421,0.05263157894736842,209.89192708333331
trough_adjusted_reversal_lb30_n1_r3,trough_adjusted_reversal,30,1,3,train,-0.5489570904661387,-0.691835894184992,-1.321862581271235,-0.8004841524752866,-0.051918183824130874,-0.3880812772412845,0.3333333333333333,0.16666666666666666,94.01805555555556,-0.5656814223415604,-0.7085784467711799,-1.3956926840790778,-0.80957920696343,-0.05493522056435417,-0.38860918613188145,0.3333333333333333,0.1111111111111111,94.01805555555556
trough_adjusted_reversal_lb30_n1_r3,trough_adjusted_reversal,30,1,3,test,-0.28937804957735036,-0.41650949078245514,-1.02875201471526,-0.5150485049314507,-0.023596399011772993,-0.22518381727029924,0.3157894736842105,0.10526315789473684,93.21484375,-0.31539852023725923,-0.44984492243324503,-1.1573471947410847,-0.5280020865780254,-0.026698317817661358,-0.2261196079341703,0.3157894736842105,0.10526315789473684,93.21484375
trough_adjusted_reversal_lb30_n1_r7,trough_adjusted_reversal,30,1,7,train,-0.33503226389756025,-0.45295710396840094,-0.571172077037203,-0.6241867097573326,-0.020889450300353624,-0.381266390052195,0.5,0.16666666666666666,62.22777777777778,-0.35143863995394353,-0.4727931442665937,-0.6208988376032372,-0.6363742007439176,-0.022943616611392128,-0.38179706256779244,0.5,0.16666666666666666,62.22777777777778
trough_adjusted_reversal_lb30_n1_r7,trough_adjusted_reversal,30,1,7,test,-0.17837784964251024,-0.2664363748967682,-0.4725791483324233,-0.2973614854197715,-0.013127069001945596,-0.14314180019499,0.42105263157894735,0.10526315789473684,60.875,-0.19817337722018336,-0.2941137745811425,-0.5504394050635475,-0.32251875011773157,-0.015145408505691828,-0.14415512146275866,0.42105263157894735,0.10526315789473684,60.875
trough_adjusted_reversal_lb30_n2_r1,trough_adjusted_reversal,30,2,1,train,-0.4864183120835395,-0.6266177053682739,-1.7218034287682111,-0.7292063856557929,-0.04529348859595265,-0.3206182940990342,0.4444444444444444,0.05555555555555555,132.23402777777778,-0.5129098736073753,-0.6547375786771021,-1.8731367027178405,-0.7462755183236522,-0.0495463938314421,-0.32256490482784694,0.4444444444444444,0.05555555555555555,132.23402777777778
trough_adjusted_reversal_lb30_n2_r1,trough_adjusted_reversal,30,2,1,test,-0.08433156393866414,-0.12971573366971467,-0.33293156888961195,-0.26461037934397946,-0.005283756728070144,-0.11629698133230237,0.5263157894736842,0.10526315789473684,171.2109375,-0.14499175685045462,-0.21888131568398506,-0.6698642619651489,-0.30192652677385745,-0.0109706168996623,-0.11807546902616217,0.42105263157894735,0.10526315789473684,171.2109375
trough_adjusted_reversal_lb30_n2_r3,trough_adjusted_reversal,30,2,3,train,-0.42985886674620133,-0.5642526824868085,-1.4281181057972425,-0.6668758299528181,-0.03769887861885769,-0.3191925165336462,0.4444444444444444,0.05555555555555555,76.7701388888889,-0.44714651756362633,-0.5836442663994954,-1.5154294427777386,-0.679522532758009,-0.04017919812272893,-0.32044271049551254,0.3888888888888889,0.05555555555555555,76.7701388888889
trough_adjusted_reversal_lb30_n2_r3,trough_adjusted_reversal,30,2,3,test,-0.08059612598521415,-0.12411032585710935,-0.30091854283330927,-0.30428460683515035,-0.004983217431558215,-0.10043774262415217,0.3157894736842105,0.10526315789473684,84.33723958333333,-0.11111302079808583,-0.16951671546064084,-0.46315522484794985,-0.3212138028693946,-0.0078048405912452224,-0.10115804752515167,0.3157894736842105,0.10526315789473684,84.33723958333333
trough_adjusted_reversal_lb30_n2_r7,trough_adjusted_reversal,30,2,7,train,-0.2651885202281392,-0.36591245501751535,-0.7348940774064519,-0.5277340257603228,-0.020587324828164562,-0.1751723251132885,0.5,0.05555555555555555,42.27430555555556,-0.27751493012338246,-0.38157498845266535,-0.7846106224239547,-0.5386693039211794,-0.021967741791166548,-0.17533048217461145,0.5,0.05555555555555555,42.27430555555556
trough_adjusted_reversal_lb30_n2_r7,trough_adjusted_reversal,30,2,7,test,-0.03876158168194155,-0.06043973606550734,-0.08924555438873726,-0.20513658627380926,-0.001099007264967501,-0.14252603777409545,0.42105263157894735,0.10526315789473684,46.607421875,-0.05652972005932,-0.08768176063451016,-0.17955013794610308,-0.20674094550842292,-0.0026557125724540756,-0.14356751393730038,0.42105263157894735,0.10526315789473684,46.607421875
trough_adjusted_reversal_lb30_n3_r1,trough_adjusted_reversal,30,3,1,train,-0.4070622972008541,-0.5382492019271666,-1.7313249076844077,-0.625581744120703,-0.03730117238977719,-0.24928602130141875,0.4444444444444444,0.05555555555555555,121.75,-0.43528551752314726,-0.570370494567232,-1.9058917850151742,-0.6476591649646661,-0.041209040443309974,-0.25150832598847117,0.4444444444444444,0.05555555555555555,121.75
trough_adjusted_reversal_lb30_n3_r1,trough_adjusted_reversal,30,3,1,test,0.046316878110643334,0.07401155937399984,0.36569187520742846,-0.18659094772197138,0.004705342746740136,-0.07974838915675386,0.5789473684210527,0.05263157894736842,151.1306423611111,-0.015065982974967973,-0.023655595434803778,-0.01703943736889919,-0.21841885118158566,-0.00034744256156706374,-0.08195853700044986,0.5789473684210527,0.0,151.1306423611111
trough_adjusted_reversal_lb30_n3_r3,trough_adjusted_reversal,30,3,3,train,-0.33178217781865227,-0.44899955533597113,-1.3318632113165139,-0.5477070580412873,-0.02840264734456705,-0.2437367992691042,0.4444444444444444,0.05555555555555555,66.28611111111111,-0.34927510345179336,-0.4701909244824741,-1.428908851450866,-0.5644176622989463,-0.030545600212284696,-0.24496822619706538,0.4444444444444444,0.0,66.28611111111111
trough_adjusted_reversal_lb30_n3_r3,trough_adjusted_reversal,30,3,3,test,0.10258702087141325,0.16650120653824052,0.7005989167913137,-0.14458179587057707,0.009049356143513577,-0.04976070909486019,0.5263157894736842,0.05263157894736842,78.20746527777776,0.0686453631935886,0.11037750636538113,0.5014828676692672,-0.16086092405490338,0.0064122627971268,-0.05165717537795067,0.47368421052631576,0.05263157894736842,78.20746527777776
trough_adjusted_reversal_lb30_n3_r7,trough_adjusted_reversal,30,3,7,train,-0.22912758341153827,-0.3193709502884322,-0.7891174599436251,-0.4341552383537166,-0.017360730446703942,-0.2035408845553902,0.5,0.0,38.10324074074074,-0.24079699014905676,-0.33454846103718383,-0.8435346616444069,-0.44618269023901724,-0.018602971987444657,-0.20418633769230543,0.5,0.0,38.10324074074074
trough_adjusted_reversal_lb30_n3_r7,trough_adjusted_reversal,30,3,7,test,0.04893381305820532,0.07825076087174154,0.38030694708919666,-0.14361599573689887,0.004942277320527187,-0.08264140222937566,0.42105263157894735,0.0,44.81076388888888,0.03029014553576692,0.0481832865839209,0.267071360249385,-0.1453387470629497,0.003444893072150918,-0.08362822926221147,0.42105263157894735,0.0,44.81076388888888
trough_adjusted_reversal_lb60_n1_r1,trough_adjusted_reversal,60,1,1,train,-0.5448050295428104,-0.6876326439733436,-1.5755714345178518,-0.7517241634481919,-0.05551652867825648,-0.3663774757457058,0.3888888888888889,0.0,111.60416666666667,-0.5648057329651792,-0.7077093338130802,-1.6761379070931701,-0.7672170940693124,-0.05910949346543575,-0.3666615436696017,0.3333333333333333,0.0,111.60416666666667
trough_adjusted_reversal_lb60_n1_r1,trough_adjusted_reversal,60,1,1,test,-0.1317811113762417,-0.19976384405713898,-0.3602337900740687,-0.28674991853788967,-0.007053896195942386,-0.1716626788608694,0.47368421052631576,0.10526315789473684,174.38151041666666,-0.19038303779315002,-0.28326809318764445,-0.6070049575787032,-0.29050473415490674,-0.012917829673626757,-0.1780062567563031,0.47368421052631576,0.10526315789473684,174.38151041666666
trough_adjusted_reversal_lb60_n1_r3,trough_adjusted_reversal,60,1,3,train,-0.3869820148105819,-0.5149438401185444,-0.950470470722604,-0.6351520633617173,-0.03301890476937683,-0.30169124635302913,0.4444444444444444,0.05555555555555555,60.875,-0.40177656650163374,-0.5321505916140605,-1.0081976776337345,-0.6475338852671837,-0.03499165737280003,-0.30197896656329404,0.3888888888888889,0.05555555555555555,60.875
trough_adjusted_reversal_lb60_n1_r3,trough_adjusted_reversal,60,1,3,test,-0.02212350993274681,-0.034665437110647734,0.05464321816529524,-0.2305928508249081,0.0015278304694663041,-0.1255486735624628,0.47368421052631576,0.15789473684210525,91.94661458333333,-0.0574659652610543,-0.08910906182183187,-0.0799099936162911,-0.23222237532749435,-0.0015891979430833379,-0.12662266844897718,0.47368421052631576,0.15789473684210525,91.94661458333333
trough_adjusted_reversal_lb60_n1_r7,trough_adjusted_reversal,60,1,7,train,-0.5260985584017857,-0.6684688063575188,-1.5381825277996275,-0.7616914306871032,-0.05237030938515037,-0.3663774757457058,0.3333333333333333,0.0,39.90694444444445,-0.53363496656758,-0.6762338583678074,-1.575487468972414,-0.7665291537565995,-0.05361842961524086,-0.3666615436696017,0.3333333333333333,0.0,39.90694444444445
trough_adjusted_reversal_lb60_n1_r7,trough_adjusted_reversal,60,1,7,test,0.10373417225968229,0.16841570768225944,0.4794087270365873,-0.2143207532362782,0.01202739905828236,-0.1895624526335844,0.47368421052631576,0.15789473684210525,56.436197916666664,0.07907581097748406,0.12751675579226385,0.4035409790797426,-0.2155889328514069,0.010118732314419544,-0.19020853017751593,0.47368421052631576,0.15789473684210525,56.436197916666664
trough_adjusted_reversal_lb60_n2_r1,trough_adjusted_reversal,60,2,1,train,-0.4546714092372939,-0.5919952673681605,-1.6658883816856807,-0.6537103101991641,-0.04449625680780137,-0.23754421959710514,0.3333333333333333,0.0,93.67986111111111,-0.4747842107573125,-0.6140452957787464,-1.7786055870412554,-0.6710520078219675,-0.0474893929782198,-0.2395799976335169,0.3333333333333333,0.0,93.67986111111111
trough_adjusted_reversal_lb60_n2_r1,trough_adjusted_reversal,60,2,1,test,-0.10499918637015704,-0.16049081827977474,-0.4277247995284318,-0.2666183187432266,-0.006518590743646328,-0.19597972156007493,0.5263157894736842,0.0,139.822265625,-0.15370369228558223,-0.23139580819513417,-0.6959616972802298,-0.27857401890487976,-0.011183064268464955,-0.19696591325404444,0.5263157894736842,0.0,139.822265625
trough_adjusted_reversal_lb60_n2_r3,trough_adjusted_reversal,60,2,3,train,-0.3352661839255543,-0.4532415862356627,-1.0660938221895324,-0.530411748865057,-0.028080326145584217,-0.2319459669020979,0.5,0.0,52.75833333333333,-0.34919416412097315,-0.47009349328573535,-1.1293832432774018,-0.5428692240745048,-0.029810488010855236,-0.23290359493741075,0.5,0.0,52.75833333333333
trough_adjusted_reversal_lb60_n2_r3,trough_adjusted_reversal,60,2,3,test,-0.011845280433189664,-0.018616087812237114,0.03851672633704439,-0.24836600024453082,0.0010037352469403013,-0.18111117867678606,0.5789473684210527,0.0,67.21614583333333,-0.038076931590468543,-0.059384174243072074,-0.09730667980924991,-0.2620333859375914,-0.001248419298548587,-0.1821088482137566,0.5789473684210527,0.0,67.21614583333333
trough_adjusted_reversal_lb60_n2_r7,trough_adjusted_reversal,60,2,7,train,-0.372677263343394,-0.498116691332142,-1.296561167079947,-0.5977277956938348,-0.033063619914578554,-0.22853540827535546,0.4444444444444444,0.0,32.804861111111116,-0.3808474294454507,-0.507750274959063,-1.3380091854592369,-0.6041915527580918,-0.034115673096537166,-0.2286903040793884,0.3888888888888889,0.0,32.804861111111116
trough_adjusted_reversal_lb60_n2_r7,trough_adjusted_reversal,60,2,7,test,0.03353247985142627,0.053389976157602215,0.26466950796738026,-0.15063898765316774,0.003871396666306946,-0.08775193662085568,0.631578947368421,0.0,38.046875,0.017921479821093156,0.028407969516628606,0.1886778728264269,-0.15234070690663426,0.0025977309482778537,-0.08830658426652349,0.5789473684210527,0.0,38.046875
trough_adjusted_reversal_lb60_n3_r1,trough_adjusted_reversal,60,3,1,train,-0.45358448742452984,-0.5907924055940621,-2.1734881973737274,-0.6550921405165409,-0.044986276979542224,-0.22200729989302137,0.3888888888888889,0.0,74.40277777777779,-0.46963088277865317,-0.6084334422165867,-2.2873463413580835,-0.6694770850854332,-0.047337562311282395,-0.22306111494392644,0.3888888888888889,0.0,74.40277777777779
trough_adjusted_reversal_lb60_n3_r1,trough_adjusted_reversal,60,3,1,test,-0.09005883288961858,-0.13828448696221707,-0.41021547271139064,-0.21932198561503813,-0.006860169719172623,-0.11551167850208777,0.42105263157894735,0.0,120.90451388888886,-0.13303371079646542,-0.20158376517836796,-0.668993969095181,-0.23679403096376805,-0.010865140329893988,-0.11704650646338122,0.3684210526315789,0.0,120.90451388888886
trough_adjusted_reversal_lb60_n3_r3,trough_adjusted_reversal,60,3,3,train,-0.33580124994344895,-0.4538921276680369,-1.4215114671551072,-0.5292117343448441,-0.029921067327446524,-0.23446961478850703,0.3888888888888889,0.0,41.48518518518518,-0.34676999469842906,-0.4671726996126473,-1.483779220950849,-0.5401652473898843,-0.031257860706192374,-0.23521518197027103,0.3333333333333333,0.0,41.48518518518518
trough_adjusted_reversal_lb60_n3_r3,trough_adjusted_reversal,60,3,3,test,-0.08184079834181224,-0.1259795470370848,-0.35976595796416305,-0.28342428268870823,-0.006055357696673542,-0.11190405716566465,0.42105263157894735,0.0,56.858940972222214,-0.10248458048572273,-0.15676813615814378,-0.4810908000785871,-0.29111482784385434,-0.007940368415409956,-0.11308270869066284,0.42105263157894735,0.0,56.858940972222214
trough_adjusted_reversal_lb60_n3_r7,trough_adjusted_reversal,60,3,7,train,-0.17011537489589867,-0.2409461234716458,-0.582076535923407,-0.4285031932610145,-0.012521256921075523,-0.15302066512589108,0.5555555555555556,0.0,27.731944444444444,-0.17926441238447033,-0.25328525947213243,-0.6246042964805695,-0.43009875483536064,-0.01342339172749971,-0.15313332547706748,0.5555555555555556,0.0,27.731944444444444
trough_adjusted_reversal_lb60_n3_r7,trough_adjusted_reversal,60,3,7,test,0.04085912079932763,0.06519015616590984,0.3143783653458803,-0.21690625663435747,0.0043352382657577855,-0.11106303197252532,0.5789473684210527,0.0,35.29904513888888,0.026260913864531554,0.04172612525960484,0.23506430905088227,-0.21879497258991243,0.0031591596169773368,-0.1118979968838153,0.5789473684210527,0.0,35.29904513888888
trough_adjusted_reversal_lb90_n1_r1,trough_adjusted_reversal,90,1,1,train,-0.3875194844250375,-0.5155724557093688,-1.0031961922443857,-0.6620834390030603,-0.03180747759972553,-0.2783144687508503,0.4444444444444444,0.16666666666666666,112.95694444444445,-0.4146411632822493,-0.5469482837135992,-1.1142444680047199,-0.6798223593882563,-0.035404687842468995,-0.280068666892787,0.4444444444444444,0.1111111111111111,112.95694444444445
trough_adjusted_reversal_lb90_n1_r1,trough_adjusted_reversal,90,1,1,test,-0.08889301054891863,-0.13654277754744093,-0.20852063853322794,-0.2774210008269208,-0.0030305447636908536,-0.20301108950955515,0.5263157894736842,0.10526315789473684,152.82161458333331,-0.14294057724357712,-0.2159240996568944,-0.43408533052957815,-0.2840589887910917,-0.008187702799624389,-0.20301108950955515,0.5263157894736842,0.10526315789473684,152.82161458333331
trough_adjusted_reversal_lb90_n1_r3,trough_adjusted_reversal,90,1,3,train,-0.4266658845911636,-0.5606399712549265,-1.214208282878817,-0.6716931849949497,-0.03788433907876338,-0.30626160898441024,0.3888888888888889,0.05555555555555555,63.580555555555556,-0.4411102996109302,-0.5769059150522333,-1.2784944705182948,-0.682586379498611,-0.0399260396963346,-0.30683143938336355,0.3888888888888889,0.05555555555555555,63.580555555555556
trough_adjusted_reversal_lb90_n1_r3,trough_adjusted_reversal,90,1,3,test,-0.03993684575723666,-0.06225069247000903,-0.02633274747469773,-0.3001359302814698,0.0009408541849905811,-0.20301108950955515,0.5789473684210527,0.15789473684210525,77.36197916666666,-0.06916367988293204,-0.1068731151605663,-0.1450962960955509,-0.30377167553064055,-0.001690641992951255,-0.20301108950955515,0.5789473684210527,0.15789473684210525,77.36197916666666
trough_adjusted_reversal_lb90_n1_r7,trough_adjusted_reversal,90,1,7,train,-0.4827785043809727,-0.6226988347046045,-1.2358669864753813,-0.7255673899715964,-0.04812696352570857,-0.24799358111409253,0.3333333333333333,0.0,37.20138888888889,-0.49040534804678526,-0.6308952002851056,-1.269225147463914,-0.7312127411790739,-0.04927771275922149,-0.2485897668980418,0.2777777777777778,0.0,37.20138888888889
trough_adjusted_reversal_lb90_n1_r7,trough_adjusted_reversal,90,1,7,test,-0.031558093949313415,-0.04931203239697224,0.004860023086224071,-0.2139400027930698,0.0006466041969636948,-0.20301108950955515,0.631578947368421,0.10526315789473684,43.75390625,-0.048377930008624226,-0.07521988850563521,-0.0629942099461383,-0.21519696156737256,-0.0008257380915516784,-0.20301108950955515,0.631578947368421,0.10526315789473684,43.75390625
trough_adjusted_reversal_lb90_n2_r1,trough_adjusted_reversal,90,2,1,train,-0.48536418027446704,-0.6254841160247989,-1.847277909119629,-0.7078897675387807,-0.048886181032411234,-0.25935465218922205,0.3333333333333333,0.0,70.34444444444445,-0.4997107413236862,-0.640816207095798,-1.9312665406972958,-0.7183897942275022,-0.05107584047228685,-0.2610452303534394,0.3333333333333333,0.0,70.34444444444445
trough_adjusted_reversal_lb90_n2_r1,trough_adjusted_reversal,90,2,1,test,0.05747690109134229,0.09213227793845613,0.3888929061469619,-0.16390089361246196,0.006416097103583017,-0.10520662632809308,0.631578947368421,0.05263157894736842,124.28645833333333,0.006194801315899001,0.009786658782555024,0.12713680500849675,-0.16576878517741567,0.0022188633506297424,-0.10593908156611664,0.5789473684210527,0.05263157894736842,124.28645833333333
trough_adjusted_reversal_lb90_n2_r3,trough_adjusted_reversal,90,2,3,train,-0.40917008962339607,-0.540673914469118,-1.4378871727697213,-0.6336219311682797,-0.03859847599635335,-0.2203041358476232,0.3888888888888889,0.0,42.27430555555556,-0.4191188343895813,-0.5520625674924304,-1.4888231134407994,-0.6416348695239689,-0.039932919606328526,-0.22141719647660818,0.3888888888888889,0.0,42.27430555555556
trough_adjusted_reversal_lb90_n2_r3,trough_adjusted_reversal,90,2,3,test,0.048841323306373585,0.07810083157194936,0.3513464918280703,-0.12820890481703895,0.0050616755945851405,-0.09158323090259979,0.5789473684210527,0.0,63.728515625,0.02241410128765131,0.03557493868947503,0.2123084378020049,-0.13048615929702323,0.0029252211002225945,-0.09232002508289894,0.5789473684210527,0.0,63.728515625
trough_adjusted_reversal_lb90_n2_r7,trough_adjusted_reversal,90,2,7,train,-0.3616606302055769,-0.4850315235777276,-1.2697568644631445,-0.5863219503854957,-0.03300520591516501,-0.17279209505393534,0.3888888888888889,0.0,20.968055555555555,-0.36698174371544545,-0.49136536109422535,-1.2968328067339998,-0.5909241882017262,-0.033663246065865446,-0.17364070731381287,0.3888888888888889,0.0,20.968055555555555
trough_adjusted_reversal_lb90_n2_r7,trough_adjusted_reversal,90,2,7,test,0.22678048564276732,0.3803382382226703,1.112060289324305,-0.11319718578486382,0.01825730261084827,-0.07721373371347962,0.6842105263157895,0.0,39.63216145833333,0.2074794782549121,0.3462463758410441,1.0333000449223742,-0.11391747636855976,0.01691505525764778,-0.07906300030468838,0.631578947368421,0.0,39.63216145833333
trough_adjusted_reversal_lb90_n3_r1,trough_adjusted_reversal,90,3,1,train,-0.38934098925620675,-0.5177008945333311,-1.721583966508054,-0.6145355998558717,-0.03651009031356864,-0.20833756065375875,0.3888888888888889,0.0,71.92268518518519,-0.406703226906848,-0.5378357314509861,-1.829007559640528,-0.6291479210026841,-0.0387867123245614,-0.21079902385863647,0.3888888888888889,0.0,71.92268518518519
trough_adjusted_reversal_lb90_n3_r1,trough_adjusted_reversal,90,3,1,test,0.10756540839138196,0.17481804516861876,0.7031800307428181,-0.1144987982660618,0.009225584207396668,-0.05841042673376273,0.631578947368421,0.0,109.2790798611111,0.060190644752392775,0.0965553777004009,0.43721901873842395,-0.11592684857460867,0.005550548328667287,-0.06256432516290888,0.631578947368421,0.0,109.2790798611111
trough_adjusted_reversal_lb90_n3_r3,trough_adjusted_reversal,90,3,3,train,-0.3792734757356989,-0.5058991011370084,-1.6623549115583092,-0.5827507729225367,-0.03554286629247133,-0.1874478937483931,0.4444444444444444,0.0,35.848611111111104,-0.3881342930821253,-0.5162912022104196,-1.7159501924219382,-0.5904380492688037,-0.036684876507892386,-0.18866939164798124,0.3888888888888889,0.0,35.848611111111104
trough_adjusted_reversal_lb90_n3_r3,trough_adjusted_reversal,90,3,3,test,0.1940094946206936,0.3226393143610302,1.1689010295960005,-0.10941252687514536,0.015346431422379686,-0.06263171896180098,0.7368421052631579,0.0,54.533854166666664,0.16821546125257458,0.2778616317401341,1.033755885753256,-0.11060261004606664,0.013503137680006,-0.06313049055684361,0.7368421052631579,0.0,54.533854166666664
trough_adjusted_reversal_lb90_n3_r7,trough_adjusted_reversal,90,3,7,train,-0.2648822629934815,-0.36552169827801273,-0.955073874138224,-0.5183350129061179,-0.022033069946002334,-0.14311801865954565,0.4444444444444444,0.05555555555555555,21.644444444444446,-0.2712260135263169,-0.37359982540587133,-0.9858624744171756,-0.5237727193400266,-0.022733260369838335,-0.14369975708291838,0.4444444444444444,0.05555555555555555,21.644444444444446
trough_adjusted_reversal_lb90_n3_r7,trough_adjusted_reversal,90,3,7,test,0.3165951010362289,0.5430372825587741,1.790346098179683,-0.10860179880294496,0.023971338463490165,-0.06706306607253687,0.7368421052631579,0.05263157894736842,32.97395833333333,0.2993433627834945,0.5112728308126311,1.707728058287013,-0.10908609140431413,0.022847653427847576,-0.06743620330478994,0.7368421052631579,0.05263157894736842,32.97395833333333
trough_adjusted_reversal_lb180_n1_r1,trough_adjusted_reversal,180,1,1,train,-0.6160870180755958,-0.7571638287531008,-1.9087334131799576,-0.8257159430107537,-0.06662105110452343,-0.379647199455762,0.2777777777777778,0.05555555555555555,75.75555555555556,-0.627587206026156,-0.7678408285830757,-1.9761702005602093,-0.8327863556719837,-0.06900792938336095,-0.38141727710041673,0.2222222222222222,0.05555555555555555,75.75555555555556
trough_adjusted_reversal_lb180_n1_r1,trough_adjusted_reversal,180,1,1,test,-0.05647148288938053,-0.08759295134652767,-0.08154364428133773,-0.2861549793349699,-0.00017529050523339067,-0.1929766742266339,0.631578947368421,0.10526315789473684,128.09114583333331,-0.1036336350271152,-0.15846997144656527,-0.27223942094610465,-0.28787304326326446,-0.00451737623062851,-0.1929766742266339,0.47368421052631576,0.10526315789473684,128.09114583333331
trough_adjusted_reversal_lb180_n1_r3,trough_adjusted_reversal,180,1,3,train,-0.5158349323089633,-0.6577985066961959,-1.4215755357910866,-0.7331289818649066,-0.05017184048855241,-0.29769886900436016,0.4444444444444444,0.05555555555555555,41.93611111111111,-0.5239277160033532,-0.6662210798580671,-1.459363700283792,-0.7392752124534461,-0.05154081486298332,-0.2988632875027104,0.4444444444444444,0.05555555555555555,41.93611111111111
trough_adjusted_reversal_lb180_n1_r3,trough_adjusted_reversal,180,1,3,test,0.07275680731270318,0.11712193591715381,0.40030901049027695,-0.23549005493169894,0.009839524426914416,-0.1929766742266339,0.631578947368421,0.10526315789473684,69.75260416666666,0.04324096473274608,0.06903666985449108,0.29341064853529736,-0.2373235160258288,0.0074401264724364615,-0.1929766742266339,0.5263157894736842,0.10526315789473684,69.75260416666666
trough_adjusted_reversal_lb180_n1_r7,trough_adjusted_reversal,180,1,7,train,-0.4594263070891388,-0.5972438672528594,-1.1958096033532073,-0.6859233003402692,-0.04494118706815666,-0.23279257718658686,0.3888888888888889,0.05555555555555555,28.408333333333335,-0.46562365096492553,-0.6040515812601719,-1.2210631829883145,-0.6909907467467337,-0.045859539517669676,-0.23279257718658686,0.3888888888888889,0.05555555555555555,28.408333333333335
trough_adjusted_reversal_lb180_n1_r7,trough_adjusted_reversal,180,1,7,test,-0.08847136529711763,-0.13591253328940212,-0.2066313694024402,-0.2697293510212364,-0.004489960878800697,-0.1929766742266339,0.5789473684210527,0.05263157894736842,39.315104166666664,-0.10273406844505328,-0.15713775330349677,-0.26464823216709166,-0.27089830161023665,-0.005803721099071206,-0.1929766742266339,0.5789473684210527,0.05263157894736842,39.315104166666664
trough_adjusted_reversal_lb180_n2_r1,trough_adjusted_reversal,180,2,1,train,-0.4600856730059799,-0.5979699573559463,-1.8345604079614486,-0.6770863862339822,-0.04572201818616412,-0.22742550100656256,0.3333333333333333,0.0,33.81944444444444,-0.467351912160914,-0.6059433497009132,-1.8783360531031912,-0.6819086296140975,-0.04678356400334549,-0.22978231706091035,0.3333333333333333,0.0,33.81944444444444
trough_adjusted_reversal_lb180_n2_r1,trough_adjusted_reversal,180,2,1,test,0.11923877210896494,0.1944040613602862,0.690129892326922,-0.11949940871055387,0.010632647316224306,-0.07823959879794995,0.631578947368421,0.0,99.23893229166666,0.07568563592674349,0.1219355063362264,0.48020127948401375,-0.1324455520864517,0.007303218103634411,-0.08322997486879957,0.631578947368421,0.0,99.23893229166666
trough_adjusted_reversal_lb180_n2_r3,trough_adjusted_reversal,180,2,3,train,-0.4180629925511419,-0.5508583048827723,-1.5698581898903974,-0.6215590604412906,-0.040103421750976,-0.23966339415541849,0.2777777777777778,0.0,18.2625,-0.42231179734959445,-0.5556979949705874,-1.5930017548955335,-0.6248124995923798,-0.040680945586395574,-0.24059937886256055,0.2777777777777778,0.0,18.2625
trough_adjusted_reversal_lb180_n2_r3,trough_adjusted_reversal,180,2,3,test,0.13275414221738502,0.21722831233876305,0.77579107380012,-0.10786479473195276,0.01138418136965573,-0.06480740327269496,0.631578947368421,0.05263157894736842,51.99739583333333,0.10941676531275157,0.17791641299962846,0.6610352460989419,-0.10804147840070932,0.009632123357435135,-0.06687195678174951,0.631578947368421,0.05263157894736842,51.99739583333333
trough_adjusted_reversal_lb180_n2_r7,trough_adjusted_reversal,180,2,7,train,-0.38707508316908423,-0.5150527102189848,-1.4163282866839548,-0.5875915819630887,-0.03692919938531467,-0.17931511036764491,0.4444444444444444,0.0,12.85138888888889,-0.39023155680610067,-0.5187404232966113,-1.4326247180624565,-0.5903194416365778,-0.03733623946518717,-0.180143571669226,0.4444444444444444,0.0,12.85138888888889
trough_adjusted_reversal_lb180_n2_r7,trough_adjusted_reversal,180,2,7,test,0.23942890688514895,0.40284822676990406,1.2309518621470685,-0.09943634929055478,0.018702211902158677,-0.07037905323312876,0.7368421052631579,0.0,26.949869791666664,0.22611580534128106,0.37915901552237496,1.1730434020594447,-0.10052098508939,0.01779116332509322,-0.07149868554053507,0.7368421052631579,0.0,26.949869791666664
trough_adjusted_reversal_lb180_n3_r1,trough_adjusted_reversal,180,3,1,train,-0.28374246836773986,-0.3894396552431063,-1.2156628231190036,-0.4951571827169161,-0.023421448647772514,-0.25254502520776434,0.5,0.0,49.60185185185185,-0.2978374460489054,-0.40711919528388985,-1.2951147513024417,-0.5083419977569372,-0.025014667149146852,-0.254265390589659,0.5,0.0,49.60185185185185
trough_adjusted_reversal_lb180_n3_r1,trough_adjusted_reversal,180,3,1,test,0.03645742170822874,0.05809507607986353,0.2910598338592831,-0.11925747484791649,0.0039696724836980266,-0.07082295455295462,0.631578947368421,0.0,78.20746527777777,0.004529635438612845,0.0071525732591839475,0.11665698307324317,-0.12329750887859159,0.0013544160500972584,-0.07094410906481752,0.631578947368421,0.0,78.20746527777777
trough_adjusted_reversal_lb180_n3_r3,trough_adjusted_reversal,180,3,3,train,-0.2591395946497185,-0.35818016314285717,-1.089562959190152,-0.45790298461907486,-0.02089471562587264,-0.24908965844424524,0.5,0.0,25.25185185185185,-0.2665969422403587,-0.36770847178379773,-1.1303250504818358,-0.46509275850084464,-0.021707406950268886,-0.24990984057111487,0.5,0.0,25.25185185185185
trough_adjusted_reversal_lb180_n3_r3,trough_adjusted_reversal,180,3,3,test,0.13182705022504115,0.21565762802993693,0.8888587368898878,-0.10571776970569913,0.011080217066959438,-0.07048131716081762,0.631578947368421,0.0,38.89236111111111,0.11433808166862858,0.1861670672618334,0.7860715928130273,-0.10571776970569913,0.009775270422821026,-0.07060557288831082,0.631578947368421,0.0,38.89236111111111
trough_adjusted_reversal_lb180_n3_r7,trough_adjusted_reversal,180,3,7,train,-0.16193905499264472,-0.22986364423121197,-0.5515592360115804,-0.3996558876929578,-0.01276941162512464,-0.12746360329380702,0.4444444444444444,0.0,16.233333333333334,-0.16737158072970082,-0.2372328827421416,-0.576533630112823,-0.40117557412127913,-0.01329541631443478,-0.12781410890802802,0.4444444444444444,0.0,16.233333333333334
trough_adjusted_reversal_lb180_n3_r7,trough_adjusted_reversal,180,3,7,test,0.07657102332259402,0.12339214294860867,0.49753153679025275,-0.13842659522475342,0.006965916286131033,-0.07397341830136328,0.6842105263157895,0.0,21.559895833333332,0.0673172542435363,0.1082020657065288,0.4500844202064234,-0.1384265952247533,0.006239680242214201,-0.0742167037965985,0.6842105263157895,0.0,21.559895833333332
