candidate,family,profile,split,total_return,cagr,sharpe,max_drawdown,avg_month,worst_month,positive_month_pct,month_ge_10_pct,month_le_minus10_pct,months
topmom_21_3_5_200,top_momentum,unlevered,train,2.2380121319344237,0.15837226430450646,0.788651191353494,-0.349481886672256,0.014195786621728565,-0.21363490927549345,0.4479166666666667,0.10416666666666667,0.010416666666666666,96
topmom_21_3_5_200,top_momentum,unlevered,test,1.9750944122640979,0.35838733175531146,1.2647365411025324,-0.20589060756309308,0.02837944656383297,-0.1409748571818904,0.627906976744186,0.18604651162790697,0.046511627906976744,43
topmom_21_3_5_200,top_momentum,base,train,2.0035457069238767,0.1475287363291733,0.7853638810803636,-0.35535228034369015,0.01300011324587604,-0.1401191160013847,0.4479166666666667,0.08333333333333333,0.020833333333333332,96
topmom_21_3_5_200,top_momentum,base,test,1.5543902349083787,0.30143305992968794,1.2933506276042468,-0.1663975111373307,0.023708036356361786,-0.1272096245942771,0.627906976744186,0.13953488372093023,0.023255813953488372,43
topmom_21_3_5_200,top_momentum,balanced,train,4.868158900226415,0.24783777361871762,0.8347150219431755,-0.511501962530446,0.022701111776567296,-0.23395819124066564,0.4375,0.17708333333333334,0.07291666666666667,96
topmom_21_3_5_200,top_momentum,balanced,test,3.6251817489843194,0.5376550822398083,1.3142751968959965,-0.27974147746044764,0.04129245324109135,-0.21375091339039454,0.6046511627906976,0.27906976744186046,0.046511627906976744,43
topmom_21_3_21_200,top_momentum,unlevered,train,1.4726345004032622,0.11993751839432787,0.6136472968236572,-0.4189572278629108,0.011265908524517804,-0.2060543461456743,0.4479166666666667,0.0625,0.020833333333333332,96
topmom_21_3_21_200,top_momentum,unlevered,test,3.1307103280175577,0.48957991125188016,1.5570375040655589,-0.2810756542906694,0.0373193126905574,-0.17439829193806988,0.6511627906976745,0.20930232558139536,0.046511627906976744,43
topmom_21_3_21_200,top_momentum,base,train,1.2267906046776393,0.10535830940402313,0.5919218413168181,-0.32178346565087235,0.009797864343914981,-0.16309055048935583,0.4270833333333333,0.0625,0.020833333333333332,96
topmom_21_3_21_200,top_momentum,base,test,2.272258737765701,0.39520964439329576,1.5943959426254624,-0.2139384177086412,0.03015895236099987,-0.09620961988993726,0.627906976744186,0.13953488372093023,0.0,43
topmom_21_3_21_200,top_momentum,balanced,train,2.155683709355929,0.15464541804129817,0.593287939665567,-0.49972178688590296,0.015972343545745053,-0.27400558953671883,0.4270833333333333,0.1875,0.0625,96
topmom_21_3_21_200,top_momentum,balanced,test,6.249831697122441,0.7446064635981398,1.6359324519804435,-0.3505260992555258,0.053960104286578915,-0.1670741552308851,0.627906976744186,0.3023255813953488,0.11627906976744186,43
topmom_21_3_63_200,top_momentum,unlevered,train,1.3281728968328932,0.11153325789242152,0.5190772481841417,-0.4159581258677191,0.011188982708329106,-0.20049592058093313,0.4895833333333333,0.0625,0.041666666666666664,96
topmom_21_3_63_200,top_momentum,unlevered,test,0.9703836863279165,0.20990162049496908,0.7439029224092134,-0.44445913011022964,0.02002858074785319,-0.16263515274041984,0.5116279069767442,0.20930232558139536,0.09302325581395349,43
topmom_21_3_63_200,top_momentum,base,train,1.3559812101577533,0.11318584649978591,0.6151966916216351,-0.38252697539782465,0.010659275072305028,-0.20773393376604932,0.4375,0.07291666666666667,0.020833333333333332,96
topmom_21_3_63_200,top_momentum,base,test,0.6766688988447447,0.15625981194227223,0.7348878340473528,-0.3580351391153094,0.014236532781134686,-0.12805676318777337,0.5116279069767442,0.06976744186046512,0.023255813953488372,43
topmom_21_3_63_200,top_momentum,balanced,train,2.5286319410332148,0.17089720710810874,0.6291146235076668,-0.5416970975853208,0.017697741015152552,-0.2954520775484689,0.4479166666666667,0.1875,0.052083333333333336,96
topmom_21_3_63_200,top_momentum,balanced,test,1.2165780151761405,0.25059003138884983,0.7565545419031313,-0.5518127665336144,0.025118432678168642,-0.21607404216738257,0.4883720930232558,0.20930232558139536,0.13953488372093023,43
topmom_21_5_5_200,top_momentum,unlevered,train,2.4724607107956516,0.16854859472373573,0.9538492100097276,-0.28758744438167183,0.014365961619726295,-0.15999724063228382,0.46875,0.041666666666666664,0.020833333333333332,96
topmom_21_5_5_200,top_momentum,unlevered,test,1.7463133393622368,0.32819210327532766,1.3524257117214638,-0.23171428960044538,0.025866196943972755,-0.10383966685169754,0.627906976744186,0.16279069767441862,0.023255813953488372,43
topmom_21_5_5_200,top_momentum,base,train,2.4619139258297102,0.16810391397695734,0.8998006233493618,-0.3384774156672271,0.01445427883513449,-0.14539265827772174,0.4583333333333333,0.052083333333333336,0.020833333333333332,96
topmom_21_5_5_200,top_momentum,base,test,1.876924509236766,0.34564262741244045,1.445327208389899,-0.19805401778406873,0.02693845313707076,-0.1029369639626383,0.6511627906976745,0.13953488372093023,0.023255813953488372,43
topmom_21_5_5_200,top_momentum,balanced,train,6.0864630049429636,0.2776422215590575,0.9501140681128543,-0.47642111422314404,0.02425078490288259,-0.23128598390315913,0.4583333333333333,0.20833333333333334,0.07291666666666667,96
topmom_21_5_5_200,top_momentum,balanced,test,4.282159527255691,0.5961147244460299,1.4328232737096591,-0.32730405517705374,0.045467655935969485,-0.17472883821169638,0.627906976744186,0.3023255813953488,0.09302325581395349,43
topmom_21_5_21_200,top_momentum,unlevered,train,0.5969632257828204,0.06032035745204922,0.4005172656978211,-0.4286668596648112,0.006242083732464351,-0.17431902447513126,0.4375,0.03125,0.03125,96
topmom_21_5_21_200,top_momentum,unlevered,test,2.32563587295433,0.4015662369841637,1.5434343724138515,-0.2443201243214499,0.031166654196293976,-0.10661325421889378,0.6046511627906976,0.16279069767441862,0.046511627906976744,43
topmom_21_5_21_200,top_momentum,base,train,0.8169444109318904,0.07758093086744511,0.4789021377292203,-0.37529503188796465,0.00756507260533086,-0.13020417926230599,0.4270833333333333,0.052083333333333336,0.041666666666666664,96
topmom_21_5_21_200,top_momentum,base,test,2.2137424592522676,0.38815477956530153,1.6113993073700368,-0.19298539524130465,0.029866220432761114,-0.08001130619587316,0.5813953488372093,0.11627906976744186,0.0,43
topmom_21_5_21_200,top_momentum,balanced,train,1.2555804043628926,0.10713642520651745,0.4812900552758353,-0.5472187612391776,0.01189377670774835,-0.2215178843594664,0.4270833333333333,0.16666666666666666,0.0625,96
topmom_21_5_21_200,top_momentum,balanced,test,5.369259362516222,0.682278499954871,1.5958136920054045,-0.3188688648241298,0.05085500109702326,-0.1380679512932036,0.5813953488372093,0.3488372093023256,0.09302325581395349,43
topmom_21_5_63_200,top_momentum,unlevered,train,0.853347831452467,0.0802589634601758,0.4444933173941675,-0.38746676327200635,0.008045184992367236,-0.16315133141511495,0.4270833333333333,0.041666666666666664,0.052083333333333336,96
topmom_21_5_63_200,top_momentum,unlevered,test,1.3497452117560456,0.27125671723935274,1.0106133857424888,-0.37447885430342276,0.0234645110355689,-0.16263515274041984,0.5348837209302325,0.13953488372093023,0.023255813953488372,43
topmom_21_5_63_200,top_momentum,base,train,1.3290894617439606,0.111588001921191,0.6273901366867853,-0.300066952291312,0.010274682510284317,-0.1724882810884958,0.4270833333333333,0.052083333333333336,0.010416666666666666,96
topmom_21_5_63_200,top_momentum,base,test,1.158907378064069,0.24136220345243098,1.0754152880383927,-0.32439351764156044,0.02027822798435167,-0.13374221894470661,0.5581395348837209,0.06976744186046512,0.023255813953488372,43
topmom_21_5_63_200,top_momentum,balanced,train,2.2772038318741545,0.16011734964801483,0.6209915866791343,-0.4366519888862692,0.016120156792490566,-0.23436983140039036,0.4270833333333333,0.14583333333333334,0.0625,96
topmom_21_5_63_200,top_momentum,balanced,test,2.253662126391115,0.39297749574534135,1.0712007269847865,-0.5125680587497616,0.03437736258215173,-0.22528052096706075,0.5348837209302325,0.2558139534883721,0.11627906976744186,43
topmom_21_8_5_200,top_momentum,unlevered,train,1.3500318576852015,0.11283372961375338,0.7421096324807802,-0.25257888220109903,0.009913621974208048,-0.13161461109006856,0.4895833333333333,0.020833333333333332,0.010416666666666666,96
topmom_21_8_5_200,top_momentum,unlevered,test,1.5899251436678483,0.3064940738524953,1.4750404442251173,-0.15471675243319416,0.024119251001830457,-0.103235730042185,0.6511627906976745,0.09302325581395349,0.023255813953488372,43
topmom_21_8_5_200,top_momentum,base,train,1.5179009939209887,0.12248258693456981,0.7088530600410784,-0.32178311597016174,0.010963940606029024,-0.13934824534487156,0.4895833333333333,0.03125,0.020833333333333332,96
topmom_21_8_5_200,top_momentum,base,test,2.04157526512788,0.36684729917425085,1.5523508736206977,-0.16613635243069413,0.028498535694850023,-0.09194289626648011,0.6511627906976745,0.16279069767441862,0.0,43
topmom_21_8_5_200,top_momentum,balanced,train,2.86558216193824,0.1843355215508109,0.730918353858409,-0.4369407276489661,0.017264369280742594,-0.22951602305357144,0.4895833333333333,0.15625,0.08333333333333333,96
topmom_21_8_5_200,top_momentum,balanced,test,4.538147828683467,0.6174773196373502,1.533029773451681,-0.27964655589678855,0.04674816250095092,-0.15116274728587897,0.627906976744186,0.2558139534883721,0.09302325581395349,43
topmom_21_8_21_200,top_momentum,unlevered,train,0.9979631229917538,0.09046252654138631,0.5849671004042172,-0.41084715001140915,0.00840122056419798,-0.14056318060296302,0.4895833333333333,0.03125,0.020833333333333332,96
topmom_21_8_21_200,top_momentum,unlevered,test,1.6638288164004553,0.3168619070823009,1.4720492487792458,-0.21380103617712898,0.02528389746383985,-0.1083984275155846,0.5813953488372093,0.13953488372093023,0.023255813953488372,43
topmom_21_8_21_200,top_momentum,base,train,1.1041908867563412,0.09755362082002184,0.5827358962583915,-0.40947002457689974,0.009132256338284349,-0.12949985711642908,0.46875,0.020833333333333332,0.041666666666666664,96
topmom_21_8_21_200,top_momentum,base,test,1.959157963868055,0.35633918688017774,1.5324560329374768,-0.2133146290199297,0.028148392904328724,-0.08928885666429343,0.5813953488372093,0.16279069767441862,0.0,43
topmom_21_8_21_200,top_momentum,balanced,train,1.863672826473362,0.14070184295324872,0.5871400330257447,-0.5883503139296911,0.014421634445611363,-0.2200856597174693,0.4479166666666667,0.15625,0.08333333333333333,96
topmom_21_8_21_200,top_momentum,balanced,test,4.261903556649159,0.5943928026397953,1.489471944974685,-0.34368198506353087,0.0466569231436033,-0.15272774578120774,0.5813953488372093,0.32558139534883723,0.09302325581395349,43
topmom_21_8_63_200,top_momentum,unlevered,train,1.9973674289770549,0.14723311963915653,0.7500366140917034,-0.3224953691521205,0.012635836766962375,-0.13021142343817416,0.4895833333333333,0.041666666666666664,0.010416666666666666,96
topmom_21_8_63_200,top_momentum,unlevered,test,0.8550222214291567,0.1895673878350843,0.8445083887194487,-0.33026035210033033,0.016658478963871994,-0.16263515274041984,0.5116279069767442,0.06976744186046512,0.023255813953488372,43
topmom_21_8_63_200,top_momentum,base,train,2.534656175913183,0.17114714451967972,0.9036960160684687,-0.23243527810990483,0.01464013195240315,-0.14009359058517667,0.46875,0.052083333333333336,0.010416666666666666,96
topmom_21_8_63_200,top_momentum,base,test,1.0104770913121826,0.21676800674235608,1.0133474905629862,-0.3022655600170463,0.018443392916767696,-0.13396333289265572,0.5348837209302325,0.09302325581395349,0.023255813953488372,43
topmom_21_8_63_200,top_momentum,balanced,train,5.347404726717894,0.26015553404927316,0.8940771915132533,-0.37499861236632603,0.02284301357406043,-0.18644203752406763,0.4791666666666667,0.14583333333333334,0.0625,96
topmom_21_8_63_200,top_momentum,balanced,test,1.7301714792149214,0.32599428203882286,0.9609996053299507,-0.4704205990201177,0.029483452647479137,-0.2256264531505906,0.5116279069767442,0.2558139534883721,0.13953488372093023,43
topmom_21_10_5_200,top_momentum,unlevered,train,1.6367139372006694,0.12897712861328814,0.8566901843124259,-0.23701640306931326,0.011133159371372311,-0.12794250980688215,0.5104166666666666,0.03125,0.010416666666666666,96
topmom_21_10_5_200,top_momentum,unlevered,test,1.4520883939972702,0.28657437464517965,1.4701330584837438,-0.14972786346723377,0.022736312455232104,-0.11202070086833138,0.6744186046511628,0.06976744186046512,0.023255813953488372,43
topmom_21_10_5_200,top_momentum,base,train,1.9914573856191256,0.146949838069367,0.8326181125114768,-0.28224705257709315,0.012832844039331806,-0.1456643949123212,0.5104166666666666,0.07291666666666667,0.020833333333333332,96
topmom_21_10_5_200,top_momentum,base,test,1.9569495877416951,0.3560547421691507,1.535803667854078,-0.16630501448746748,0.027853979984207158,-0.09754971481907582,0.6744186046511628,0.13953488372093023,0.0,43
topmom_21_10_5_200,top_momentum,balanced,train,3.8611169173874345,0.21878542950999869,0.8448881294841307,-0.4086916384237774,0.019740635117393882,-0.2290779070762019,0.5104166666666666,0.13541666666666666,0.07291666666666667,96
topmom_21_10_5_200,top_momentum,balanced,test,4.207115909607104,0.5897114035756355,1.5155252529149714,-0.2748099354415101,0.04515896583523764,-0.1654416818126052,0.627906976744186,0.3023255813953488,0.09302325581395349,43
topmom_21_10_21_200,top_momentum,unlevered,train,1.148879725994329,0.1004435048111787,0.6598235140016625,-0.3789017351418603,0.009017680259167092,-0.13419463299731282,0.5208333333333334,0.03125,0.020833333333333332,96
topmom_21_10_21_200,top_momentum,unlevered,test,1.4938418752703084,0.29269165579985934,1.4535972822254737,-0.19818830607687143,0.023506630583692303,-0.10557655742417837,0.5813953488372093,0.13953488372093023,0.023255813953488372,43
topmom_21_10_21_200,top_momentum,base,train,1.4040780226557947,0.11600427272711666,0.6771425966289139,-0.3822842338947894,0.010455906966844633,-0.12961618371112338,0.4895833333333333,0.041666666666666664,0.03125,96
topmom_21_10_21_200,top_momentum,base,test,1.8874346096666885,0.3470218889476844,1.5062624793175292,-0.20735642072533667,0.027609915945302797,-0.09706992917466883,0.5813953488372093,0.16279069767441862,0.0,43
topmom_21_10_21_200,top_momentum,balanced,train,2.341686839748284,0.16294923937699313,0.6600446906087905,-0.5597014570803409,0.01582544861062622,-0.2201277977128424,0.4791666666666667,0.13541666666666666,0.08333333333333333,96
topmom_21_10_21_200,top_momentum,balanced,test,3.769348493339134,0.550971731496267,1.4344754232436574,-0.3315383839795101,0.04401342757749436,-0.16533701743022833,0.5813953488372093,0.3023255813953488,0.11627906976744186,43
topmom_21_10_63_200,top_momentum,unlevered,train,1.8062211575884564,0.13781292462698502,0.7398981744002032,-0.30623267182397207,0.01180234819879076,-0.1280272576013216,0.5104166666666666,0.03125,0.010416666666666666,96
topmom_21_10_63_200,top_momentum,unlevered,test,0.8221075797564505,0.183599409797631,0.8433508660966061,-0.3235963737031686,0.01617867902513093,-0.16263515274041984,0.4883720930232558,0.06976744186046512,0.023255813953488372,43
topmom_21_10_63_200,top_momentum,base,train,2.531717033082081,0.17102525002875213,0.9148175817409024,-0.2507855995287216,0.01455798005849801,-0.1447444737995901,0.4895833333333333,0.052083333333333336,0.020833333333333332,96
topmom_21_10_63_200,top_momentum,base,test,1.068350392100192,0.2265078138701213,1.0585277924221101,-0.28912222260763754,0.019130340077858392,-0.13737266314691388,0.5116279069767442,0.11627906976744186,0.023255813953488372,43
topmom_21_10_63_200,top_momentum,balanced,train,4.838205869407476,0.24703902552879753,0.8757881374630025,-0.3883066018662259,0.021725615052286526,-0.19002008624385103,0.4791666666666667,0.11458333333333333,0.052083333333333336,96
topmom_21_10_63_200,top_momentum,balanced,test,1.77702859489791,0.3323486660359005,0.9829061114728638,-0.447688517357561,0.029871203383386866,-0.23110049397052101,0.4883720930232558,0.23255813953488372,0.13953488372093023,43
topmom_63_3_5_200,top_momentum,unlevered,train,5.748726274571426,0.2698594607611742,1.1340850146886743,-0.30986770917684303,0.022804077237256765,-0.20336591828097972,0.4479166666666667,0.10416666666666667,0.010416666666666666,96
topmom_63_3_5_200,top_momentum,unlevered,test,1.1927213273603572,0.24679392930197586,0.8629123145000674,-0.23485167950975727,0.021471168366963524,-0.13861537920292633,0.5813953488372093,0.16279069767441862,0.06976744186046512,43
topmom_63_3_5_200,top_momentum,base,train,4.652751554271548,0.2420122121792112,1.1767796845025458,-0.3219709791452956,0.01993059989755166,-0.10452280894803123,0.4583333333333333,0.08333333333333333,0.010416666666666666,96
topmom_63_3_5_200,top_momentum,base,test,0.8581891113474873,0.19013757128922792,0.8791891734127911,-0.19986238627662867,0.016101799080511087,-0.08127075447844745,0.5813953488372093,0.11627906976744186,0.0,43
topmom_63_3_5_200,top_momentum,balanced,train,15.970656699281026,0.4251644312490459,1.2184148099288625,-0.5045524856285071,0.03507121488222597,-0.17794995134574831,0.4583333333333333,0.25,0.0625,96
topmom_63_3_5_200,top_momentum,balanced,test,1.7187339401032466,0.3244313228924598,0.9143867991041342,-0.3186177285841846,0.02833074285395992,-0.1388228745393113,0.5813953488372093,0.18604651162790697,0.06976744186046512,43
topmom_63_3_21_200,top_momentum,unlevered,train,5.349577779035922,0.26020950675457755,1.0872663022758595,-0.32551805750822627,0.02208067362986359,-0.14976464420525304,0.5,0.09375,0.03125,96
topmom_63_3_21_200,top_momentum,unlevered,test,2.2342683211141345,0.3906398662891939,1.2196502474310225,-0.2935559224431973,0.032328901670693716,-0.14895389201423015,0.5581395348837209,0.18604651162790697,0.046511627906976744,43
topmom_63_3_21_200,top_momentum,base,train,4.921486388065566,0.24925105412344983,1.19854921903331,-0.3053603497433731,0.02040611320741853,-0.1002719079286073,0.5,0.14583333333333334,0.010416666666666666,96
topmom_63_3_21_200,top_momentum,base,test,1.347648910113131,0.2709379940152965,1.170470087101058,-0.21944795587780053,0.022406663017850683,-0.10264192796281346,0.5581395348837209,0.11627906976744186,0.023255813953488372,43
topmom_63_3_21_200,top_momentum,balanced,train,15.810183925567149,0.4234712162707057,1.2075050565044736,-0.48460844777804835,0.0348608070370019,-0.17400201486942024,0.4791666666666667,0.21875,0.052083333333333336,96
topmom_63_3_21_200,top_momentum,balanced,test,3.1069306239740078,0.48716581526481706,1.2184424355641257,-0.3575765543545625,0.0404865974282224,-0.16496314860339523,0.5348837209302325,0.3023255813953488,0.11627906976744186,43
topmom_63_3_63_200,top_momentum,unlevered,train,2.633927218222946,0.175213003553635,0.722295545209776,-0.47959082921401086,0.01614521128313988,-0.19119126839046996,0.40625,0.08333333333333333,0.052083333333333336,96
topmom_63_3_63_200,top_momentum,unlevered,test,1.4163374398450168,0.28127671318156655,0.9212629976742911,-0.39882987321992147,0.025306590868843556,-0.1836232645384206,0.4883720930232558,0.18604651162790697,0.046511627906976744,43
topmom_63_3_63_200,top_momentum,base,train,2.0181047358138975,0.14822325470978748,0.7724752055012906,-0.47035585604542063,0.01342885249390541,-0.23374952523381554,0.40625,0.0625,0.020833333333333332,96
topmom_63_3_63_200,top_momentum,base,test,0.9771536831431387,0.21106805418214925,0.9196678974747146,-0.30719029538843234,0.018489105355780314,-0.15669992761946394,0.4883720930232558,0.11627906976744186,0.023255813953488372,43
topmom_63_3_63_200,top_momentum,balanced,train,5.029809340629939,0.25208786784190984,0.8216079827822951,-0.654367863588069,0.024234614563718587,-0.3377077032270397,0.40625,0.1875,0.08333333333333333,96
topmom_63_3_63_200,top_momentum,balanced,test,1.9219768951934117,0.35152966633597793,0.943257978026942,-0.48886021204749597,0.03280300153043901,-0.2614868640774116,0.4883720930232558,0.20930232558139536,0.11627906976744186,43
topmom_63_5_5_200,top_momentum,unlevered,train,3.123913446489997,0.19396080943120575,1.009009784375083,-0.26626562396835596,0.01631897616290752,-0.16224554469757035,0.4791666666666667,0.052083333333333336,0.010416666666666666,96
topmom_63_5_5_200,top_momentum,unlevered,test,1.914399724248999,0.3505441375685272,1.351067525651846,-0.17625124104538004,0.027594509770612508,-0.12364604724252992,0.6046511627906976,0.11627906976744186,0.046511627906976744,43
topmom_63_5_5_200,top_momentum,base,train,3.3283678925651703,0.20121157501729936,1.0405203973999397,-0.31622761813258105,0.0167919439029227,-0.11361066349783588,0.46875,0.09375,0.041666666666666664,96
topmom_63_5_5_200,top_momentum,base,test,1.679940326115744,0.3190946365576435,1.3731224587289912,-0.16004730044459936,0.025215069159365524,-0.08800124076482152,0.6046511627906976,0.11627906976744186,0.0,43
topmom_63_5_5_200,top_momentum,balanced,train,8.929540630845294,0.3327230053880774,1.070513199455248,-0.48174322250980683,0.02796313285570599,-0.18927649701770544,0.46875,0.17708333333333334,0.052083333333333336,96
topmom_63_5_5_200,top_momentum,balanced,test,3.865520158086955,0.5596949388219119,1.3839591508333098,-0.2524316840204912,0.04338644313088339,-0.1499018565216086,0.6046511627906976,0.3023255813953488,0.09302325581395349,43
topmom_63_5_21_200,top_momentum,unlevered,train,4.566765842293573,0.23963240840379973,1.202379212227159,-0.2947227928569458,0.01959137836664231,-0.12069467625564767,0.53125,0.0625,0.010416666666666666,96
topmom_63_5_21_200,top_momentum,unlevered,test,2.4460340638555986,0.4156394411684199,1.5291069956831251,-0.19552464584427032,0.032294495874963046,-0.12449684107207826,0.5813953488372093,0.23255813953488372,0.023255813953488372,43
topmom_63_5_21_200,top_momentum,base,train,5.04071432764234,0.25237097713870593,1.2488091765739304,-0.32298433363846346,0.020464588969580585,-0.15051621012593575,0.4895833333333333,0.09375,0.020833333333333332,96
topmom_63_5_21_200,top_momentum,base,test,2.258147961545549,0.39351676777852207,1.632791948289454,-0.15555113905193585,0.030444698957586593,-0.08235607828743485,0.5813953488372093,0.18604651162790697,0.0,43
topmom_63_5_21_200,top_momentum,balanced,train,15.49508724405894,0.42010494159950196,1.2623167772324193,-0.4906969624059776,0.03383081113466023,-0.22625040759403836,0.5,0.21875,0.052083333333333336,96
topmom_63_5_21_200,top_momentum,balanced,test,5.4738123793402345,0.6899912080764756,1.6156235042480531,-0.2605256875742541,0.05162402055329101,-0.13553189822251055,0.5813953488372093,0.3488372093023256,0.06976744186046512,43
topmom_63_5_63_200,top_momentum,unlevered,train,2.678297090675239,0.17699892126252004,0.8054704530456596,-0.40684892880253776,0.015203416169335094,-0.14943025958028355,0.4479166666666667,0.0625,0.03125,96
topmom_63_5_63_200,top_momentum,unlevered,test,1.3901680470700741,0.27736303243798766,1.0654907483118403,-0.35999045905717186,0.023409070542368786,-0.09877903955088918,0.5348837209302325,0.13953488372093023,0.0,43
topmom_63_5_63_200,top_momentum,base,train,2.7829872167869723,0.1811392088228767,0.9310966549494377,-0.38137053372941254,0.015541297054015149,-0.19550178050993627,0.4375,0.0625,0.020833333333333332,96
topmom_63_5_63_200,top_momentum,base,test,1.1286229625787318,0.2364452703626847,1.0626833057233158,-0.33162553751211465,0.019892146267329273,-0.10940288882796578,0.5348837209302325,0.11627906976744186,0.023255813953488372,43
topmom_63_5_63_200,top_momentum,balanced,train,6.877780244024055,0.2946779583873662,0.9532630371100648,-0.5527783941207733,0.025965445363310646,-0.2816829284317245,0.4270833333333333,0.15625,0.07291666666666667,96
topmom_63_5_63_200,top_momentum,balanced,test,2.1278965750132546,0.3776358922893832,1.0433123753543638,-0.5222452323418957,0.03322847887935684,-0.18575150266285934,0.5348837209302325,0.2558139534883721,0.09302325581395349,43
topmom_63_8_5_200,top_momentum,unlevered,train,2.468039927921732,0.16836234669667727,1.0049741997591688,-0.2170441891055036,0.014137509091325174,-0.13665144582645972,0.5104166666666666,0.052083333333333336,0.010416666666666666,96
topmom_63_8_5_200,top_momentum,unlevered,test,1.4068041335482158,0.2798545350691757,1.3245636132165928,-0.14456021889801296,0.022508678202566548,-0.11258295760552228,0.627906976744186,0.09302325581395349,0.023255813953488372,43
topmom_63_8_5_200,top_momentum,base,train,3.0170647810325946,0.19004550502181794,1.0149699836137993,-0.28211057004030093,0.016000220465122426,-0.13822721173494223,0.5104166666666666,0.07291666666666667,0.041666666666666664,96
topmom_63_8_5_200,top_momentum,base,test,1.48609500767552,0.2915622607018211,1.30412346091509,-0.16430241396346024,0.02364100724229264,-0.09200166155732614,0.627906976744186,0.13953488372093023,0.0,43
topmom_63_8_5_200,top_momentum,balanced,train,7.302524026459734,0.3032128998449488,1.0537946021031914,-0.39707187598963223,0.025576467626028238,-0.21328190563076233,0.5104166666666666,0.15625,0.052083333333333336,96
topmom_63_8_5_200,top_momentum,balanced,test,3.2792911678992223,0.5044417104913725,1.3213237668845186,-0.25015220432772833,0.04066631429408185,-0.15690379066517834,0.5813953488372093,0.27906976744186046,0.09302325581395349,43
topmom_63_8_21_200,top_momentum,unlevered,train,2.830572731609214,0.18298807082156232,1.0544775546411502,-0.23387101828610668,0.015063997149713492,-0.0962621191354125,0.5208333333333334,0.03125,0.0,96
topmom_63_8_21_200,top_momentum,unlevered,test,1.8593439618944787,0.3433273756124957,1.5356837646629768,-0.18323981931618205,0.026646085102206975,-0.07932931499665108,0.6046511627906976,0.11627906976744186,0.0,43
topmom_63_8_21_200,top_momentum,base,train,3.5178400227052657,0.20766826286133155,1.0869098917594315,-0.25356107454806476,0.01705804266129115,-0.13299511128002706,0.53125,0.0625,0.020833333333333332,96
topmom_63_8_21_200,top_momentum,base,test,1.8887700204753477,0.3471968789668374,1.5053524815954866,-0.1806989021400438,0.027155938291502483,-0.10380933374204038,0.5813953488372093,0.11627906976744186,0.023255813953488372,43
topmom_63_8_21_200,top_momentum,balanced,train,8.86175743995241,0.3315812467822026,1.1063476611191767,-0.3756835781666883,0.027048410647169997,-0.1896370920602135,0.5104166666666666,0.14583333333333334,0.0625,96
topmom_63_8_21_200,top_momentum,balanced,test,4.2432720954630865,0.5928047638735143,1.491493278646497,-0.300252818266729,0.045231395442029906,-0.1373603024103629,0.5581395348837209,0.3023255813953488,0.11627906976744186,43
topmom_63_8_63_200,top_momentum,unlevered,train,2.2864267718464886,0.1605253634817767,0.8223925556007048,-0.3355137898012127,0.013456129894888027,-0.11477608259567951,0.5208333333333334,0.041666666666666664,0.010416666666666666,96
topmom_63_8_63_200,top_momentum,unlevered,test,1.2578324313616989,0.25708572361967175,1.124386854737879,-0.3016670557223131,0.02117046516935324,-0.08999422425184589,0.5581395348837209,0.06976744186046512,0.0,43
topmom_63_8_63_200,top_momentum,base,train,2.73817452373232,0.1793793830465915,0.9486590540347675,-0.3141829236508987,0.015097808405491957,-0.16322437932176193,0.5,0.052083333333333336,0.020833333333333332,96
topmom_63_8_63_200,top_momentum,base,test,1.4430719321256564,0.28524355868513074,1.2628304493715927,-0.3021525297769384,0.02321035820618117,-0.09266934725624065,0.5581395348837209,0.11627906976744186,0.0,43
topmom_63_8_63_200,top_momentum,balanced,train,6.260574505578724,0.2815284339716906,0.9590907119978288,-0.44105009912372817,0.02398502358935768,-0.22081996354684807,0.5104166666666666,0.11458333333333333,0.0625,96
topmom_63_8_63_200,top_momentum,balanced,test,2.646027661524462,0.43825438769808445,1.192373270637583,-0.47677156337446347,0.03655460661387041,-0.16152737052460397,0.5581395348837209,0.2558139534883721,0.16279069767441862,43
topmom_63_10_5_200,top_momentum,unlevered,train,2.1843505038206303,0.15595265984268725,0.981026565877192,-0.20724210202814275,0.013108377912135809,-0.1289475503592865,0.5104166666666666,0.041666666666666664,0.010416666666666666,96
topmom_63_10_5_200,top_momentum,unlevered,test,1.22362304887546,0.2517054232180256,1.2892689393232288,-0.13913230199695004,0.020297742978801235,-0.09706496986157909,0.5813953488372093,0.06976744186046512,0.0,43
topmom_63_10_5_200,top_momentum,base,train,2.8745563904531357,0.1846792040482057,1.003226512664657,-0.2660859599899855,0.015556438325458161,-0.132348250441495,0.5,0.041666666666666664,0.041666666666666664,96
topmom_63_10_5_200,top_momentum,base,test,1.4674766378176645,0.2888375513166719,1.3041202936738128,-0.14384106757873882,0.023291669237825257,-0.08569318272108362,0.5581395348837209,0.11627906976744186,0.0,43
topmom_63_10_5_200,top_momentum,balanced,train,6.375155974076846,0.2840416723098018,1.0225745489769038,-0.3777704955724589,0.02407962614548252,-0.20854381601868377,0.5,0.13541666666666666,0.052083333333333336,96
topmom_63_10_5_200,top_momentum,balanced,test,2.948128314435548,0.4707811187824851,1.2800456057759757,-0.2403819759784097,0.03801338697233819,-0.14492705935672845,0.5581395348837209,0.27906976744186046,0.09302325581395349,43
topmom_63_10_21_200,top_momentum,unlevered,train,2.3831457808196403,0.1647448373982956,1.003862824527879,-0.23237873496029393,0.013627098831251286,-0.10385796468832764,0.53125,0.020833333333333332,0.010416666666666666,96
topmom_63_10_21_200,top_momentum,unlevered,test,1.7394700774509668,0.3272614851107001,1.56788357557236,-0.15519513190176104,0.02554182608209173,-0.08221516175798527,0.5813953488372093,0.09302325581395349,0.0,43
topmom_63_10_21_200,top_momentum,base,train,3.1733386240501007,0.1957419737002435,1.0448180305019752,-0.2541976275087592,0.016144851543790605,-0.1392040041464101,0.53125,0.052083333333333336,0.020833333333333332,96
topmom_63_10_21_200,top_momentum,base,test,1.924050167221134,0.3517990073136654,1.5315029929386248,-0.16563618194501195,0.027535065081362654,-0.09555577436605822,0.5813953488372093,0.11627906976744186,0.0,43
topmom_63_10_21_200,top_momentum,balanced,train,7.070155495339327,0.29859226017685514,1.0398597634459017,-0.38072161335865407,0.02469285089020327,-0.20251845614249464,0.5208333333333334,0.125,0.0625,96
topmom_63_10_21_200,top_momentum,balanced,test,4.16962545870458,0.5864875359132866,1.504697521037428,-0.275165799642512,0.04498267249049608,-0.16050431424261868,0.5348837209302325,0.32558139534883723,0.09302325581395349,43
topmom_63_10_63_200,top_momentum,unlevered,train,2.0782823919650246,0.15106320522483174,0.8089843570955951,-0.32576116479476913,0.012674984088272093,-0.11314690064618849,0.5208333333333334,0.03125,0.020833333333333332,96
topmom_63_10_63_200,top_momentum,unlevered,test,1.0677850407857048,0.2264136215717567,1.0650404918598284,-0.2817531536367396,0.018805629520124854,-0.08597194289420396,0.5348837209302325,0.09302325581395349,0.0,43
topmom_63_10_63_200,top_momentum,base,train,2.629888125389309,0.1750494814269259,0.9380693317699134,-0.33159704908356546,0.014802760243944127,-0.16454509305711318,0.5104166666666666,0.041666666666666664,0.03125,96
topmom_63_10_63_200,top_momentum,base,test,1.2847454960836808,0.261277440156124,1.182827007300878,-0.2992466483499002,0.021589474101394338,-0.09214360445919567,0.5116279069767442,0.11627906976744186,0.0,43
topmom_63_10_63_200,top_momentum,balanced,train,5.583415104451826,0.2659250688177335,0.9316802737056945,-0.4574679217688914,0.022902499488653975,-0.21743737779717764,0.5,0.10416666666666667,0.0625,96
topmom_63_10_63_200,top_momentum,balanced,test,2.267197260421266,0.3946030213623912,1.116328649962727,-0.46025374661440943,0.03355250781758842,-0.16009603091430513,0.5116279069767442,0.2558139534883721,0.09302325581395349,43
topmom_126_3_5_200,top_momentum,unlevered,train,8.709378628455434,0.3289892585180749,1.2769994235846285,-0.2837767092150344,0.026423403323317215,-0.18945701488553346,0.5416666666666666,0.11458333333333333,0.010416666666666666,96
topmom_126_3_5_200,top_momentum,unlevered,test,1.9363814596395836,0.3533981477430128,1.1068943682355825,-0.2019531533740384,0.029236070820068176,-0.18785234632208647,0.5813953488372093,0.20930232558139536,0.046511627906976744,43
topmom_126_3_5_200,top_momentum,base,train,6.725346864507944,0.29151652316292265,1.3905269159011124,-0.19219155075825411,0.023271202124284452,-0.10176088479642365,0.5208333333333334,0.11458333333333333,0.010416666666666666,96
topmom_126_3_5_200,top_momentum,base,test,1.3912770160200898,0.2775295043466226,1.1773121442223227,-0.16346721881044934,0.022363716360338626,-0.07697042615363248,0.5581395348837209,0.16279069767441862,0.0,43
topmom_126_3_5_200,top_momentum,balanced,train,28.034784474822892,0.5242156606402881,1.4340818658404921,-0.27257725278767686,0.040712807944817214,-0.1617904502678842,0.5208333333333334,0.23958333333333334,0.0625,96
topmom_126_3_5_200,top_momentum,balanced,test,3.1904583251597627,0.49560168945934757,1.2203773247858503,-0.2518921948887535,0.03947082628916346,-0.13238919556632323,0.5581395348837209,0.27906976744186046,0.13953488372093023,43
topmom_126_3_21_200,top_momentum,unlevered,train,8.378898514252217,0.323243148047915,1.2593824510390599,-0.28540778123526644,0.025826300368010858,-0.09694565536996225,0.5104166666666666,0.125,0.0,96
topmom_126_3_21_200,top_momentum,unlevered,test,3.464246744449232,0.5224321731636139,1.4484881869523418,-0.2821005589291734,0.04032903290309886,-0.18813464858156992,0.5813953488372093,0.2558139534883721,0.046511627906976744,43
topmom_126_3_21_200,top_momentum,base,train,6.584495947743056,0.2885464141986225,1.3683630564852314,-0.21907228608031004,0.022966941586189,-0.09573551872360986,0.5,0.11458333333333333,0.0,96
topmom_126_3_21_200,top_momentum,base,test,2.314335846039406,0.4002266905677381,1.5861841464067417,-0.20245431847985285,0.03044096250962765,-0.09991028257247025,0.5813953488372093,0.13953488372093023,0.0,43
topmom_126_3_21_200,top_momentum,balanced,train,26.794733922940512,0.5159139717517098,1.4087207336500787,-0.30498126623807664,0.040034008051523996,-0.16479842502242736,0.5,0.1875,0.020833333333333332,96
topmom_126_3_21_200,top_momentum,balanced,test,5.8536888445549895,0.7172820595877372,1.58174648649243,-0.3330996343564062,0.05213602596361553,-0.16979432000400863,0.5813953488372093,0.3023255813953488,0.06976744186046512,43
topmom_126_3_63_200,top_momentum,unlevered,train,4.446749147568135,0.23625638967866247,0.9042648960157577,-0.4159581258677192,0.019860870602169785,-0.13193863327107924,0.46875,0.09375,0.010416666666666666,96
topmom_126_3_63_200,top_momentum,unlevered,test,2.101974238577976,0.3744188070367067,1.1229651647222971,-0.29399390245868395,0.03143498947521142,-0.165363960841853,0.5116279069767442,0.18604651162790697,0.046511627906976744,43
topmom_126_3_63_200,top_momentum,base,train,4.050769538846078,0.224635945254821,1.0977808849676647,-0.27959012013266793,0.018512300443002214,-0.09906789374043756,0.4791666666666667,0.08333333333333333,0.0,96
topmom_126_3_63_200,top_momentum,base,test,1.5679117622790795,0.3033647774615571,1.2722193397587995,-0.20667016350541023,0.02442618601567204,-0.0751453963528067,0.5116279069767442,0.06976744186046512,0.0,43
topmom_126_3_63_200,top_momentum,balanced,train,11.55435461391357,0.3724157502313712,1.1024871958494404,-0.40451429367768355,0.030862827957161065,-0.16411511348946184,0.46875,0.17708333333333334,0.041666666666666664,96
topmom_126_3_63_200,top_momentum,balanced,test,3.233504334758644,0.49990198100795835,1.238437104333865,-0.34926390683110253,0.04065780876260045,-0.13276843979730768,0.5116279069767442,0.23255813953488372,0.09302325581395349,43
topmom_126_5_5_200,top_momentum,unlevered,train,4.125686465379356,0.22689418176729603,1.1050821199531216,-0.25191141926880467,0.018891052255850888,-0.16582899301078713,0.5104166666666666,0.10416666666666667,0.020833333333333332,96
topmom_126_5_5_200,top_momentum,unlevered,test,1.7420483449505548,0.3276123008766423,1.2402492139772852,-0.19052659117548598,0.02635773157571078,-0.12469664116213175,0.5813953488372093,0.18604651162790697,0.046511627906976744,43
topmom_126_5_5_200,top_momentum,base,train,4.781885467976917,0.24552738905984595,1.2283570234819798,-0.21096407355289803,0.020111596554474597,-0.11903832405561943,0.5,0.09375,0.041666666666666664,96
topmom_126_5_5_200,top_momentum,base,test,1.472020828430522,0.2895039320313293,1.2612742694968089,-0.16858894974556704,0.02325675188122938,-0.09172425085744096,0.6046511627906976,0.13953488372093023,0.0,43
topmom_126_5_5_200,top_momentum,balanced,train,14.658279990795647,0.41088401064095104,1.2440272013066578,-0.3445181188335379,0.03353969952019529,-0.20232711442909213,0.5,0.19791666666666666,0.0625,96
topmom_126_5_5_200,top_momentum,balanced,test,3.456111787894816,0.5216522751167325,1.310223949900596,-0.28218502274308865,0.04120820866454565,-0.15036256976067386,0.5813953488372093,0.27906976744186046,0.09302325581395349,43
topmom_126_5_21_200,top_momentum,unlevered,train,5.189083621367014,0.2561790878782202,1.1951827514517457,-0.2997601313871152,0.02073004156185412,-0.12509076652821627,0.5625,0.09375,0.020833333333333332,96
topmom_126_5_21_200,top_momentum,unlevered,test,2.436914699821923,0.4145859779549004,1.4673422661839044,-0.19159207462905248,0.03263262915973406,-0.13101767561793842,0.5813953488372093,0.20930232558139536,0.023255813953488372,43
topmom_126_5_21_200,top_momentum,base,train,6.142922856190269,0.27891148511904484,1.348583409444939,-0.25965591302409263,0.022264501806467524,-0.15156697461495772,0.53125,0.10416666666666667,0.03125,96
topmom_126_5_21_200,top_momentum,base,test,1.7190357076089593,0.32447262060290605,1.4036698556309797,-0.17432455725424967,0.025971321535655376,-0.09541677864281539,0.5813953488372093,0.11627906976744186,0.0,43
topmom_126_5_21_200,top_momentum,balanced,train,21.193840905294625,0.47382584438291064,1.3656828395055665,-0.36890711393461506,0.03695982889984724,-0.2246759315361596,0.53125,0.1875,0.041666666666666664,96
topmom_126_5_21_200,top_momentum,balanced,test,4.127230667889769,0.5828216173326408,1.430564505378551,-0.2887530083101053,0.04580109909491217,-0.13701535449118163,0.5813953488372093,0.32558139534883723,0.16279069767441862,43
topmom_126_5_63_200,top_momentum,unlevered,train,2.283749650896569,0.1604070335674166,0.7305038325904645,-0.36614836714188026,0.01383526245408149,-0.1263383231999723,0.5104166666666666,0.0625,0.03125,96
topmom_126_5_63_200,top_momentum,unlevered,test,2.0609423398062647,0.36928680470017383,1.3195362294087876,-0.2019013331657431,0.02944674947180641,-0.10797948502468846,0.5813953488372093,0.13953488372093023,0.023255813953488372,43
topmom_126_5_63_200,top_momentum,base,train,2.7476988379368876,0.1797549481347649,0.9283847279140888,-0.29036264642718224,0.015144939797194478,-0.14049055887913697,0.4895833333333333,0.0625,0.010416666666666666,96
topmom_126_5_63_200,top_momentum,base,test,1.713394135947563,0.3237000102612766,1.4008103320259444,-0.16080719783388175,0.025717074883808255,-0.07019593065593199,0.6046511627906976,0.09302325581395349,0.0,43
topmom_126_5_63_200,top_momentum,balanced,train,6.420950859902764,0.28503659491195554,0.9326817109799289,-0.42325120600963906,0.02456078606260485,-0.21924313104170823,0.46875,0.15625,0.041666666666666664,96
topmom_126_5_63_200,top_momentum,balanced,test,3.5314051709761074,0.528831925964734,1.352529051410538,-0.2696463610613369,0.041811867274862885,-0.12264763094716036,0.5813953488372093,0.2558139534883721,0.06976744186046512,43
topmom_126_8_5_200,top_momentum,unlevered,train,3.2603086179270386,0.19883183129481985,1.1063867255617046,-0.22865030435476097,0.016425321412209464,-0.1365106945246245,0.5416666666666666,0.052083333333333336,0.010416666666666666,96
topmom_126_8_5_200,top_momentum,unlevered,test,1.1176475719124115,0.23465090463883853,1.0987442361711626,-0.16626009387014296,0.01933595281870558,-0.10801283987713628,0.6046511627906976,0.06976744186046512,0.023255813953488372,43
topmom_126_8_5_200,top_momentum,base,train,4.40443457774196,0.23505056894558596,1.2094871892689067,-0.21150571455128364,0.01921737545775063,-0.12220668018904612,0.5208333333333334,0.07291666666666667,0.03125,96
topmom_126_8_5_200,top_momentum,base,test,1.237759871181333,0.25393596647412764,1.1627884016929808,-0.158073069444572,0.02080837723653263,-0.0959026092817562,0.5813953488372093,0.09302325581395349,0.0,43
topmom_126_8_5_200,top_momentum,balanced,train,11.445785566982092,0.37092506102156775,1.2035350782278778,-0.33951723114054144,0.030280064056420575,-0.19757244403253604,0.5208333333333334,0.15625,0.052083333333333336,96
topmom_126_8_5_200,top_momentum,balanced,test,2.594062000497799,0.43246572385130033,1.1798696760861307,-0.2648117422205253,0.03546833195532588,-0.16424403317862468,0.5813953488372093,0.2558139534883721,0.09302325581395349,43
topmom_126_8_21_200,top_momentum,unlevered,train,3.0274336236548773,0.1904294210426123,1.046018507382069,-0.2704951889036572,0.015788244129950932,-0.09250953736762901,0.53125,0.041666666666666664,0.0,96
topmom_126_8_21_200,top_momentum,unlevered,test,2.333619832156549,0.4025107127837453,1.675295187194858,-0.16093343498070622,0.030400566804261675,-0.08571383974022584,0.627906976744186,0.16279069767441862,0.0,43
topmom_126_8_21_200,top_momentum,base,train,4.138426955915431,0.22727534461274224,1.162328360378269,-0.23796195090823014,0.01868181075760296,-0.1267438522716875,0.53125,0.08333333333333333,0.020833333333333332,96
topmom_126_8_21_200,top_momentum,base,test,2.2230439685281205,0.38928233248640387,1.6550202384321613,-0.15285150113063106,0.029641453341223797,-0.06767192744541906,0.627906976744186,0.13953488372093023,0.0,43
topmom_126_8_21_200,top_momentum,balanced,train,10.047557263979568,0.35063433048343673,1.1417321040571793,-0.3865033341728077,0.028887379848929234,-0.1836883476798804,0.5208333333333334,0.14583333333333334,0.0625,96
topmom_126_8_21_200,top_momentum,balanced,test,5.5638565859065405,0.6965621587584105,1.6585850921107914,-0.2572458122267266,0.05052417436251066,-0.11689816317544599,0.627906976744186,0.3488372093023256,0.06976744186046512,43
topmom_126_8_63_200,top_momentum,unlevered,train,1.9145244973587738,0.14321688712168634,0.7347137876391038,-0.3054686295022955,0.012336725361663388,-0.09850829126758587,0.4791666666666667,0.041666666666666664,0.0,96
topmom_126_8_63_200,top_momentum,unlevered,test,1.4516439640478458,0.28650885998497255,1.228640590487584,-0.21649801290635684,0.02323218147607789,-0.09055626314093557,0.5116279069767442,0.11627906976744186,0.0,43
topmom_126_8_63_200,top_momentum,base,train,2.511687228911419,0.17019218660983038,0.9047143635011785,-0.286563287535182,0.0146608980448772,-0.12324743257248749,0.4791666666666667,0.0625,0.03125,96
topmom_126_8_63_200,top_momentum,base,test,1.3473319964860853,0.27088979243190203,1.2345456286049938,-0.2089001216627686,0.0221387550687385,-0.07961756469910564,0.5116279069767442,0.09302325581395349,0.0,43
topmom_126_8_63_200,top_momentum,balanced,train,5.180426206763453,0.2559590890365091,0.8895301167044506,-0.39997568279762563,0.022766191033208708,-0.17795932503488454,0.4583333333333333,0.13541666666666666,0.07291666666666667,96
topmom_126_8_63_200,top_momentum,balanced,test,2.676158530668656,0.44158365995695403,1.203014927136646,-0.3414746360620218,0.03662687825170366,-0.1387990822797035,0.5116279069767442,0.3023255813953488,0.09302325581395349,43
topmom_126_10_5_200,top_momentum,unlevered,train,2.2727493160462973,0.15991992634385976,0.9819297217851342,-0.20797279045590644,0.013409959210877278,-0.12770350876697034,0.5208333333333334,0.041666666666666664,0.010416666666666666,96
topmom_126_10_5_200,top_momentum,unlevered,test,1.1880927275221453,0.24605398531349043,1.2329424688757484,-0.16690415772695533,0.01999053238772716,-0.11346401436347697,0.6046511627906976,0.06976744186046512,0.023255813953488372,43
topmom_126_10_5_200,top_momentum,base,train,3.11553510072122,0.19365702454064637,1.046064787093888,-0.24540766543426507,0.016209471389046697,-0.12460698047471153,0.5208333333333334,0.08333333333333333,0.041666666666666664,96
topmom_126_10_5_200,top_momentum,base,test,1.4745708577022922,0.28987749412765473,1.309350466443135,-0.16321917604874125,0.02331894370834986,-0.10458369086020858,0.6046511627906976,0.06976744186046512,0.023255813953488372,43
topmom_126_10_5_200,top_momentum,balanced,train,6.768938057811917,0.29242612701924875,1.0368111314925852,-0.3581200684044378,0.02476333277909307,-0.209522482479372,0.5208333333333334,0.14583333333333334,0.052083333333333336,96
topmom_126_10_5_200,top_momentum,balanced,test,3.046000170038252,0.4809339980776981,1.2979750510939239,-0.27555470972973917,0.03855872592612065,-0.17806715549330376,0.6046511627906976,0.3023255813953488,0.06976744186046512,43
topmom_126_10_21_200,top_momentum,unlevered,train,2.5027932849436305,0.16982094343855492,1.0094151969503435,-0.25541910113541566,0.014104457632449741,-0.09222267036846499,0.5520833333333334,0.041666666666666664,0.0,96
topmom_126_10_21_200,top_momentum,unlevered,test,1.856434329740285,0.34294320813021106,1.6198606807232736,-0.16256437446418015,0.02630473360206819,-0.06937985211714603,0.6046511627906976,0.09302325581395349,0.0,43
topmom_126_10_21_200,top_momentum,base,train,3.7378392530659195,0.21487445620109802,1.1272395988122126,-0.2401818528455787,0.017677830250903984,-0.12087213058883606,0.5520833333333334,0.07291666666666667,0.010416666666666666,96
topmom_126_10_21_200,top_momentum,base,test,2.0809215703237536,0.3717918153088391,1.6221567711924472,-0.16301850767595638,0.028483878405066953,-0.06556647779381519,0.6046511627906976,0.09302325581395349,0.0,43
topmom_126_10_21_200,top_momentum,balanced,train,7.940823047492019,0.31534683148753273,1.079973999570692,-0.3842368254871156,0.026173894758441202,-0.17271783568478816,0.5520833333333334,0.16666666666666666,0.0625,96
topmom_126_10_21_200,top_momentum,balanced,test,4.774629315444586,0.6365899657330665,1.6033572585701863,-0.27568578355591566,0.046891464246639564,-0.11484292917139416,0.6046511627906976,0.3023255813953488,0.06976744186046512,43
topmom_126_10_63_200,top_momentum,unlevered,train,1.7085416631182535,0.13278021733134526,0.7128910996492792,-0.3246542285930063,0.011412988262800558,-0.0918259280257081,0.4895833333333333,0.041666666666666664,0.0,96
topmom_126_10_63_200,top_momentum,unlevered,test,1.4303955077470456,0.2833665517005983,1.3380442192517785,-0.18755733700057065,0.022595666457896135,-0.08092618227737625,0.5348837209302325,0.11627906976744186,0.0,43
topmom_126_10_63_200,top_momentum,base,train,2.5448017439624864,0.17156722942148828,0.922590430524579,-0.25970520569241506,0.01460637606156156,-0.11149924821733959,0.46875,0.0625,0.03125,96
topmom_126_10_63_200,top_momentum,base,test,1.531579669243484,0.29815755686670076,1.3590656738816844,-0.1883305052510048,0.023829094668025283,-0.07877994760902873,0.5116279069767442,0.09302325581395349,0.0,43
topmom_126_10_63_200,top_momentum,balanced,train,4.616266150482436,0.24100631029101094,0.8652140068404719,-0.39588174518983354,0.021319423185351936,-0.16462193216156318,0.46875,0.13541666666666666,0.08333333333333333,96
topmom_126_10_63_200,top_momentum,balanced,test,3.0229643429209982,0.4785603697991794,1.3017168052572448,-0.3091270104378756,0.03827320929764379,-0.1377446957975994,0.5116279069767442,0.27906976744186046,0.09302325581395349,43
topmom_252_3_5_200,top_momentum,unlevered,train,6.2091361042915025,0.2803888781594266,1.1140121368592417,-0.3174403064362513,0.023367133890962916,-0.1748612962668914,0.46875,0.125,0.020833333333333332,96
topmom_252_3_5_200,top_momentum,unlevered,test,1.9256257854791272,0.3520036057389835,1.125002198198832,-0.3232663512577003,0.029474321487467856,-0.2109580641705675,0.5581395348837209,0.20930232558139536,0.046511627906976744,43
topmom_252_3_5_200,top_momentum,base,train,5.242338931779862,0.25752649919888215,1.270325488132431,-0.23019310802700255,0.020908685691820084,-0.15619655437925817,0.46875,0.09375,0.010416666666666666,96
topmom_252_3_5_200,top_momentum,base,test,1.783058757660307,0.3331608153952934,1.3664417136682971,-0.25613054814035274,0.02661414260548023,-0.08943116995422817,0.5813953488372093,0.13953488372093023,0.0,43
topmom_252_3_5_200,top_momentum,balanced,train,17.136030905511923,0.43705703509587934,1.2679390472507208,-0.36693574991083067,0.03547784317977757,-0.2613623486950125,0.4583333333333333,0.19791666666666666,0.041666666666666664,96
topmom_252_3_5_200,top_momentum,balanced,test,3.9871021203918415,0.5705472856284903,1.3457324212403607,-0.4091766079741622,0.04518050604753701,-0.15311422075674674,0.5813953488372093,0.27906976744186046,0.06976744186046512,43
topmom_252_3_21_200,top_momentum,unlevered,train,5.024730932954089,0.2519558721004733,1.0236401030530489,-0.37545145378249956,0.021462416782603605,-0.17573191164621127,0.46875,0.09375,0.03125,96
topmom_252_3_21_200,top_momentum,unlevered,test,3.1655800136639494,0.4931018472630635,1.4355575379804426,-0.26118592628380144,0.03872638418865523,-0.18474046914039655,0.5116279069767442,0.2558139534883721,0.023255813953488372,43
topmom_252_3_21_200,top_momentum,base,train,3.7832811038433185,0.21632634417079788,1.091999440574294,-0.28579587697455155,0.018078681170173586,-0.18639000771917935,0.46875,0.08333333333333333,0.020833333333333332,96
topmom_252_3_21_200,top_momentum,base,test,2.323639810541387,0.4013298547217419,1.6193597478393955,-0.2001673198989402,0.0307172841524905,-0.07509190445339897,0.5348837209302325,0.16279069767441862,0.0,43
topmom_252_3_21_200,top_momentum,balanced,train,10.494678659789313,0.3573559311255592,1.0891554934023007,-0.45480923676114493,0.030521390693691697,-0.2980655353508782,0.46875,0.14583333333333334,0.03125,96
topmom_252_3_21_200,top_momentum,balanced,test,5.491107919009465,0.6912584217091318,1.5626784275433234,-0.33310830678264247,0.05125329099719493,-0.1294165426675572,0.5116279069767442,0.2558139534883721,0.09302325581395349,43
topmom_252_3_63_200,top_momentum,unlevered,train,3.419163274944407,0.20433584541053196,0.7937467918442773,-0.41682393707653176,0.018163415076156625,-0.17573191164621127,0.46875,0.10416666666666667,0.03125,96
topmom_252_3_63_200,top_momentum,unlevered,test,2.0469217929306485,0.36752186925981056,1.15234858724735,-0.27685724171674897,0.030595341426338903,-0.18474046914039655,0.5348837209302325,0.20930232558139536,0.06976744186046512,43
topmom_252_3_63_200,top_momentum,base,train,2.7675830035957634,0.1805363416022221,0.9078421579298672,-0.3047462442061465,0.015584022748580355,-0.1778297537727238,0.4583333333333333,0.0625,0.010416666666666666,96
topmom_252_3_63_200,top_momentum,base,test,1.8682321718033514,0.3444991745239476,1.387754528910194,-0.19476796810642127,0.02721474335241481,-0.07564838755456105,0.5348837209302325,0.11627906976744186,0.0,43
topmom_252_3_63_200,top_momentum,balanced,train,6.2651493890784655,0.28162944265274126,0.8899926427555965,-0.45945553028868824,0.025757835199499854,-0.2954764818205353,0.4479166666666667,0.16666666666666666,0.041666666666666664,96
topmom_252_3_63_200,top_momentum,balanced,test,3.7131755188373683,0.5458179268192844,1.332885022538658,-0.3033034984270393,0.04284331193980517,-0.13034790988118228,0.5116279069767442,0.20930232558139536,0.09302325581395349,43
topmom_252_5_5_200,top_momentum,unlevered,train,4.478839247687339,0.2371653956213733,1.139633808934683,-0.23524183724081116,0.019398925896786573,-0.13560998005907965,0.4895833333333333,0.08333333333333333,0.020833333333333332,96
topmom_252_5_5_200,top_momentum,unlevered,test,2.2847141211375783,0.39669956656806526,1.4597755246001676,-0.24017779220865387,0.030765950386183457,-0.15719861744990793,0.6046511627906976,0.11627906976744186,0.046511627906976744,43
topmom_252_5_5_200,top_momentum,base,train,5.153753694304156,0.25527959854712834,1.2948591405690713,-0.22052409985465105,0.020581920313823245,-0.15445512497094704,0.4791666666666667,0.09375,0.010416666666666666,96
topmom_252_5_5_200,top_momentum,base,test,2.3047633498541926,0.399089360231627,1.6470790259689134,-0.17371257741784307,0.030377948684599886,-0.10013188866859069,0.6046511627906976,0.11627906976744186,0.023255813953488372,43
topmom_252_5_5_200,top_momentum,balanced,train,15.5123883822225,0.4202912285336091,1.2926929113148056,-0.33315180316176773,0.033621058843877775,-0.23851577517768563,0.46875,0.13541666666666666,0.03125,96
topmom_252_5_5_200,top_momentum,balanced,test,5.584520849480778,0.6980609728362603,1.621719368425519,-0.2898272489931498,0.05089666846107568,-0.17078274827889994,0.6046511627906976,0.2558139534883721,0.046511627906976744,43
topmom_252_5_21_200,top_momentum,unlevered,train,3.8932464442851176,0.21979047171457444,1.04432162329747,-0.3278470010684422,0.018209818886586893,-0.13700128867911,0.5208333333333334,0.0625,0.03125,96
topmom_252_5_21_200,top_momentum,unlevered,test,2.8732483816995806,0.4628904456459424,1.622995845770246,-0.17789464397490307,0.03465485112137264,-0.10119617641132828,0.6046511627906976,0.18604651162790697,0.023255813953488372,43
topmom_252_5_21_200,top_momentum,base,train,4.767508414658096,0.24513944632434415,1.2375271584510446,-0.25108020106586293,0.019833575232380374,-0.15416834686372616,0.53125,0.08333333333333333,0.010416666666666666,96
topmom_252_5_21_200,top_momentum,base,test,2.5100526265877483,0.4229789557712196,1.7424300472072498,-0.13458374741349877,0.03157341680289955,-0.06745821512346617,0.6046511627906976,0.16279069767441862,0.0,43
topmom_252_5_21_200,top_momentum,balanced,train,12.925927324769303,0.39033674134495966,1.2067676219036871,-0.4001962871035559,0.03168645463172349,-0.2463759783313706,0.5208333333333334,0.14583333333333334,0.041666666666666664,96
topmom_252_5_21_200,top_momentum,balanced,test,6.217087075921933,0.7423891653620136,1.6986746669978596,-0.22804468703965786,0.05257780642910249,-0.11884807652429852,0.6046511627906976,0.3023255813953488,0.023255813953488372,43
topmom_252_5_63_200,top_momentum,unlevered,train,2.0584766040827773,0.15013391913355334,0.6776519236931315,-0.38413727308092493,0.013276133033329899,-0.1312746400344027,0.4583333333333333,0.052083333333333336,0.041666666666666664,96
topmom_252_5_63_200,top_momentum,unlevered,test,1.2424244786797036,0.2546697363341761,0.9746557781151342,-0.2974230293231567,0.02184115697100017,-0.11199566046715537,0.5348837209302325,0.16279069767441862,0.046511627906976744,43
topmom_252_5_63_200,top_momentum,base,train,2.3488419475723865,0.1632605155290956,0.8538207957801336,-0.2749063286647815,0.014028839025359669,-0.14010447958832406,0.46875,0.0625,0.010416666666666666,96
topmom_252_5_63_200,top_momentum,base,test,1.263266479891425,0.25793496149638906,1.1705160668474468,-0.2048268611041254,0.02122382569831056,-0.07340785276518635,0.5348837209302325,0.09302325581395349,0.0,43
topmom_252_5_63_200,top_momentum,balanced,train,4.551694594548271,0.23921197699387853,0.8144358911653102,-0.42427532449660765,0.02187364998226085,-0.23477409041910868,0.4583333333333333,0.11458333333333333,0.03125,96
topmom_252_5_63_200,top_momentum,balanced,test,2.2194547235490587,0.38884751255653627,1.089777400025275,-0.3386688304907015,0.03319012960330914,-0.12865077802760927,0.5348837209302325,0.23255813953488372,0.11627906976744186,43
topmom_252_8_5_200,top_momentum,unlevered,train,3.6205004135763117,0.21106829646051017,1.1654631644113822,-0.20639736076421844,0.017176524436108096,-0.13051589179814305,0.4895833333333333,0.052083333333333336,0.020833333333333332,96
topmom_252_8_5_200,top_momentum,unlevered,test,1.3497603294821658,0.27125901500670113,1.2578271544825617,-0.186516908251807,0.021836654088618714,-0.12190172669161747,0.6046511627906976,0.11627906976744186,0.023255813953488372,43
topmom_252_8_5_200,top_momentum,base,train,5.043651808661425,0.2524471619640867,1.3109273326221165,-0.2198859396583731,0.020235045775475528,-0.14290059912604203,0.4895833333333333,0.0625,0.020833333333333332,96
topmom_252_8_5_200,top_momentum,base,test,1.6486540776719854,0.3147500976649382,1.4057660107585435,-0.15255434871905327,0.02487518041774479,-0.09366984377990317,0.6046511627906976,0.09302325581395349,0.0,43
topmom_252_8_5_200,top_momentum,balanced,train,12.940645503742568,0.3905205179950635,1.278198434147298,-0.31813509314173694,0.031105673315973095,-0.20843695732176948,0.46875,0.15625,0.03125,96
topmom_252_8_5_200,top_momentum,balanced,test,3.444801382347922,0.5205662438428384,1.3674492131917866,-0.2544365732785656,0.040678235787255136,-0.16026399490952248,0.6046511627906976,0.32558139534883723,0.046511627906976744,43
topmom_252_8_21_200,top_momentum,unlevered,train,2.704557755093893,0.17804707177424772,0.9897531151724825,-0.29631948864850877,0.01479948628546264,-0.11459806146156548,0.5104166666666666,0.041666666666666664,0.010416666666666666,96
topmom_252_8_21_200,top_momentum,unlevered,test,1.9291356567165372,0.3524590876361362,1.5161528549136611,-0.17104842946836907,0.02735602901713147,-0.07465715839805587,0.6046511627906976,0.13953488372093023,0.0,43
topmom_252_8_21_200,top_momentum,base,train,3.6329324001672783,0.21147553665165275,1.1169254188798148,-0.25803725509580633,0.01733964933308363,-0.12196905658302437,0.5,0.052083333333333336,0.020833333333333332,96
topmom_252_8_21_200,top_momentum,base,test,2.099785042858952,0.37414623341946585,1.6200693525028098,-0.1586388420096816,0.02865068945101425,-0.07087258310352818,0.5813953488372093,0.13953488372093023,0.0,43
topmom_252_8_21_200,top_momentum,balanced,train,8.206661149104518,0.3201778593790192,1.083076557748005,-0.41154003733853994,0.026484872814514605,-0.1771059306718744,0.4791666666666667,0.16666666666666666,0.052083333333333336,96
topmom_252_8_21_200,top_momentum,balanced,test,4.620985976664787,0.6242379970567395,1.5579083531831783,-0.26588255676673167,0.04646803531443888,-0.12069902867352134,0.5813953488372093,0.3023255813953488,0.046511627906976744,43
topmom_252_8_63_200,top_momentum,unlevered,train,1.8113539789733069,0.1380731196397209,0.7032458742990606,-0.3398826332176087,0.01192156388288298,-0.11521192567480698,0.46875,0.041666666666666664,0.010416666666666666,96
topmom_252_8_63_200,top_momentum,unlevered,test,1.0795918402079332,0.2283769018290549,1.0019702224300573,-0.2611280293345716,0.01928251983045381,-0.0952074948657674,0.5581395348837209,0.09302325581395349,0.0,43
topmom_252_8_63_200,top_momentum,base,train,2.2110360234149713,0.15716033259907536,0.8487955738596736,-0.25312864684932046,0.013431112434133299,-0.12331072412458088,0.4479166666666667,0.03125,0.010416666666666666,96
topmom_252_8_63_200,top_momentum,base,test,1.2603034078634847,0.2574720719957406,1.194803185864066,-0.2083096099569548,0.021058274346955605,-0.07442506642421687,0.5581395348837209,0.11627906976744186,0.0,43
topmom_252_8_63_200,top_momentum,balanced,train,4.5099388998348395,0.238041911767092,0.8423848359898501,-0.4001439492911808,0.021052258784515953,-0.17795932503488476,0.4583333333333333,0.14583333333333334,0.0625,96
topmom_252_8_63_200,top_momentum,balanced,test,2.215687416098151,0.38839074609992563,1.1056502773231345,-0.3544736012691436,0.03291545491205548,-0.12797654565098993,0.5581395348837209,0.2558139534883721,0.09302325581395349,43
topmom_252_10_5_200,top_momentum,unlevered,train,2.7272610107007553,0.17894800812231026,1.0752735939390268,-0.2069449570152999,0.014773200998612035,-0.12464221410732257,0.5104166666666666,0.041666666666666664,0.020833333333333332,96
topmom_252_10_5_200,top_momentum,unlevered,test,1.1121026986204563,0.23374183011768657,1.1927740632532602,-0.18676896835235068,0.019157578753835797,-0.13033650262857632,0.627906976744186,0.06976744186046512,0.023255813953488372,43
topmom_252_10_5_200,top_momentum,base,train,4.107109449619746,0.2263369169272602,1.2137971212054082,-0.21222965672814786,0.018435549485779325,-0.14376746964891274,0.5104166666666666,0.0625,0.020833333333333332,96
topmom_252_10_5_200,top_momentum,base,test,1.479721432875575,0.2906311753049382,1.3244564628888276,-0.1689027435478555,0.023425284722422165,-0.11222009521088305,0.5813953488372093,0.09302325581395349,0.023255813953488372,43
topmom_252_10_5_200,top_momentum,balanced,train,9.23746047376198,0.33782536543433084,1.169738040308431,-0.3058224223741004,0.027612229615203196,-0.20880393004006892,0.5104166666666666,0.1875,0.03125,96
topmom_252_10_5_200,top_momentum,balanced,test,2.8958572168297643,0.4652843863707463,1.2802299247429443,-0.2789528239898543,0.03759787218676531,-0.19046395899037494,0.6046511627906976,0.27906976744186046,0.06976744186046512,43
topmom_252_10_21_200,top_momentum,unlevered,train,2.338998791268404,0.16283214769369225,0.9647812453096172,-0.2609872237523545,0.013593758189352725,-0.10317883856732302,0.4895833333333333,0.03125,0.010416666666666666,96
topmom_252_10_21_200,top_momentum,unlevered,test,1.739393996338904,0.3272511294165057,1.5483403823017432,-0.15087507598302918,0.025386558508732983,-0.08393190115639126,0.6511627906976745,0.11627906976744186,0.0,43
topmom_252_10_21_200,top_momentum,base,train,3.525381022993968,0.20792030313921583,1.1155272199779098,-0.24026990504423262,0.01711829191697303,-0.11314116202478397,0.4895833333333333,0.0625,0.010416666666666666,96
topmom_252_10_21_200,top_momentum,base,test,2.069206951950518,0.3703244494845048,1.6248447353507718,-0.15108939539751198,0.028298415783706996,-0.08267126260816271,0.6511627906976745,0.18604651162790697,0.0,43
topmom_252_10_21_200,top_momentum,balanced,train,7.224170490954785,0.3016676287353741,1.0550744711292157,-0.37862868194246735,0.025190826139836735,-0.16786921409779654,0.4791666666666667,0.15625,0.052083333333333336,96
topmom_252_10_21_200,top_momentum,balanced,test,4.447684451410693,0.6100107414589775,1.5698834933396102,-0.25302430156605915,0.045194306249094755,-0.11979866183570853,0.6511627906976745,0.3023255813953488,0.06976744186046512,43
topmom_252_10_63_200,top_momentum,unlevered,train,2.0267365207382397,0.14863363926961015,0.7639891114868987,-0.3517665498429168,0.012603991205618824,-0.10403302945200221,0.46875,0.041666666666666664,0.010416666666666666,96
topmom_252_10_63_200,top_momentum,unlevered,test,0.9704605063468874,0.20991487231946637,1.0163632410936003,-0.2542991529695632,0.017627490003608724,-0.09389918294075572,0.5581395348837209,0.09302325581395349,0.0,43
topmom_252_10_63_200,top_momentum,base,train,2.964325590647669,0.18807926361105887,0.9952570215109116,-0.2537559426844146,0.01570543764937162,-0.11426017249232556,0.4583333333333333,0.041666666666666664,0.010416666666666666,96
topmom_252_10_63_200,top_momentum,base,test,1.149898608166498,0.23990476330297628,1.1343794296580205,-0.21933006020835322,0.019794321853838403,-0.08647381207551574,0.5581395348837209,0.09302325581395349,0.0,43
topmom_252_10_63_200,top_momentum,balanced,train,5.748543076755615,0.26985514755350937,0.9383743730404105,-0.4113221424806729,0.023126948229870842,-0.1684660412486424,0.4583333333333333,0.16666666666666666,0.0625,96
topmom_252_10_63_200,top_momentum,balanced,test,1.9598971257076179,0.3564343587927701,1.0564570648990472,-0.35801973934534403,0.030456759079909416,-0.15071091789491065,0.5581395348837209,0.23255813953488372,0.09302325581395349,43
invvol_100_21_5,inverse_vol,unlevered,train,1.1164744063848926,0.0983532674542198,0.8350733256917442,-0.2040756484684858,0.008417715099386299,-0.07015845886564753,0.5208333333333334,0.010416666666666666,0.0,96
invvol_100_21_5,inverse_vol,unlevered,test,1.110255059604747,0.23343853101948198,1.8188891294429208,-0.07809826158100297,0.017953701181082988,-0.04260448510611814,0.6744186046511628,0.0,0.0,43
invvol_100_21_5,inverse_vol,base,train,1.6865675518248255,0.13162620912715428,0.8167632906758596,-0.27429071911765124,0.011457870838933992,-0.10579274112963077,0.5208333333333334,0.020833333333333332,0.020833333333333332,96
invvol_100_21_5,inverse_vol,base,test,1.9246590174238456,0.3518780776064372,1.8069987443461675,-0.11588639942946677,0.026232114384812915,-0.06361512514072287,0.6744186046511628,0.046511627906976744,0.0,43
invvol_100_21_5,inverse_vol,balanced,train,2.9467125475311926,0.18741750874172647,0.8398634065758027,-0.3647548525725698,0.016611340869329416,-0.13935682907190927,0.5208333333333334,0.10416666666666667,0.052083333333333336,96
invvol_100_21_5,inverse_vol,balanced,test,3.2306175750073436,0.4996145801177785,1.8188891294429208,-0.15281955196797736,0.03587830058242236,-0.08488344831383365,0.6744186046511628,0.20930232558139536,0.0,43
invvol_100_21_21,inverse_vol,unlevered,train,1.4876850504496026,0.12078821324669242,0.9560232250873776,-0.17122086539620718,0.010077931008746611,-0.07142586970133247,0.5208333333333334,0.010416666666666666,0.0,96
invvol_100_21_21,inverse_vol,unlevered,test,1.0441828922098533,0.2224646726766366,1.7124995396445075,-0.08944956457647724,0.01735518540711416,-0.054561894765971175,0.6976744186046512,0.0,0.0,43
invvol_100_21_21,inverse_vol,base,train,2.409983954764722,0.16589696846042878,0.9719561862540959,-0.21983151050553507,0.013889018638082534,-0.10610221680553,0.5208333333333334,0.03125,0.020833333333333332,96
invvol_100_21_21,inverse_vol,base,test,1.7820677352330314,0.33302743028440607,1.6921790833187096,-0.12939811852089367,0.02538236187678316,-0.07853384997032253,0.6976744186046512,0.06976744186046512,0.0,43
invvol_100_21_21,inverse_vol,balanced,train,4.436691405683995,0.23597052282441888,0.9735308655858801,-0.2969922906250031,0.019870648161198348,-0.1426036795775455,0.5208333333333334,0.13541666666666666,0.03125,96
invvol_100_21_21,inverse_vol,balanced,test,2.9616436556229315,0.4721938453250978,1.7124995396445075,-0.1735837746030402,0.034923320985700335,-0.10813062594967604,0.6976744186046512,0.16279069767441862,0.023255813953488372,43
invvol_100_63_5,inverse_vol,unlevered,train,1.1090560016042539,0.0978708228427152,0.8268211905267518,-0.2091578500098541,0.008386815862956991,-0.06946874971812,0.5208333333333334,0.010416666666666666,0.0,96
invvol_100_63_5,inverse_vol,unlevered,test,1.1346132509887257,0.23742181715985322,1.867234352452571,-0.08003493677421081,0.018206736411136796,-0.03667610280633449,0.7209302325581395,0.0,0.0,43
invvol_100_63_5,inverse_vol,base,train,1.6391596770823327,0.1291081063007813,0.8023804726986525,-0.279275266346073,0.011266501318867977,-0.10323208212566903,0.5208333333333334,0.010416666666666666,0.020833333333333332,96
invvol_100_63_5,inverse_vol,base,test,1.969087879633753,0.3576163034852873,1.852894965671098,-0.11871711438057975,0.026545812339232918,-0.054832889180036815,0.7209302325581395,0.046511627906976744,0.0,43
invvol_100_63_5,inverse_vol,balanced,train,2.877098580913486,0.18477643472816307,0.8292293256564811,-0.37330600690033766,0.01642116045346072,-0.13633269734385545,0.5104166666666666,0.10416666666666667,0.07291666666666667,96
invvol_100_63_5,inverse_vol,balanced,test,3.333994966087027,0.5098199858991339,1.867234352452571,-0.15649465705427124,0.036383748070922234,-0.07286382764011112,0.7209302325581395,0.13953488372093023,0.0,43
invvol_100_63_21,inverse_vol,unlevered,train,1.4307222506798576,0.11754443128404546,0.9259168480323701,-0.1858561911803791,0.009848872514388823,-0.07022980473327711,0.5208333333333334,0.010416666666666666,0.0,96
invvol_100_63_21,inverse_vol,unlevered,test,1.0410796285513029,0.22194302110219688,1.7276355386099975,-0.08889348456381618,0.017309715482347558,-0.05343570857137492,0.6976744186046512,0.0,0.0,43
invvol_100_63_21,inverse_vol,base,train,2.2604027680461694,0.15937149825910257,0.938049802579044,-0.239228271649773,0.013429412868258578,-0.10433649360067332,0.5,0.020833333333333332,0.010416666666666666,96
invvol_100_63_21,inverse_vol,base,test,1.7919362576166944,0.33435414796919716,1.7125630962125276,-0.12862700928321713,0.025444481471189904,-0.07694623346635165,0.6976744186046512,0.06976744186046512,0.0,43
invvol_100_63_21,inverse_vol,balanced,train,4.1473742447146265,0.2275425306684844,0.9438090018147167,-0.3218052001984676,0.019317070359423597,-0.13775639984992438,0.5,0.125,0.041666666666666664,96
invvol_100_63_21,inverse_vol,balanced,test,2.954456358606592,0.4714430064352708,1.7276355386099975,-0.17230925709054512,0.03483965616657076,-0.10579949868742378,0.6976744186046512,0.16279069767441862,0.023255813953488372,43
invvol_150_21_5,inverse_vol,unlevered,train,1.3744327834645604,0.11427299077206898,0.8825060361780874,-0.17481824791547984,0.009689213039787084,-0.07753175924656197,0.53125,0.010416666666666666,0.0,96
invvol_150_21_5,inverse_vol,unlevered,test,1.0435402262597928,0.222356688765869,1.6750026219722407,-0.09312677492527632,0.017287526073527418,-0.05252334039720741,0.6744186046511628,0.0,0.0,43
invvol_150_21_5,inverse_vol,base,train,1.977929338963874,0.14629956095218688,0.8749119833002424,-0.2218735789060764,0.012658145824436818,-0.11094413170840989,0.53125,0.03125,0.020833333333333332,96
invvol_150_21_5,inverse_vol,base,test,1.809253318606335,0.3366741147708918,1.6750420379311703,-0.1330332398816907,0.025468429613764398,-0.07373856586363314,0.6744186046511628,0.046511627906976744,0.0,43
invvol_150_21_5,inverse_vol,balanced,train,3.577813579881373,0.2096626491140403,0.8803591438619758,-0.3041271825509736,0.018470100359600977,-0.15321688363635366,0.53125,0.125,0.07291666666666667,96
invvol_150_21_5,inverse_vol,balanced,test,2.9491761676663057,0.4708907726376166,1.6750026219722407,-0.1800557821870592,0.03460455036200975,-0.10407206738267782,0.6744186046511628,0.23255813953488372,0.023255813953488372,43
invvol_150_21_21,inverse_vol,unlevered,train,1.6330567552965878,0.12878107564742258,0.9640948196068287,-0.20982453531128142,0.01071937359565643,-0.08847950762580681,0.5625,0.010416666666666666,0.0,96
invvol_150_21_21,inverse_vol,unlevered,test,1.133363050350904,0.2372181702369014,1.7681013941402592,-0.08944956457647668,0.018402001999994606,-0.054561894765971175,0.6976744186046512,0.0,0.0,43
invvol_150_21_21,inverse_vol,base,train,2.467732368876133,0.16834938147666123,0.9728831948136075,-0.2470850426150789,0.014089426870501291,-0.10880316625060626,0.5625,0.03125,0.041666666666666664,96
invvol_150_21_21,inverse_vol,base,test,1.9426594521866618,0.35421043276440045,1.7400286115820731,-0.12939811852089378,0.026794147239310038,-0.07853384997032253,0.6976744186046512,0.09302325581395349,0.0,43
invvol_150_21_21,inverse_vol,balanced,train,4.637822301439763,0.24160130153155368,0.9623363918867955,-0.3664594838898657,0.02042982716019857,-0.17198040316277374,0.5625,0.13541666666666666,0.052083333333333336,96
invvol_150_21_21,inverse_vol,balanced,test,3.3025315693728166,0.5067326259483436,1.7681013941402592,-0.17358377460304075,0.03706078011655069,-0.10813062594967604,0.6976744186046512,0.18604651162790697,0.023255813953488372,43
invvol_150_63_5,inverse_vol,unlevered,train,1.4178502059193971,0.11680222216853742,0.8960485952117931,-0.17464824968276627,0.009886152493760215,-0.07837870868971764,0.53125,0.010416666666666666,0.0,96
invvol_150_63_5,inverse_vol,unlevered,test,1.071035185758702,0.2269548706051403,1.727794107794,-0.08566907016133085,0.017583992643942323,-0.04989463052701182,0.7209302325581395,0.0,0.0,43
invvol_150_63_5,inverse_vol,base,train,2.018969113675669,0.14826439641980338,0.8837896040883343,-0.22273405648247446,0.012805223972406602,-0.11227444647227258,0.53125,0.03125,0.041666666666666664,96
invvol_150_63_5,inverse_vol,base,test,1.8547632422755482,0.34272244220034986,1.7206603499456743,-0.12424885156249676,0.025807980658054206,-0.07203034151330112,0.7209302325581395,0.046511627906976744,0.0,43
invvol_150_63_5,inverse_vol,balanced,train,3.726797765671238,0.21451983647216366,0.8952041511314893,-0.30475890961934926,0.01882141302376165,-0.15474399689945717,0.5208333333333334,0.125,0.08333333333333333,96
invvol_150_63_5,inverse_vol,balanced,test,3.0623087763766543,0.48260857989041983,1.727794107794,-0.1663513048148153,0.03520323976132523,-0.09900545673462735,0.7209302325581395,0.16279069767441862,0.0,43
invvol_150_63_21,inverse_vol,unlevered,train,1.587862646919128,0.1263384542758248,0.9423332134334459,-0.20904167551535757,0.010554037734401505,-0.09045757980058655,0.5625,0.010416666666666666,0.0,96
invvol_150_63_21,inverse_vol,unlevered,test,1.145397790649319,0.2391749748169265,1.8017069968626294,-0.08889348456381607,0.01852842135197641,-0.05343570857137492,0.6976744186046512,0.0,0.0,43
invvol_150_63_21,inverse_vol,base,train,2.3669897660710384,0.16404741741673545,0.9512705480244681,-0.2556127305843613,0.013796391445716349,-0.11160419902325058,0.5416666666666666,0.020833333333333332,0.03125,96
invvol_150_63_21,inverse_vol,base,test,1.9897654307972634,0.36026588167340257,1.7806194329292806,-0.12862700928321702,0.027158502838555063,-0.07694623346635165,0.6976744186046512,0.09302325581395349,0.0,43
invvol_150_63_21,inverse_vol,balanced,train,4.426714919131929,0.23568650800593582,0.9426653560712784,-0.36486131417792367,0.02005829769378267,-0.17540737210385227,0.5416666666666666,0.125,0.0625,96
invvol_150_63_21,inverse_vol,balanced,test,3.35719736681906,0.5120864227358428,1.8017069968626294,-0.17230925709054545,0.037336348020941275,-0.10579949868742378,0.6976744186046512,0.18604651162790697,0.023255813953488372,43
invvol_200_21_5,inverse_vol,unlevered,train,1.3926031409870356,0.115336367058547,0.903648742143857,-0.17481824791547973,0.009718570325795088,-0.09035028459761774,0.53125,0.010416666666666666,0.0,96
invvol_200_21_5,inverse_vol,unlevered,test,0.8243420901460017,0.18400700570121442,1.3974844343229078,-0.11746738119467093,0.014737424848972806,-0.0772155210377804,0.6511627906976745,0.0,0.0,43
invvol_200_21_5,inverse_vol,base,train,2.1420033035215322,0.15401790860742026,0.9315761124411187,-0.22187357890607662,0.013051761085887707,-0.11655520243956474,0.53125,0.03125,0.03125,96
invvol_200_21_5,inverse_vol,base,test,1.3681579319502721,0.2740474532122439,1.388649735416064,-0.16430127722036425,0.021685936286497284,-0.10621341953137686,0.6511627906976745,0.046511627906976744,0.023255813953488372,43
invvol_200_21_5,inverse_vol,balanced,train,3.9035721242339747,0.2201122430385951,0.9277211024363533,-0.3041271825509737,0.018907276138715522,-0.17388510761184117,0.53125,0.10416666666666667,0.052083333333333336,96
invvol_200_21_5,inverse_vol,balanced,test,2.141842917834185,0.3793587742498281,1.3974844343229078,-0.2239482916424611,0.02964291310091656,-0.15067314510691554,0.6511627906976745,0.23255813953488372,0.046511627906976744,43
invvol_200_21_21,inverse_vol,unlevered,train,1.4287947929913507,0.11743351224916498,0.8859599232049409,-0.2098245353112813,0.009869638357507699,-0.08847950762580681,0.5520833333333334,0.010416666666666666,0.0,96
invvol_200_21_21,inverse_vol,unlevered,test,1.2279508278542348,0.2523893513590296,1.8020821784970509,-0.12383052700897812,0.01958464453796671,-0.06784709785629961,0.6976744186046512,0.023255813953488372,0.0,43
invvol_200_21_21,inverse_vol,base,train,2.186216860612283,0.15603741060443488,0.9257510495640465,-0.2470850426150789,0.013150485350401133,-0.10610221680553,0.5520833333333334,0.03125,0.03125,96
invvol_200_21_21,inverse_vol,base,test,1.9337489512887975,0.35305716610453564,1.7125982172039942,-0.17987470554828677,0.026930680317291275,-0.1033672518447849,0.6976744186046512,0.09302325581395349,0.023255813953488372,43
invvol_200_21_21,inverse_vol,balanced,train,3.7520268613960024,0.21532906008654829,0.8824559473025791,-0.36645948388986593,0.01861039407290588,-0.17198040316277374,0.5520833333333334,0.125,0.052083333333333336,96
invvol_200_21_21,inverse_vol,balanced,test,3.5821648221248,0.5336238746515205,1.7819678134790904,-0.23572538473564975,0.039258599375369845,-0.1345123602687478,0.6976744186046512,0.20930232558139536,0.046511627906976744,43
invvol_200_63_5,inverse_vol,unlevered,train,1.442695644189882,0.11823174318017449,0.9207598417150623,-0.17464824968276627,0.009939623192287526,-0.09533995507824633,0.5416666666666666,0.010416666666666666,0.0,96
invvol_200_63_5,inverse_vol,unlevered,test,0.8505627664928566,0.18876329622414634,1.4477707357961294,-0.11157565160556004,0.015047939356928598,-0.07607570272328035,0.6976744186046512,0.0,0.0,43
invvol_200_63_5,inverse_vol,base,train,2.2098394914669552,0.15710637103422687,0.9481502055080567,-0.22273405648247446,0.01326384654174502,-0.1213468040032003,0.5416666666666666,0.020833333333333332,0.03125,96
invvol_200_63_5,inverse_vol,base,test,1.4061482498172269,0.2797565415454688,1.429627871022061,-0.15862186276756784,0.02201656324324418,-0.10750010669355337,0.6976744186046512,0.046511627906976744,0.023255813953488372,43
invvol_200_63_5,inverse_vol,balanced,train,4.084826445133158,0.2256661373571125,0.946015244569662,-0.30475890961934904,0.01928567472241736,-0.18313694869316466,0.53125,0.10416666666666667,0.052083333333333336,96
invvol_200_63_5,inverse_vol,balanced,test,2.2251765866343365,0.3895405241305965,1.443393541448172,-0.21344582012709112,0.0301708592003115,-0.14854214381071806,0.6976744186046512,0.16279069767441862,0.046511627906976744,43
invvol_200_63_21,inverse_vol,unlevered,train,1.3843926429187152,0.11485674559379166,0.8639850110965176,-0.20904167551535802,0.009691019137585995,-0.09045757980058655,0.5520833333333334,0.010416666666666666,0.0,96
invvol_200_63_21,inverse_vol,unlevered,test,1.2418999973271214,0.25458728716756074,1.8406465377128105,-0.11877199700045549,0.019703048244195977,-0.063704998678206,0.6976744186046512,0.023255813953488372,0.0,43
invvol_200_63_21,inverse_vol,base,train,2.105779151915102,0.15234471660491433,0.9075167181781781,-0.24529695217282166,0.012889401503273293,-0.10433649360067332,0.53125,0.020833333333333332,0.020833333333333332,96
invvol_200_63_21,inverse_vol,base,test,2.0000063368957566,0.36157325328721224,1.7649162886842353,-0.17217271123232802,0.027418889604731527,-0.09662786356150899,0.6976744186046512,0.09302325581395349,0.0,43
invvol_200_63_21,inverse_vol,balanced,train,3.5994471082908897,0.21037645239424618,0.8665940243396764,-0.36486131417792367,0.018281381316778682,-0.17540737210385227,0.53125,0.11458333333333333,0.0625,96
invvol_200_63_21,inverse_vol,balanced,test,3.6592342484902147,0.5408271389666048,1.8224002749083976,-0.2269514259581139,0.03953733614165889,-0.12660152983041484,0.6976744186046512,0.20930232558139536,0.046511627906976744,43
dualema_20_100,dual_ema,unlevered,train,0.9010583038406201,0.08369997055973655,0.7931745660765388,-0.1798572296226364,0.007221522582270046,-0.09878680434371201,0.53125,0.010416666666666666,0.0,96
dualema_20_100,dual_ema,unlevered,test,0.6820749823608352,0.15730596723693413,1.3501822978426965,-0.09160125773433703,0.012747160090089998,-0.051206397069121445,0.627906976744186,0.0,0.0,43
dualema_20_100,dual_ema,base,train,1.348915965807897,0.11276759787401547,0.7927213332515269,-0.2407661836768431,0.009866069985177164,-0.14523292793471976,0.53125,0.020833333333333332,0.010416666666666666,96
dualema_20_100,dual_ema,base,test,1.135422178874454,0.23755353885460528,1.3463495206411078,-0.13480700734050832,0.01910968566632734,-0.07523333950580025,0.6046511627906976,0.023255813953488372,0.0,43
dualema_20_100,dual_ema,balanced,train,2.15703501851745,0.15470727230302783,0.7847582560431787,-0.3289610615158539,0.013979075170342387,-0.18979122720847907,0.5208333333333334,0.041666666666666664,0.052083333333333336,96
dualema_20_100,dual_ema,balanced,test,1.7030600356851258,0.3222817594893388,1.3501822978426965,-0.17657285788414345,0.02573917397753068,-0.10032784957206997,0.6046511627906976,0.16279069767441862,0.023255813953488372,43
dualema_20_150,dual_ema,unlevered,train,1.5563270380714052,0.12461183502055984,1.0683592452912736,-0.21406681327488164,0.010335617747370008,-0.09632472217910293,0.5625,0.010416666666666666,0.0,96
dualema_20_150,dual_ema,unlevered,test,0.8548208957514594,0.18953111644940268,1.5238504110845814,-0.09301340131272373,0.015031349484507933,-0.047583622735046904,0.5813953488372093,0.023255813953488372,0.0,43
dualema_20_150,dual_ema,base,train,2.3716891071809805,0.1642505791538833,1.0739897285631088,-0.24925068714230125,0.013612644881384209,-0.0928142640352333,0.5625,0.03125,0.0,96
dualema_20_150,dual_ema,base,test,1.4083382080055022,0.28008366134734275,1.4949313693922797,-0.1369680215264123,0.021906812632600997,-0.07037003279154319,0.5813953488372093,0.023255813953488372,0.0,43
dualema_20_150,dual_ema,balanced,train,4.560592316812986,0.23946031070378937,1.0781460813824848,-0.3645355666117097,0.01988339323477036,-0.15557900077294506,0.5520833333333334,0.07291666666666667,0.052083333333333336,96
dualema_20_150,dual_ema,balanced,test,2.262002541667906,0.3939797261386695,1.5205606709197084,-0.18064499478612017,0.030157433612608517,-0.09369346073303075,0.5813953488372093,0.16279069767441862,0.0,43
dualema_20_200,dual_ema,unlevered,train,1.613977249926657,0.12775438795766147,1.058282031964571,-0.20460375590780333,0.010612816175660325,-0.09721265763816345,0.5520833333333334,0.010416666666666666,0.0,96
dualema_20_200,dual_ema,unlevered,test,0.8819156362069243,0.19438734393067203,1.501960653628586,-0.09848030298216359,0.015490989228281871,-0.06262007930354252,0.6046511627906976,0.023255813953488372,0.0,43
dualema_20_200,dual_ema,base,train,2.3857141655287375,0.16485544043521783,1.0556387727584309,-0.22570331860764625,0.01373959667387084,-0.14299001568975667,0.5520833333333334,0.03125,0.010416666666666666,96
dualema_20_200,dual_ema,base,test,1.4645236626797296,0.2884040404651509,1.491801252743614,-0.1448051597496366,0.022665598295201334,-0.09286346512184707,0.5813953488372093,0.046511627906976744,0.0,43
dualema_20_200,dual_ema,balanced,train,4.663830438860511,0.24231653256047125,1.0656646000044752,-0.33040576751519135,0.020212039251760957,-0.1869468596149968,0.5416666666666666,0.08333333333333333,0.052083333333333336,96
dualema_20_200,dual_ema,balanced,test,2.4353387415297063,0.41440372061680253,1.5313587967379219,-0.18924949754268172,0.0318417771261286,-0.12240485954790326,0.5813953488372093,0.18604651162790697,0.046511627906976744,43
dualema_50_100,dual_ema,unlevered,train,0.9163729330038106,0.08478848888631552,0.8021446102731519,-0.19970045783241552,0.007312212089637206,-0.09575955674299397,0.53125,0.010416666666666666,0.0,96
dualema_50_100,dual_ema,unlevered,test,0.659527318631022,0.15292654672211548,1.304172866883467,-0.09929713870221213,0.01243062789162289,-0.054993980837625855,0.6046511627906976,0.0,0.0,43
dualema_50_100,dual_ema,base,train,1.4224175255596707,0.11706597113580464,0.818503865820331,-0.27309224183030656,0.010202365144110296,-0.14092382849097307,0.53125,0.020833333333333332,0.010416666666666666,96
dualema_50_100,dual_ema,base,test,1.087297972287479,0.22965398835312234,1.3009850708955035,-0.14477720020606244,0.01856446698032194,-0.07973623421910814,0.6046511627906976,0.023255813953488372,0.0,43
dualema_50_100,dual_ema,balanced,train,2.2755670538918844,0.16004483525456847,0.8037955361770106,-0.36479455178015485,0.014411411645696945,-0.18434048600190467,0.5208333333333334,0.041666666666666664,0.052083333333333336,96
dualema_50_100,dual_ema,balanced,test,1.6285924687291513,0.3119448059288583,1.304172866883467,-0.1908215971211834,0.02507664964013603,-0.1081050787580431,0.6046511627906976,0.11627906976744186,0.046511627906976744,43
dualema_50_150,dual_ema,unlevered,train,1.594065947993594,0.1266759254465042,1.078266877995095,-0.2151225779250847,0.010504151531811395,-0.09632472217910293,0.5625,0.010416666666666666,0.0,96
dualema_50_150,dual_ema,unlevered,test,0.8904956621709665,0.1959146677669561,1.5530421817338158,-0.09631259158669514,0.0155163722218087,-0.05248190285325749,0.6046511627906976,0.023255813953488372,0.0,43
dualema_50_150,dual_ema,base,train,2.4932398618627194,0.16942125307058298,1.0982962537924175,-0.250347462303102,0.01402861819861479,-0.09439159196739488,0.5625,0.03125,0.0,96
dualema_50_150,dual_ema,base,test,1.4560198920812293,0.28715355623867045,1.5183423310245938,-0.14097988561224262,0.022431425422829245,-0.07748246686451021,0.6046511627906976,0.046511627906976744,0.0,43
dualema_50_150,dual_ema,balanced,train,4.771234440252847,0.24524006856025937,1.090956040734472,-0.3658509694485401,0.020375450726993694,-0.15494665128005658,0.5625,0.07291666666666667,0.052083333333333336,96
dualema_50_150,dual_ema,balanced,test,2.3942890724851593,0.4096350624213494,1.5530421817338158,-0.18679647756379048,0.03124930943254222,-0.10304715509588591,0.6046511627906976,0.13953488372093023,0.023255813953488372,43
dualema_50_200,dual_ema,unlevered,train,1.5939481433561307,0.12666952323391611,1.0393242403838225,-0.20861905134941672,0.010553732400893313,-0.10123251042766868,0.5520833333333334,0.010416666666666666,0.010416666666666666,96
dualema_50_200,dual_ema,unlevered,test,0.8815759909781204,0.19432678100589618,1.4940872218496442,-0.09712376222251806,0.01552968874139538,-0.07032201987484743,0.627906976744186,0.023255813953488372,0.0,43
dualema_50_200,dual_ema,base,train,2.3701422318718803,0.16418373206542047,1.0462835876074483,-0.22650433536593384,0.013728402509832162,-0.14878658574490522,0.5520833333333334,0.03125,0.010416666666666666,96
dualema_50_200,dual_ema,base,test,1.434661883439948,0.2839990611947567,1.4709340547991063,-0.14074947721221787,0.02244369552284397,-0.10407412761455137,0.627906976744186,0.06976744186046512,0.023255813953488372,43
dualema_50_200,dual_ema,balanced,train,4.628677592591114,0.2413491334673452,1.0527810627747574,-0.3327450855841443,0.020235643796263265,-0.1943724000662992,0.5520833333333334,0.07291666666666667,0.052083333333333336,96
dualema_50_200,dual_ema,balanced,test,2.409331869527935,0.4113873435019424,1.5150185329536847,-0.18704838134572044,0.03183601993148364,-0.1369055194326969,0.627906976744186,0.18604651162790697,0.046511627906976744,43
