family,profile,annual_funding_drag,avg_gross_exposure,total_return,cagr,sharpe,max_drawdown,avg_month,worst_month,positive_month_pct,month_ge_10_pct,month_le_minus10_pct,months
dual_ema,unlevered,0.0,0.6835064249251891,0.8904956621709665,0.1959146677669561,1.5530421817338158,-0.09631259158669514,0.0155163722218087,-0.05248190285325749,0.6046511627906976,0.023255813953488372,0.0,43
dual_ema,unlevered,0.05,0.6835064249251891,0.6741010423169886,0.15576204476533873,1.2682131977261788,-0.09879618038045479,0.012641523614964963,-0.054830300035462964,0.5813953488372093,0.023255813953488372,0.0,43
dual_ema,unlevered,0.1,0.6835064249251891,0.4824481022794549,0.11695165034583277,0.9832113910686958,-0.10127332336704187,0.009775265719960917,-0.057173155215479166,0.5581395348837209,0.0,0.0,43
dual_ema,unlevered,0.2,0.6835064249251891,0.16238688619941954,0.043180341920010745,0.4128423050758513,-0.11026679741531709,0.004068420506049159,-0.06311122294961113,0.5348837209302325,0.0,0.0,43
dual_ema,unlevered,0.4,0.6835064249251891,-0.2855115782463705,-0.09012459055098276,-0.7282831483138684,-0.3150727371985208,-0.007243294426379757,-0.07675742062452173,0.4418604651162791,0.0,0.0,43
inverse_vol,unlevered,0.0,0.9063545150501672,1.133363050350904,0.2372181702369014,1.7681013941402592,-0.08944956457647668,0.018402001999994606,-0.054561894765971175,0.6976744186046512,0.0,0.0,43
inverse_vol,unlevered,0.05,0.9063545150501672,0.8157877091271597,0.18244465620334016,1.4054725290669834,-0.0938122547311584,0.01458144572015778,-0.05607211369405174,0.6976744186046512,0.0,0.0,43
inverse_vol,unlevered,0.1,0.9063545150501672,0.5454376697287764,0.13008590046339386,1.0426095107267068,-0.09831432219006697,0.010775466457887486,-0.057580221430857614,0.6511627906976745,0.0,0.0,43
inverse_vol,unlevered,0.2,0.9063545150501672,0.11939321772839095,0.03219325789300265,0.31641599432787365,-0.11857342121670067,0.0032070234924501313,-0.06213873141204962,0.5813953488372093,0.0,0.0,43
inverse_vol,unlevered,0.4,0.9063545150501672,-0.4129457903737703,-0.13897992870459608,-1.1361907460548946,-0.44545289794482934,-0.011757297975113854,-0.07696121914467757,0.3023255813953488,0.0,0.0,43
top_momentum,unlevered,0.0,0.9141583054626533,1.9363814596395836,0.3533981477430128,1.1068943682355825,-0.2019531533740384,0.029236070820068176,-0.18785234632208647,0.5813953488372093,0.20930232558139536,0.046511627906976744,43
top_momentum,unlevered,0.05,0.9141583054626533,1.4958832444984145,0.2929888415095492,0.9637388137869697,-0.20644311159907802,0.025348278325736488,-0.19142495814360017,0.5581395348837209,0.20930232558139536,0.06976744186046512,43
top_momentum,unlevered,0.1,0.9141583054626533,1.1213975227787993,0.2352647342894867,0.8205603915989322,-0.21913361552777377,0.02147513945512132,-0.19498256605091369,0.5348837209302325,0.18604651162790697,0.06976744186046512,43
top_momentum,unlevered,0.2,0.9141583054626533,0.5324122591575116,0.12740191671349743,0.5341480724535868,-0.2527640774351717,0.013772609406468206,-0.20205300997995312,0.5348837209302325,0.18604651162790697,0.06976744186046512,43
top_momentum,unlevered,0.4,0.9141583054626533,-0.2006913946860709,-0.060992732955489126,-0.03880646006345008,-0.46906858652639505,-0.001458941778566048,-0.21601647656486134,0.46511627906976744,0.18604651162790697,0.13953488372093023,43
dual_ema,base,0.0,1.0022969247055813,1.4560198920812293,0.28715355623867045,1.5183423310245938,-0.14097988561224262,0.022431425422829245,-0.07748246686451021,0.6046511627906976,0.046511627906976744,0.0,43
dual_ema,base,0.05,1.0022969247055813,1.0550994233534685,0.22429520424369787,1.2348099190757458,-0.14452121240917237,0.018184226464147305,-0.08088352468966653,0.5813953488372093,0.046511627906976744,0.0,43
dual_ema,base,0.1,1.0022969247055813,0.7195559406936709,0.164493378024408,0.9511307656925104,-0.14804875117242677,0.013955582581678195,-0.08427264365472287,0.5581395348837209,0.046511627906976744,0.0,43
dual_ema,base,0.2,1.0022969247055813,0.20373464910403039,0.05347449757729361,0.38348080254074074,-0.16122365429582786,0.005553639768883046,-0.0918093268148571,0.5348837209302325,0.023255813953488372,0.0,43
dual_ema,base,0.4,1.0022969247055813,-0.41041085364587704,-0.13793704183710875,-0.7519432267432589,-0.4456630348539269,-0.01103108908121544,-0.11123661352139003,0.4418604651162791,0.023255813953488372,0.046511627906976744,43
inverse_vol,base,0.0,1.3348231295185455,1.9426594521866618,0.35421043276440045,1.7400286115820731,-0.12939811852089378,0.026794147239310038,-0.07853384997032253,0.6976744186046512,0.09302325581395349,0.0,43
inverse_vol,base,0.05,1.3348231295185455,1.321022026614449,0.26687170202571386,1.3778237003563998,-0.1355378839826632,0.021120101105500774,-0.08061858711406644,0.6976744186046512,0.06976744186046512,0.0,43
inverse_vol,base,0.1,1.3348231295185455,0.830578456427161,0.18514268225956854,1.0154073939385866,-0.14262260425207895,0.01547794105693985,-0.08269919889113764,0.627906976744186,0.06976744186046512,0.0,43
inverse_vol,base,0.2,1.3348231295185455,0.1384551613128333,0.037101345799362084,0.2901811130757751,-0.17559715514431595,0.00428858487630721,-0.09218644710897728,0.5581395348837209,0.046511627906976744,0.0,43
inverse_vol,base,0.4,1.3348231295185455,-0.5600450040773386,-0.2060002257137462,-1.160158424941773,-0.5932726433636308,-0.017715081503217406,-0.11366207111728788,0.3023255813953488,0.0,0.06976744186046512,43
top_momentum,base,0.0,0.6701653785054571,1.3912770160200898,0.2775295043466226,1.1773121442223227,-0.16346721881044934,0.022363716360338626,-0.07697042615363248,0.5581395348837209,0.16279069767441862,0.0,43
top_momentum,base,0.05,0.6701653785054571,1.1226549574383782,0.23547038915081098,1.031975505305252,-0.17259513617204425,0.019522955768844476,-0.07850796775911595,0.5348837209302325,0.16279069767441862,0.0,43
top_momentum,base,0.1,0.6701653785054571,0.8841716719202766,0.19478942350821926,0.886584155223202,-0.18282166033765224,0.016690778351499725,-0.08004306459823873,0.5348837209302325,0.13953488372093023,0.0,43
top_momentum,base,0.2,0.6701653785054571,0.48448988138840554,0.11738362353232734,0.5956707155019281,-0.20551964990106586,0.011052061348148347,-0.08378588685694521,0.5348837209302325,0.09302325581395349,0.0,43
top_momentum,base,0.4,0.6701653785054571,-0.07872505908278804,-0.02277257966658952,0.013555232671786266,-0.30886398957047967,-0.0001235977136045616,-0.09148938831002762,0.46511627906976744,0.09302325581395349,0.0,43
dual_ema,balanced,0.0,1.3670128498503782,2.3942890724851593,0.4096350624213494,1.5530421817338158,-0.18679647756379048,0.03124930943254222,-0.10304715509588591,0.6046511627906976,0.13953488372093023,0.023255813953488372,43
dual_ema,balanced,0.05,1.3670128498503782,1.6620783044237983,0.3166187372244771,1.2682131977261788,-0.1912883096913225,0.025407215519328213,-0.10749998806898953,0.5813953488372093,0.11627906976744186,0.046511627906976744,43
dual_ema,balanced,0.1,1.3670128498503782,1.0876623165742996,0.229714284738751,0.9832113910686958,-0.19575670871605477,0.01959997663518107,-0.11193177057219106,0.5581395348837209,0.09302325581395349,0.046511627906976744,43
dual_ema,balanced,0.2,1.3670128498503782,0.28363425961417965,0.07266747989276046,0.4128423050758513,-0.213320176327627,0.008089242169301361,-0.12363597800494042,0.5348837209302325,0.06976744186046512,0.046511627906976744,43
dual_ema,balanced,0.4,1.3670128498503782,-0.5151453119371484,-0.1840250295663819,-0.7282831483138684,-0.5525684059985351,-0.014522939869119105,-0.14907306415265698,0.4418604651162791,0.046511627906976744,0.09302325581395349,43
inverse_vol,balanced,0.0,1.7190635451505016,2.9616436556229315,0.4721938453250978,1.7124995396445075,-0.1735837746030402,0.034923320985700335,-0.10813062594967604,0.6976744186046512,0.16279069767441862,0.023255813953488372,43
inverse_vol,balanced,0.05,1.7190635451505016,1.9187415652185011,0.3511090864999258,1.3597578237651986,-0.18151759515304156,0.027550595625853335,-0.11099944315313481,0.6976744186046512,0.11627906976744186,0.046511627906976744,43
inverse_vol,balanced,0.1,1.7190635451505016,1.150122815503519,0.2399410888351119,1.006677340089741,-0.18966497580937902,0.02023331010666007,-0.11386018372584772,0.627906976744186,0.11627906976744186,0.046511627906976744,43
inverse_vol,balanced,0.2,1.7190635451505016,0.1663812300080869,0.044186176124337395,0.2998422430075548,-0.23088712799785227,0.0057634358908425585,-0.12156130601827941,0.5813953488372093,0.06976744186046512,0.09302325581395349,43
inverse_vol,balanced,0.4,1.7190635451505016,-0.6572622991715893,-0.25979189025608085,-1.1141177457516585,-0.692037775350166,-0.02252872474639668,-0.1492105986824227,0.32558139534883723,0.046511627906976744,0.13953488372093023,43
top_momentum,balanced,0.0,1.1367985840101411,3.1904583251597627,0.49560168945934757,1.2203773247858503,-0.2518921948887535,0.03947082628916346,-0.13238919556632323,0.5581395348837209,0.27906976744186046,0.13953488372093023,43
top_momentum,balanced,0.05,1.1367985840101411,2.4239695532235346,0.4130871055962304,1.075331960154133,-0.26765085321582605,0.034568849743165486,-0.13492454441938362,0.5348837209302325,0.27906976744186046,0.13953488372093023,43
top_momentum,balanced,0.1,1.1367985840101411,1.7975311792687183,0.3351048283426066,0.9302214364287005,-0.2830817579859679,0.02969120153629807,-0.13745282091195854,0.5348837209302325,0.23255813953488372,0.13953488372093023,43
top_momentum,balanced,0.2,1.1367985840101411,0.8672178230306897,0.19175932128294293,0.6398309928933027,-0.3166130366272072,0.02000839443784643,-0.14248823192691895,0.5348837209302325,0.18604651162790697,0.16279069767441862,43
top_momentum,balanced,0.4,1.1367985840101411,-0.16870614615174118,-0.05058490312613195,0.05855579036684826,-0.4951287293911588,0.000929303585784629,-0.15247500920547052,0.46511627906976744,0.16279069767441862,0.20930232558139536,43
