market,family,side,lookback,aux,tp,sl,max_hold,name,split,trades,total_return,avg_trade,win_rate,avg_win,median_win,avg_loss,profit_factor,max_drawdown,target_hit_rate,winner_ge_2_pct,bootstrap_mean_5pct,positive_year_pct,stress_trades,stress_total_return,stress_avg_trade,stress_win_rate,stress_avg_win,stress_median_win,stress_avg_loss,stress_profit_factor,stress_max_drawdown,stress_target_hit_rate,stress_winner_ge_2_pct,stress_bootstrap_mean_5pct,stress_positive_year_pct
stock,breakout,1,20,0.0,0.022,0.012,5,stock_breakout_L_lb20_a0_tp0.022_sl0.012_h5,train,415,0.3409596389412286,0.000835660171876341,0.43373493975903615,0.018688755984982913,0.02056000000000002,-0.012839051514758481,1.1149415361274888,-0.153067657851384,0.3759036144578313,0.8666666666666667,-0.00047391304674356146,0.6666666666666666,415,-0.005334767721094424,0.00011566017187634082,0.42891566265060244,0.01817737162590856,0.01984000000000002,-0.01344967585689047,1.0150581551064337,-0.20520325823565744,0.3759036144578313,0.0,-0.0011939130467435615,0.5555555555555556
stock,breakout,1,20,0.0,0.022,0.012,5,stock_breakout_L_lb20_a0_tp0.022_sl0.012_h5,test,259,-0.19252098872224244,-0.0006949622684652765,0.38223938223938225,0.019602386693031378,0.02056000000000002,-0.013253946938391334,0.9151218744644598,-0.38044650153710047,0.3552123552123552,0.9292929292929293,-0.0023580717032227988,0.5,259,-0.33005774905085383,-0.0014149622684652772,0.38223938223938225,0.018882386693031383,0.01984000000000002,-0.013973946938391333,0.8360899621147524,-0.4536207693570924,0.3552123552123552,0.0,-0.003078071703222799,0.25
stock,breakout,1,55,0.0,0.022,0.012,5,stock_breakout_L_lb55_a0_tp0.022_sl0.012_h5,train,386,0.07368762341343915,0.000312368365422308,0.41968911917098445,0.018680719592903346,0.02056000000000002,-0.012971885647309516,1.041495711906201,-0.3013128750002988,0.3626943005181347,0.8641975308641975,-0.001093415036019665,0.5555555555555556,386,-0.18690333987719443,-0.00040763163457769203,0.4170984455958549,0.0180758227235306,0.01984000000000002,-0.01363357008637962,0.948706412855237,-0.37753316304156703,0.3626943005181347,0.0,-0.0018134150360196645,0.5555555555555556
stock,breakout,1,55,0.0,0.022,0.012,5,stock_breakout_L_lb55_a0_tp0.022_sl0.012_h5,test,239,-0.022445995621938608,3.741677026898193e-05,0.40585774058577406,0.019486826131878854,0.02056000000000002,-0.01324844737111241,1.0047534712239083,-0.3137086855805339,0.3723849372384937,0.9175257731958762,-0.001569182859162995,0.25,239,-0.17706889471582699,-0.0006825832297310183,0.40585774058577406,0.018766826131878855,0.01984000000000002,-0.013968447371112407,0.917753574033479,-0.3792660225352187,0.3723849372384937,0.0,-0.002289182859162995,0.25
stock,pullback,1,0,10.0,0.022,0.012,5,stock_pullback_L_lb0_a10_tp0.022_sl0.012_h5,train,162,-0.12473781594125322,-0.0006963408946434199,0.3950617283950617,0.018477821163225824,0.02056000000000002,-0.013218242646721296,0.9129162504633628,-0.1999505037135344,0.3395061728395062,0.859375,-0.002608266327635147,0.2222222222222222,162,-0.22121827912169878,-0.00141634089464342,0.3950617283950617,0.017757821163225825,0.01984000000000002,-0.013938242646721291,0.8320234284237427,-0.26600601738997465,0.3395061728395062,0.0,-0.0033282663276351467,0.1111111111111111
stock,pullback,1,0,10.0,0.022,0.012,5,stock_pullback_L_lb0_a10_tp0.022_sl0.012_h5,test,106,0.27187501112590384,0.0024086425361348604,0.4811320754716981,0.019477750992337364,0.02056000000000002,-0.013419076214162004,1.3459337286379385,-0.11598230189049952,0.4339622641509434,0.9019607843137255,-0.0003707554195240279,0.75,106,0.1785765094508942,0.001688642536134861,0.4811320754716981,0.01875775099233736,0.01984000000000002,-0.014139076214162011,1.2301759080091532,-0.1386889071670837,0.4339622641509434,0.0,-0.001090755419524028,0.75
stock,pullback,1,0,20.0,0.022,0.012,5,stock_pullback_L_lb0_a20_tp0.022_sl0.012_h5,train,357,0.2446888407166039,0.0007445001999028436,0.43977591036414565,0.018636876916588652,0.02056000000000002,-0.013301015522695516,1.099912134871132,-0.22043459293038115,0.3753501400560224,0.8535031847133758,-0.0007137062136970217,0.7777777777777778,357,-0.03740542037835559,2.4500199902843318e-05,0.43137254901960786,0.01827243649222016,0.01984000000000002,-0.013818761814958563,1.0031179753314219,-0.2546751494054532,0.3753501400560224,0.0,-0.0014337062136970215,0.3333333333333333
stock,pullback,1,0,20.0,0.022,0.012,5,stock_pullback_L_lb0_a20_tp0.022_sl0.012_h5,test,215,0.1949183638119587,0.0009651680910767715,0.4325581395348837,0.019769323731832027,0.02056000000000002,-0.013369147274416992,1.127226587101117,-0.20269396239101034,0.4,0.9354838709677419,-0.0007100911727823737,0.75,215,0.023603562088046592,0.0002451680910767716,0.4325581395348837,0.019049323731832036,0.01984000000000002,-0.01408914727441699,1.030666051872736,-0.2587634329721705,0.4,0.010752688172043012,-0.0014300911727823742,0.5
stock,trend_pullback,1,0,0.01,0.022,0.012,5,stock_trend_pullback_L_lb0_a0.01_tp0.022_sl0.012_h5,train,518,0.4750726267186278,0.0008853615941766767,0.4266409266409266,0.01972801009001804,0.02056000000000002,-0.013135599071079015,1.117555811834951,-0.22690871151436331,0.39575289575289574,0.9276018099547512,-0.00025360664853881783,0.6666666666666666,518,0.0159689726872303,0.00016536159417667633,0.4266409266409266,0.019008010090018033,0.01984000000000002,-0.013855599071079014,1.0208152989634018,-0.26294031999414014,0.39575289575289574,0.0,-0.0009736066485388182,0.5555555555555556
stock,trend_pullback,1,0,0.01,0.022,0.012,5,stock_trend_pullback_L_lb0_a0.01_tp0.022_sl0.012_h5,test,305,0.06611955931943125,0.000346060200421149,0.4131147540983607,0.019931018739114705,0.02056000000000002,-0.013440000000000013,1.0438731881519565,-0.3525430236118916,0.38688524590163936,0.9444444444444444,-0.0010362914587330168,0.5,305,-0.1441304318433133,-0.0003739397995788512,0.4131147540983607,0.019211018739114696,0.01984000000000002,-0.014160000000000008,0.9550028253039683,-0.4139933585237985,0.38688524590163936,0.007936507936507936,-0.001756291458733017,0.5
stock,trend_pullback,1,0,0.02,0.022,0.012,5,stock_trend_pullback_L_lb0_a0.02_tp0.022_sl0.012_h5,train,463,0.3581723768862195,0.0007973001644383134,0.4190064794816415,0.020093392979582278,0.02056000000000002,-0.013118841122319785,1.1046056378913898,-0.1665463268555506,0.4017278617710583,0.9587628865979382,-0.00041234447357082544,0.4444444444444444,463,-0.026799097281695494,7.730016443831318e-05,0.4190064794816415,0.01937339297958228,0.01984000000000002,-0.013838841122319786,1.0096141170524218,-0.21675416723958907,0.4017278617710583,0.0,-0.0011323444735708255,0.3333333333333333
stock,trend_pullback,1,0,0.02,0.022,0.012,5,stock_trend_pullback_L_lb0_a0.02_tp0.022_sl0.012_h5,test,290,0.09561884927209019,0.00045083378548704925,0.41724137931034483,0.01979133542382408,0.02056000000000002,-0.01339650762420988,1.0577478942254745,-0.2619459279609756,0.3931034482758621,0.9504132231404959,-0.001212630852229646,0.75,290,-0.11087579075886445,-0.0002691662145129507,0.41724137931034483,0.019071335423824082,0.01984000000000002,-0.014116507624209877,0.9672806571142204,-0.3068281785022168,0.3931034482758621,0.008264462809917356,-0.001932630852229646,0.5
stock,breakout,1,20,0.0,0.022,0.012,10,stock_breakout_L_lb20_a0_tp0.022_sl0.012_h10,train,385,0.32116551516417746,0.0008607964048049228,0.42857142857142855,0.01986430472285292,0.02056000000000002,-0.013391834833731077,1.112485983221234,-0.15583615610578616,0.4077922077922078,0.9515151515151515,-0.0004760052968603217,0.6666666666666666,385,0.0013781480187207151,0.00014079640480492274,0.42857142857142855,0.019144304722852924,0.01984000000000002,-0.014111834833731076,1.0174600759796077,-0.24142026062777888,0.4077922077922078,0.0,-0.0011960052968603221,0.4444444444444444
stock,breakout,1,20,0.0,0.022,0.012,10,stock_breakout_L_lb20_a0_tp0.022_sl0.012_h10,test,253,-0.25433266958678036,-0.0010265278237618022,0.36363636363636365,0.02056000000000002,0.02056000000000002,-0.013361686580197133,0.8792730886221779,-0.4043157560967843,0.36363636363636365,1.0,-0.002639176045105672,0.5,253,-0.3786973980133177,-0.001746527823761803,0.36363636363636365,0.019840000000000028,0.01984000000000002,-0.014081686580197131,0.8050983660640573,-0.4735494292258575,0.36363636363636365,0.0,-0.003359176045105672,0.25
stock,breakout,1,55,0.0,0.022,0.012,10,stock_breakout_L_lb55_a0_tp0.022_sl0.012_h10,train,364,0.2697720843446405,0.0007935640067544433,0.4258241758241758,0.019917554592770673,0.02056000000000002,-0.01338929982498008,1.1032236453876427,-0.27037807131632374,0.4065934065934066,0.9548387096774194,-0.0006388371207760275,0.6666666666666666,364,-0.022933704542131172,7.356400675444317e-05,0.4258241758241758,0.01919755459277068,0.01984000000000002,-0.01410929982498008,1.0090806097287488,-0.3207529946913018,0.4065934065934066,0.0,-0.0013588371207760277,0.5555555555555556
stock,breakout,1,55,0.0,0.022,0.012,10,stock_breakout_L_lb55_a0_tp0.022_sl0.012_h10,test,233,-0.08663371586565738,-0.00025283922494307473,0.38626609442060084,0.02056000000000002,0.02056000000000002,-0.013351828946935236,0.9691451404363859,-0.3410870058729837,0.38626609442060084,1.0,-0.0020580257510729527,0.25,233,-0.22781164078910587,-0.0009728392249430743,0.38626609442060084,0.019840000000000024,0.01984000000000002,-0.014071828946935231,0.8873553916694561,-0.40275752050676406,0.38626609442060084,0.0,-0.0027780257510729525,0.25
stock,pullback,1,0,10.0,0.022,0.012,10,stock_pullback_L_lb0_a10_tp0.022_sl0.012_h10,train,156,-0.08749053595644274,-0.0004551598361145898,0.391025641025641,0.019568734578528587,0.02056000000000002,-0.01331260782867496,0.9438562021746072,-0.19560121830545418,0.36538461538461536,0.9344262295081968,-0.002686968830707565,0.4444444444444444,156,-0.18453600087650324,-0.0011751598361145897,0.391025641025641,0.018848734578528602,0.01984000000000002,-0.014032607828674947,0.8624820008158279,-0.23747713864193742,0.36538461538461536,0.0,-0.0034069688307075655,0.2222222222222222
stock,pullback,1,0,10.0,0.022,0.012,10,stock_pullback_L_lb0_a10_tp0.022_sl0.012_h10,test,104,0.24499099875564756,0.0022523076923076915,0.46153846153846156,0.02056000000000002,0.02056000000000002,-0.01344000000000002,1.3112244897959178,-0.12607733797708787,0.46153846153846156,1.0,-0.0003630769230769284,0.75,104,0.1553096278645303,0.0015323076923076907,0.46153846153846156,0.01984000000000002,0.01984000000000002,-0.01416000000000002,1.200968523002421,-0.14791816929662316,0.46153846153846156,0.0,-0.001083076923076929,0.75
stock,pullback,1,0,20.0,0.022,0.012,10,stock_pullback_L_lb0_a20_tp0.022_sl0.012_h10,train,336,0.50341094783829,0.0013527580362092356,0.4375,0.020153591185955822,0.02056000000000002,-0.013270112191371447,1.1812270417010347,-0.13782285855467524,0.4226190476190476,0.9659863945578231,-0.0002554856703616476,0.8888888888888888,336,0.180560801685556,0.0006327580362092355,0.4375,0.019433591185955824,0.01984000000000002,-0.01399011219137144,1.080407016047869,-0.15998364801938292,0.4226190476190476,0.0,-0.0009754856703616477,0.6666666666666666
stock,pullback,1,0,20.0,0.022,0.012,10,stock_pullback_L_lb0_a20_tp0.022_sl0.012_h10,test,215,0.11408704353573151,0.0006423762759516814,0.413953488372093,0.020579223587973174,0.02056000000000002,-0.01344000000000001,1.0815564173100973,-0.2038336078528903,0.40930232558139534,1.0,-0.0012473404713524549,0.75,215,-0.04568761982814573,-7.76237240483185e-05,0.413953488372093,0.01985922358797318,0.01984000000000002,-0.014160000000000008,0.9906459618697943,-0.26566570163477254,0.40930232558139534,0.011235955056179775,-0.0019673404713524546,0.5
stock,trend_pullback,1,0,0.01,0.022,0.012,10,stock_trend_pullback_L_lb0_a0.01_tp0.022_sl0.012_h10,train,497,0.4112541506978722,0.000832396191581156,0.42052313883299797,0.02041946796619628,0.02056000000000002,-0.013381832978191625,1.1073441497685195,-0.2261939464077718,0.41448692152917505,0.9856459330143541,-0.0003531969828770449,0.6666666666666666,497,-0.013203624042389506,0.00011239619158115601,0.42052313883299797,0.019699467966196278,0.01984000000000002,-0.014101832978191627,1.013754345529994,-0.2531685230290698,0.41448692152917505,0.0,-0.001073196982877045,0.4444444444444444
stock,trend_pullback,1,0,0.01,0.022,0.012,10,stock_trend_pullback_L_lb0_a0.01_tp0.022_sl0.012_h10,test,300,-0.05777846251033114,-6.096366890129397e-05,0.3933333333333333,0.020574499146861134,0.02056000000000002,-0.013440000000000011,0.9925230979075139,-0.44755273325021416,0.39,1.0,-0.0016422124876908561,0.5,300,-0.2409329208555363,-0.0007809636689012939,0.3933333333333333,0.01985449914686112,0.01984000000000002,-0.014160000000000004,0.9090887887756921,-0.49860017166850656,0.39,0.00847457627118644,-0.0023622124876908563,0.5
stock,trend_pullback,1,0,0.02,0.022,0.012,10,stock_trend_pullback_L_lb0_a0.02_tp0.022_sl0.012_h10,train,448,0.5087287925238522,0.0010580695185923477,0.4263392857142857,0.020442806619689734,0.02056000000000002,-0.01334848607016096,1.1381742389594522,-0.1665463268555507,0.421875,0.9895287958115183,-0.00020634597886202188,0.5555555555555556,448,0.0929085903646687,0.0003380695185923475,0.4263392857142857,0.019722806619689733,0.01984000000000002,-0.01406848607016096,1.0418893422363822,-0.1998298892450665,0.421875,0.0,-0.0009263459788620221,0.3333333333333333
stock,trend_pullback,1,0,0.02,0.022,0.012,10,stock_trend_pullback_L_lb0_a0.02_tp0.022_sl0.012_h10,test,285,0.007953097070672044,0.00016600315554249638,0.4,0.020575007888856255,0.02056000000000002,-0.01344000000000001,1.020585708772631,-0.2999108886725813,0.39649122807017545,1.0,-0.0015041722830539935,0.5,285,-0.17911711858824808,-0.000553996844457504,0.4,0.019855007888856253,0.01984000000000002,-0.014160000000000008,0.9347932151062261,-0.35823982725429515,0.39649122807017545,0.008771929824561403,-0.0022241722830539934,0.5
stock,breakout,1,20,0.0,0.022,0.012,20,stock_breakout_L_lb20_a0_tp0.022_sl0.012_h20,train,376,0.42896878567165553,0.0010903105551461052,0.42819148936170215,0.020494141420713898,0.02056000000000002,-0.013440000000000014,1.1418731896231085,-0.15992230809232122,0.425531914893617,0.9937888198757764,-0.00029427250672906934,0.6666666666666666,376,0.09019297234810986,0.0003703105551461051,0.42819148936170215,0.019774141420713907,0.01984000000000002,-0.014160000000000011,1.0457353727285956,-0.21162197344484956,0.425531914893617,0.0,-0.0010142725067290694,0.4444444444444444
stock,breakout,1,20,0.0,0.022,0.012,20,stock_breakout_L_lb20_a0_tp0.022_sl0.012_h20,test,252,-0.2785747149985275,-0.0011622222222222132,0.3611111111111111,0.02056000000000002,0.02056000000000002,-0.013440000000000002,0.8646480331262947,-0.40431575609678505,0.3611111111111111,1.0,-0.0027812698412698323,0.5,252,-0.3984774479503792,-0.001882222222222214,0.3611111111111111,0.019840000000000028,0.01984000000000002,-0.014159999999999997,0.7919430115450761,-0.4735494292258572,0.3611111111111111,0.0,-0.0035012698412698324,0.25
stock,breakout,1,55,0.0,0.022,0.012,20,stock_breakout_L_lb55_a0_tp0.022_sl0.012_h20,train,362,0.1896748082005204,0.0006191070959528591,0.4143646408839779,0.02048931179156625,0.02056000000000002,-0.013440000000000014,1.0786573340405063,-0.2906845113128971,0.4116022099447514,0.9933333333333333,-0.0007604419889502797,0.6666666666666666,362,-0.08329075340302228,-0.00010089290404714127,0.4143646408839779,0.019769311791566258,0.01984000000000002,-0.014160000000000013,0.9878333762175326,-0.33919509246666646,0.4116022099447514,0.0,-0.0014804419889502798,0.4444444444444444
stock,breakout,1,55,0.0,0.022,0.012,20,stock_breakout_L_lb55_a0_tp0.022_sl0.012_h20,test,232,-0.11632774433445603,-0.00039689655172413067,0.38362068965517243,0.020560000000000023,0.02056000000000002,-0.013440000000000004,0.9520895770895779,-0.3410870058729836,0.38362068965517243,1.0,-0.002162844827586205,0.25,232,-0.2523953529080809,-0.00111689655172413,0.38362068965517243,0.019840000000000024,0.01984000000000002,-0.014159999999999997,0.8720319228793818,-0.40275752050676494,0.38362068965517243,0.0,-0.0028828448275862047,0.25
stock,pullback,1,0,10.0,0.022,0.012,20,stock_pullback_L_lb0_a10_tp0.022_sl0.012_h20,train,154,-0.10074702102064481,-0.0005548005336024481,0.37662337662337664,0.020560000000000016,0.02056000000000002,-0.013311659189320604,0.9331418788600047,-0.19987694275313317,0.37662337662337664,1.0,-0.0027625927413946574,0.3333333333333333,154,-0.1952327983469877,-0.0012748005336024482,0.37662337662337664,0.01984000000000002,0.01984000000000002,-0.014031659189320603,0.8542586806690436,-0.24151496166468633,0.37662337662337664,0.0,-0.003482592741394657,0.2222222222222222
stock,pullback,1,0,10.0,0.022,0.012,20,stock_pullback_L_lb0_a10_tp0.022_sl0.012_h20,test,104,0.24499099875564756,0.0022523076923076915,0.46153846153846156,0.02056000000000002,0.02056000000000002,-0.01344000000000002,1.3112244897959178,-0.12607733797708787,0.46153846153846156,1.0,-0.0003630769230769284,0.75,104,0.1553096278645303,0.0015323076923076907,0.46153846153846156,0.01984000000000002,0.01984000000000002,-0.01416000000000002,1.200968523002421,-0.14791816929662316,0.46153846153846156,0.0,-0.001083076923076929,0.75
stock,pullback,1,0,20.0,0.022,0.012,20,stock_pullback_L_lb0_a20_tp0.022_sl0.012_h20,train,330,0.4283887659538159,0.0012218222484801226,0.4303030303030303,0.020560000000000016,0.02056000000000002,-0.01338467371277427,1.160234611270839,-0.16907890752838028,0.4303030303030303,1.0,-0.0004266626000047266,0.7777777777777778,330,0.1264655857019763,0.0005018222484801226,0.4303030303030303,0.019840000000000024,0.01984000000000002,-0.014104673712774267,1.0624515121765346,-0.19104065921538027,0.4303030303030303,0.0,-0.0011466626000047268,0.5555555555555556
stock,pullback,1,0,20.0,0.022,0.012,20,stock_pullback_L_lb0_a20_tp0.022_sl0.012_h20,test,215,0.11408704353573151,0.0006423762759516814,0.413953488372093,0.020579223587973174,0.02056000000000002,-0.01344000000000001,1.0815564173100973,-0.2038336078528903,0.40930232558139534,1.0,-0.0012473404713524549,0.75,215,-0.04568761982814573,-7.76237240483185e-05,0.413953488372093,0.01985922358797318,0.01984000000000002,-0.014160000000000008,0.9906459618697943,-0.26566570163477254,0.40930232558139534,0.011235955056179775,-0.0019673404713524546,0.5
stock,trend_pullback,1,0,0.01,0.022,0.012,20,stock_trend_pullback_L_lb0_a0.01_tp0.022_sl0.012_h20,train,492,0.4281593570651039,0.000864878048780488,0.42073170731707316,0.020560000000000023,0.02056000000000002,-0.013440000000000013,1.1110902255639101,-0.22619394640777213,0.42073170731707316,1.0,-0.0003133739837398411,0.7777777777777778,492,0.0022285291860888456,0.0001448780487804878,0.42073170731707316,0.019840000000000014,0.01984000000000002,-0.014160000000000015,1.0176628010704725,-0.25316852302906956,0.42073170731707316,0.0,-0.001033373983739841,0.4444444444444444
stock,trend_pullback,1,0,0.01,0.022,0.012,20,stock_trend_pullback_L_lb0_a0.01_tp0.022_sl0.012_h20,test,300,-0.05777846251033114,-6.096366890129397e-05,0.3933333333333333,0.020574499146861134,0.02056000000000002,-0.013440000000000011,0.9925230979075139,-0.44755273325021416,0.39,1.0,-0.0016422124876908561,0.5,300,-0.2409329208555363,-0.0007809636689012939,0.3933333333333333,0.01985449914686112,0.01984000000000002,-0.014160000000000004,0.9090887887756921,-0.49860017166850656,0.39,0.00847457627118644,-0.0023622124876908563,0.5
stock,trend_pullback,1,0,0.02,0.022,0.012,20,stock_trend_pullback_L_lb0_a0.02_tp0.022_sl0.012_h20,train,446,0.5639026423153068,0.0011438595112072656,0.4282511210762332,0.020560000000000026,0.02056000000000002,-0.013399210423535542,1.1493097466553173,-0.16654632685555049,0.4282511210762332,1.0,-5.25500358814336e-05,0.5555555555555556,446,0.13453827745552416,0.00042385951120726555,0.4282511210762332,0.019840000000000024,0.01984000000000002,-0.014119210423535542,1.0525056694981023,-0.19982988924506595,0.4282511210762332,0.0,-0.0007725500358814333,0.4444444444444444
stock,trend_pullback,1,0,0.02,0.022,0.012,20,stock_trend_pullback_L_lb0_a0.02_tp0.022_sl0.012_h20,test,285,0.007953097070672044,0.00016600315554249638,0.4,0.020575007888856255,0.02056000000000002,-0.01344000000000001,1.020585708772631,-0.2999108886725813,0.39649122807017545,1.0,-0.0015041722830539935,0.5,285,-0.17911711858824808,-0.000553996844457504,0.4,0.019855007888856253,0.01984000000000002,-0.014160000000000008,0.9347932151062261,-0.35823982725429515,0.39649122807017545,0.008771929824561403,-0.0022241722830539934,0.5
stock,breakout,1,20,0.0,0.022,0.018,5,stock_breakout_L_lb20_a0_tp0.022_sl0.018_h5,train,381,-0.08839809421136302,-6.951246807290702e-05,0.48556430446194226,0.018414595808732944,0.02056000000000002,-0.01751624732118047,0.9922858062160633,-0.2737857611558766,0.3989501312335958,0.8216216216216217,-0.0015915891196672737,0.5555555555555556,381,-0.30724924586050384,-0.0007895124680729057,0.48293963254593175,0.017793864723117815,0.01984000000000002,-0.01814657542837287,0.9158560173166007,-0.3814844407707241,0.3989501312335958,0.0,-0.0023115891196672732,0.5555555555555556
stock,breakout,1,20,0.0,0.022,0.018,5,stock_breakout_L_lb20_a0_tp0.022_sl0.018_h5,test,241,-0.5697529939023874,-0.0033121933758584483,0.4066390041493776,0.0193054894157961,0.02056000000000002,-0.018812423540768567,0.7032765010398963,-0.6418677892451646,0.36929460580912865,0.9081632653061225,-0.005314053201522708,0.25,241,-0.638545319155492,-0.004032193375858447,0.4066390041493776,0.018585489415796106,0.01984000000000002,-0.019532423540768562,0.6520905510686336,-0.6822398584634082,0.36929460580912865,0.0,-0.006034053201522706,0.25
stock,breakout,1,55,0.0,0.022,0.018,5,stock_breakout_L_lb55_a0_tp0.022_sl0.018_h5,train,357,-0.20979997863918676,-0.0004861054883096271,0.47619047619047616,0.01832404742349179,0.02056000000000002,-0.01758624449903819,0.9472303726562052,-0.35876672968285006,0.3865546218487395,0.8117647058823529,-0.0020479978638755477,0.5555555555555556,357,-0.3890963803048554,-0.0012061054883096259,0.47619047619047616,0.017604047423491795,0.01984000000000002,-0.01830624449903819,0.8742196946371205,-0.4891110029284649,0.3865546218487395,0.0,-0.002767997863875546,0.3333333333333333
stock,breakout,1,55,0.0,0.022,0.018,5,stock_breakout_L_lb55_a0_tp0.022_sl0.018_h5,test,230,-0.41387598346260046,-0.00213229343151457,0.43478260869565216,0.019706222466171087,0.02056000000000002,-0.018931151814349692,0.8007242673314416,-0.5084873897018327,0.4043478260869565,0.93,-0.004221209902844002,0.25,230,-0.5035636780651469,-0.002852293431514569,0.43478260869565216,0.018986222466171095,0.01984000000000002,-0.019651151814349694,0.7432025690104626,-0.554265902383716,0.4043478260869565,0.0,-0.004941209902844001,0.25
stock,pullback,1,0,10.0,0.022,0.018,5,stock_pullback_L_lb0_a10_tp0.022_sl0.018_h5,train,152,-0.19578497573953957,-0.0012542968467725596,0.45394736842105265,0.018863176227511,0.02056000000000002,-0.017978461209731192,0.8722345853786021,-0.24832759756299472,0.40131578947368424,0.8840579710144928,-0.0036545600867470885,0.3333333333333333,152,-0.27930889587972874,-0.0019742968467725583,0.45394736842105265,0.018143176227511014,0.01984000000000002,-0.018698461209731183,0.8066375769091721,-0.3130554892079459,0.40131578947368424,0.0,-0.004374560086747088,0.2222222222222222
stock,pullback,1,0,10.0,0.022,0.018,5,stock_pullback_L_lb0_a10_tp0.022_sl0.018_h5,test,102,0.0060673515582503335,0.0002486232106867042,0.5,0.019453917635210892,0.02056000000000002,-0.018956671213837484,1.0262306823684553,-0.24577421324033166,0.46078431372549017,0.9215686274509803,-0.0029685641558780825,0.5,102,-0.0652040323849008,-0.0004713767893132944,0.49019607843137253,0.019111704804216062,0.01984000000000002,-0.01930126293693768,0.9520951709152125,-0.27050649144731354,0.46078431372549017,0.0,-0.003688564155878081,0.25
stock,pullback,1,0,20.0,0.022,0.018,5,stock_pullback_L_lb0_a20_tp0.022_sl0.018_h5,train,320,0.13974047518605226,0.0005878887425626982,0.515625,0.018386094074625794,0.02056000000000002,-0.01835858790124641,1.0661110646214123,-0.2229508858509378,0.43125,0.8363636363636363,-0.0011086489142924615,0.5555555555555556,320,-0.09482724351645788,-0.00013211125743730037,0.50625,0.01799945102599224,0.01984000000000002,-0.01872270043411822,0.985708947028662,-0.3030390421599547,0.43125,0.0,-0.0018286489142924605,0.3333333333333333
stock,pullback,1,0,20.0,0.022,0.018,5,stock_pullback_L_lb0_a20_tp0.022_sl0.018_h5,test,194,0.08243824668112021,0.0005986759324639804,0.5103092783505154,0.019462569283645263,0.02056000000000002,-0.019059486612451264,1.0641443968281898,-0.17051787076944036,0.4639175257731959,0.9191919191919192,-0.0016496684030611161,0.75,194,-0.05869089444649289,-0.00012132406753601804,0.5103092783505154,0.01874256928364527,0.01984000000000002,-0.01977948661245125,0.9874740673649711,-0.21629202053777163,0.4639175257731959,0.010101010101010102,-0.0023696684030611146,0.5
stock,trend_pullback,1,0,0.01,0.022,0.018,5,stock_trend_pullback_L_lb0_a0.01_tp0.022_sl0.018_h5,train,474,0.24194038569717224,0.0006425623861808046,0.5021097046413502,0.01938525780805296,0.02056000000000002,-0.018258969437571628,1.0706814380036518,-0.2627525162904154,0.459915611814346,0.9159663865546218,-0.0007578212848627441,0.4444444444444444,474,-0.11718105524596722,-7.743761381919413e-05,0.4978902953586498,0.018823935648081387,0.01984000000000002,-0.018819975806292043,0.9918052768518305,-0.34363200573647745,0.459915611814346,0.0,-0.0014778212848627424,0.2222222222222222
stock,trend_pullback,1,0,0.01,0.022,0.018,5,stock_trend_pullback_L_lb0_a0.01_tp0.022_sl0.018_h5,test,277,0.07898565656710521,0.00046575123612146134,0.5090252707581228,0.019463207789716563,0.02056000000000002,-0.019230141220179343,1.049330146283992,-0.32564278232057253,0.4548736462093863,0.900709219858156,-0.0013470367075710547,0.5,277,-0.11615525075245514,-0.0002542487638785371,0.5090252707581228,0.018743207789716568,0.01984000000000002,-0.019950141220179345,0.9740430454568298,-0.38785197127039983,0.4548736462093863,0.0070921985815602835,-0.002067036707571053,0.25
stock,trend_pullback,1,0,0.02,0.022,0.018,5,stock_trend_pullback_L_lb0_a0.02_tp0.022_sl0.018_h5,train,425,-0.15483277693506514,-0.00021056119616023696,0.47294117647058825,0.019688232182306364,0.02056000000000002,-0.018066174897373572,0.9778867263397008,-0.40946179088106527,0.44,0.9303482587064676,-0.0016721859890474506,0.4444444444444444,425,-0.3778094906959112,-0.0009305611961602357,0.47058823529411764,0.01906351390028571,0.01984000000000002,-0.01870307239300108,0.9060193605134101,-0.5307782190039441,0.44,0.0,-0.002392185989047449,0.1111111111111111
stock,trend_pullback,1,0,0.02,0.022,0.018,5,stock_trend_pullback_L_lb0_a0.02_tp0.022_sl0.018_h5,test,262,0.09051305889014327,0.0005239256139675137,0.5076335877862596,0.019687922920481337,0.02056000000000002,-0.0192343041671669,1.0553228738694538,-0.25108010617372845,0.46946564885496184,0.9323308270676691,-0.001486733783559793,0.5,262,-0.0970008848629712,-0.00019607438603248456,0.5038167938931297,0.019112796888174743,0.01984000000000002,-0.01980200521830444,0.9800441775100851,-0.332752989453595,0.46946564885496184,0.007575757575757576,-0.0022067337835597924,0.25
stock,breakout,1,20,0.0,0.022,0.018,10,stock_breakout_L_lb20_a0_tp0.022_sl0.018_h10,train,331,-0.3197572662941526,-0.0009744614681831416,0.4652567975830816,0.019572679313343028,0.02056000000000002,-0.018851634803522296,0.9033347495421337,-0.42747364636629903,0.43202416918429004,0.9285714285714286,-0.0027512115652010313,0.4444444444444444,331,-0.46422142380445075,-0.0016944614681831402,0.4652567975830816,0.018852679313343033,0.01984000000000002,-0.019571634803522295,0.8380953502556397,-0.5227132714817043,0.43202416918429004,0.0,-0.0034712115652010293,0.2222222222222222
stock,breakout,1,20,0.0,0.022,0.018,10,stock_breakout_L_lb20_a0_tp0.022_sl0.018_h10,test,226,-0.5310981602415044,-0.0031544877463941996,0.40707964601769914,0.02038203658416449,0.02056000000000002,-0.01931389251065838,0.7245373789909092,-0.6485020394011076,0.4026548672566372,0.9891304347826086,-0.005350826836026363,0.25,226,-0.6017670868746177,-0.0038744877463941984,0.40707964601769914,0.0196620365841645,0.01984000000000002,-0.020033892510658378,0.6738235563754652,-0.686779638921655,0.4026548672566372,0.0,-0.006070826836026362,0.25
stock,breakout,1,55,0.0,0.022,0.018,10,stock_breakout_L_lb55_a0_tp0.022_sl0.018_h10,train,317,-0.3282395248941441,-0.0010664378852620119,0.47003154574132494,0.019154470254271385,0.02056000000000002,-0.019000457604252945,0.8940937757453734,-0.4218944305352469,0.42586750788643535,0.9060402684563759,-0.00295310484531698,0.3333333333333333,317,-0.4655437683334065,-0.0017864378852620103,0.47003154574132494,0.01843447025427139,0.01984000000000002,-0.019720457604252943,0.8290689688751949,-0.5290411961751255,0.42586750788643535,0.0,-0.003673104845316978,0.3333333333333333
stock,breakout,1,55,0.0,0.022,0.018,10,stock_breakout_L_lb55_a0_tp0.022_sl0.018_h10,test,213,-0.31764434541196973,-0.0015971560126060529,0.4460093896713615,0.02038765648150666,0.02056000000000002,-0.019296793190069685,0.8505968361394881,-0.5117155905754377,0.4413145539906103,0.9894736842105263,-0.0036606621516510358,0.25,213,-0.414872322847772,-0.002317156012606051,0.4460093896713615,0.019667656481506673,0.01984000000000002,-0.02001679319006969,0.7910423047192918,-0.5549572393164802,0.4413145539906103,0.0,-0.004380662151651034,0.25
stock,pullback,1,0,10.0,0.022,0.018,10,stock_pullback_L_lb0_a10_tp0.022_sl0.018_h10,train,147,-0.19051525483886,-0.0012471233425679076,0.4557823129251701,0.019756236543314834,0.02056000000000002,-0.018837437246994708,0.878349208975646,-0.250815392655957,0.42857142857142855,0.9402985074626866,-0.0038690933112341752,0.3333333333333333,147,-0.271966329455984,-0.001967123342567906,0.4557823129251701,0.019036236543314843,0.01984000000000002,-0.019557437246994706,0.8151808390680654,-0.31645784241085995,0.42857142857142855,0.0,-0.0045890933112341745,0.1111111111111111
stock,pullback,1,0,10.0,0.022,0.018,10,stock_pullback_L_lb0_a10_tp0.022_sl0.018_h10,test,99,-0.01973225637483056,-2.362430030470199e-06,0.48484848484848486,0.02056000000000002,0.02056000000000002,-0.019355174128882695,0.9997630662706508,-0.2196464574836352,0.48484848484848486,1.0,-0.0036387260663941095,0.5,99,-0.08722307984151967,-0.0007223624300304685,0.48484848484848486,0.01984000000000002,0.01984000000000002,-0.020075174128882694,0.9301508946617477,-0.24412761897035518,0.48484848484848486,0.0,-0.004358726066394108,0.5
stock,pullback,1,0,20.0,0.022,0.018,10,stock_pullback_L_lb0_a20_tp0.022_sl0.018_h10,train,297,0.08244918320645733,0.0004608780360491394,0.5016835016835017,0.019930199699534704,0.02056000000000002,-0.01913999309813566,1.048321339936767,-0.20802493916448805,0.4781144781144781,0.9530201342281879,-0.0015364955362450938,0.5555555555555556,297,-0.12600029907007315,-0.0002591219639508591,0.4983164983164983,0.019344557868869405,0.01984000000000002,-0.019731233475745482,0.9738229819766177,-0.264786242633533,0.4781144781144781,0.0,-0.0022564955362450925,0.3333333333333333
stock,pullback,1,0,20.0,0.022,0.018,10,stock_pullback_L_lb0_a20_tp0.022_sl0.018_h10,test,190,-0.15119896038513303,-0.000665538761582971,0.47368421052631576,0.020162398668899628,0.02056000000000002,-0.01941068244901732,0.9348542406827294,-0.2586309113456724,0.45789473684210524,0.9777777777777777,-0.0030059190187682722,0.0,190,-0.25986662974597063,-0.0013855387615829694,0.47368421052631576,0.019442398668899633,0.01984000000000002,-0.02013068244901731,0.869228295976814,-0.33996140341542436,0.45789473684210524,0.011111111111111112,-0.0037259190187682706,0.0
stock,trend_pullback,1,0,0.01,0.022,0.018,10,stock_trend_pullback_L_lb0_a0.01_tp0.022_sl0.018_h10,train,442,0.2350519031759326,0.0006732759021843142,0.504524886877828,0.02014705877178549,0.02056000000000002,-0.019156192499281726,1.0709352383659645,-0.2364131480106546,0.49095022624434387,0.9730941704035875,-0.0008923421975591427,0.4444444444444444,442,-0.10161072658132753,-4.672409781568406e-05,0.504524886877828,0.01942705877178548,0.01984000000000002,-0.01987619249928172,0.9952555498839091,-0.28132410555622034,0.49095022624434387,0.0,-0.001612342197559141,0.4444444444444444
stock,trend_pullback,1,0,0.01,0.022,0.018,10,stock_trend_pullback_L_lb0_a0.01_tp0.022_sl0.018_h10,test,266,0.22560178725643487,0.0009639899600475142,0.5112781954887218,0.020432554745529623,0.02056000000000002,-0.01940312396937992,1.1016574324586945,-0.31604136442488584,0.5037593984962406,0.9926470588235294,-0.0010522006477517029,0.5,266,0.0120231093288512,0.0002439899600475158,0.5112781954887218,0.01971255474552962,0.01984000000000002,-0.020123123969379916,1.0248093186690999,-0.3696856962702859,0.5037593984962406,0.007352941176470588,-0.0017722006477517013,0.5
stock,trend_pullback,1,0,0.02,0.022,0.018,10,stock_trend_pullback_L_lb0_a0.02_tp0.022_sl0.018_h10,train,397,0.4048077363373004,0.0010524863348093901,0.5113350125944585,0.020299921877140283,0.02056000000000002,-0.019087871474949225,1.11283601516706,-0.30135760692192726,0.5012594458438288,0.9802955665024631,-0.000597713122563039,0.5555555555555556,397,0.05563899702771624,0.0003324863348093913,0.5113350125944585,0.01957992187714028,0.01984000000000002,-0.019807871474949224,1.0343498439122591,-0.3528885133638763,0.5012594458438288,0.0,-0.0013177131225630373,0.4444444444444444
stock,trend_pullback,1,0,0.02,0.022,0.018,10,stock_trend_pullback_L_lb0_a0.02_tp0.022_sl0.018_h10,test,254,-0.04463612429764752,1.9320651149708356e-05,0.4881889763779528,0.020420221333806686,0.02056000000000002,-0.01944000000000002,1.00194185081989,-0.31960937245158083,0.48031496062992124,0.9919354838709677,-0.0019529492152377508,0.5,254,-0.20441549551811977,-0.0007006793488502903,0.4881889763779528,0.019700221333806674,0.01984000000000002,-0.020160000000000018,0.932092279224674,-0.39416617278123356,0.48031496062992124,0.008064516129032258,-0.0026729492152377486,0.25
stock,breakout,1,20,0.0,0.022,0.018,20,stock_breakout_L_lb20_a0_tp0.022_sl0.018_h20,train,319,-0.11174296596536437,-0.0001734442667408796,0.4827586206896552,0.020383328720713505,0.02056000000000002,-0.01935976572169831,0.9826792541198021,-0.28010317752396385,0.47648902821316613,0.987012987012987,-0.001944298067709756,0.4444444444444444,319,-0.29417486875321996,-0.0008934442667408778,0.4827586206896552,0.01966332872071351,0.01984000000000002,-0.020079765721698305,0.9139768059893678,-0.3967253319501971,0.47648902821316613,0.0,-0.0026642980677097547,0.4444444444444444
stock,breakout,1,20,0.0,0.022,0.018,20,stock_breakout_L_lb20_a0_tp0.022_sl0.018_h20,test,225,-0.6088087919666076,-0.003973333333333332,0.38666666666666666,0.020560000000000012,0.02056000000000002,-0.019440000000000013,0.666756128108785,-0.6872137716417952,0.38666666666666666,1.0,-0.006106666666666664,0.25,225,-0.6675698832027104,-0.004693333333333331,0.38666666666666666,0.019840000000000028,0.01984000000000002,-0.02016000000000001,0.6204278812974471,-0.7214998910542207,0.38666666666666666,0.0,-0.006826666666666663,0.25
stock,breakout,1,55,0.0,0.022,0.018,20,stock_breakout_L_lb55_a0_tp0.022_sl0.018_h20,train,303,-0.15145952847843136,-0.00034418719831795833,0.47854785478547857,0.020372362917171583,0.02056000000000002,-0.019356211038482417,0.9658995660120644,-0.2598521861149242,0.47194719471947194,0.9862068965517241,-0.0021923720167998087,0.4444444444444444,303,-0.31793998752086183,-0.0010641871983179565,0.47854785478547857,0.01965236291717159,0.01984000000000002,-0.020076211038482412,0.8983466209568466,-0.3817524846342495,0.47194719471947194,0.0,-0.0029123720167998066,0.4444444444444444
stock,breakout,1,55,0.0,0.022,0.018,20,stock_breakout_L_lb55_a0_tp0.022_sl0.018_h20,test,212,-0.4307304638339885,-0.002458867924528301,0.42452830188679247,0.02056000000000002,0.02056000000000002,-0.019440000000000016,0.7802064359441411,-0.5654921054739575,0.42452830188679247,1.0,-0.004723018867924528,0.25,212,-0.5115570420072237,-0.0031788679245282996,0.42452830188679247,0.019840000000000024,0.01984000000000002,-0.020160000000000018,0.7259953161592508,-0.6042899097964813,0.42452830188679247,0.0,-0.005443018867924527,0.25
stock,pullback,1,0,10.0,0.022,0.018,20,stock_pullback_L_lb0_a10_tp0.022_sl0.018_h20,train,143,-0.20689526865108632,-0.0014232073986123063,0.44755244755244755,0.02056000000000002,0.02056000000000002,-0.019232388075969133,0.8660496276308768,-0.2751906562480778,0.44755244755244755,1.0,-0.004159264568573473,0.4444444444444444,143,-0.2846508258450797,-0.002143207398612305,0.44755244755244755,0.01984000000000002,0.01984000000000002,-0.01995238807596912,0.8055632905297925,-0.3368052386196906,0.44755244755244755,0.0,-0.0048792645685734725,0.1111111111111111
stock,pullback,1,0,10.0,0.022,0.018,20,stock_pullback_L_lb0_a10_tp0.022_sl0.018_h20,test,98,-0.004689248544289426,0.00015183673469388773,0.4897959183673469,0.02056000000000002,0.02056000000000002,-0.01944,1.0153086419753097,-0.21964645748363532,0.4897959183673469,1.0,-0.0035216326530612086,0.75,98,-0.07253775339275836,-0.0005681632653061106,0.4897959183673469,0.01984000000000002,0.01984000000000002,-0.02016,0.9447619047619058,-0.2441276189703555,0.4897959183673469,0.0,-0.004241632653061207,0.5
stock,pullback,1,0,20.0,0.022,0.018,20,stock_pullback_L_lb0_a20_tp0.022_sl0.018_h20,train,287,0.18871082123287963,0.0008019031725264229,0.5052264808362369,0.02056000000000002,0.02056000000000002,-0.019373618235809294,1.0836574738722842,-0.1740937737114402,0.5052264808362369,1.0,-0.001255845222891403,0.6666666666666666,287,-0.03319818781900985,8.190317252642447e-05,0.5052264808362369,0.01984000000000002,0.01984000000000002,-0.02009361823580929,1.0082382720635743,-0.20095299200316563,0.5052264808362369,0.0,-0.0019758452228914015,0.6666666666666666
stock,pullback,1,0,20.0,0.022,0.018,20,stock_pullback_L_lb0_a20_tp0.022_sl0.018_h20,test,185,-0.06915288660995023,-0.00018750865227237025,0.4810810810810811,0.020579223587973174,0.02056000000000002,-0.019440000000000013,0.9814123045961995,-0.23124212497741437,0.4756756756756757,1.0,-0.0025658870306507512,0.25,185,-0.1853416790083383,-0.0009075086522723686,0.4810810810810811,0.01985922358797318,0.01984000000000002,-0.02016000000000001,0.9132517460987165,-0.314572537212115,0.4756756756756757,0.011235955056179775,-0.0032858870306507505,0.25
stock,trend_pullback,1,0,0.01,0.022,0.018,20,stock_trend_pullback_L_lb0_a0.01_tp0.022_sl0.018_h20,train,425,0.1705614431434308,0.000570079249902636,0.5011764705882353,0.02048621446576819,0.02056000000000002,-0.019440000000000023,1.0587884543657844,-0.2574995469991843,0.4988235294117647,0.9953051643192489,-0.001066900323724144,0.4444444444444444,425,-0.13806407458190706,-0.00014992075009736234,0.5011764705882353,0.019766214465768185,0.01984000000000002,-0.020160000000000018,0.9850918316694323,-0.3245098600687373,0.4988235294117647,0.0,-0.0017869003237241422,0.4444444444444444
stock,trend_pullback,1,0,0.01,0.022,0.018,20,stock_trend_pullback_L_lb0_a0.01_tp0.022_sl0.018_h20,test,263,0.1692196679361655,0.0007946422027741889,0.5057034220532319,0.020572863904733934,0.02056000000000002,-0.019440000000000016,1.0826966205007955,-0.31604136442488584,0.5019011406844106,1.0,-0.0011890494296577948,0.5,263,-0.03247780640992659,7.464220277419027e-05,0.5057034220532319,0.01985286390473394,0.01984000000000002,-0.020160000000000015,1.0074904225158776,-0.36968569627028647,0.5019011406844106,0.007518796992481203,-0.001909049429657793,0.5
stock,trend_pullback,1,0,0.02,0.022,0.018,20,stock_trend_pullback_L_lb0_a0.02_tp0.022_sl0.018_h20,train,389,0.47209159440473236,0.0011931203190607383,0.5167095115681234,0.02044486364974898,0.02056000000000002,-0.019389860582366587,1.1273213713126282,-0.3044877209228686,0.5115681233933161,0.9900497512437811,-0.0005387817162187078,0.5555555555555556,389,0.11262958088545028,0.0004731203190607397,0.5167095115681234,0.019724863649748983,0.01984000000000002,-0.020109860582366586,1.048680417293566,-0.35532566851449476,0.5115681233933161,0.0,-0.0012587817162187064,0.4444444444444444
stock,trend_pullback,1,0,0.02,0.022,0.018,20,stock_trend_pullback_L_lb0_a0.02_tp0.022_sl0.018_h20,test,252,-0.06530021135053721,-6.813135186662396e-05,0.48412698412698413,0.02057402376499683,0.02056000000000002,-0.01944000000000002,0.993206275454895,-0.3196093724515814,0.4801587301587302,1.0,-0.0021384126984127006,0.5,252,-0.22051371865911662,-0.0007881313518666224,0.48412698412698413,0.019854023764996828,0.01984000000000002,-0.020160000000000018,0.924218139243594,-0.394166172781233,0.4801587301587302,0.00819672131147541,-0.002858412698412699,0.25
stock,breakout,1,20,0.0,0.03,0.012,5,stock_breakout_L_lb20_a0_tp0.030_sl0.012_h5,train,368,0.642470096925285,0.0015179821628333529,0.4048913043478261,0.02259237901318545,0.028560000000000026,-0.012820306105214426,1.1989628427479306,-0.18010697769574857,0.2717391304347826,0.697986577181208,-5.268607174594697e-05,0.6666666666666666,368,0.2604373881065938,0.0007979821628333528,0.39945652173913043,0.022178098946118583,0.027840000000000028,-0.01342318148939709,1.0989904427227428,-0.20233357865104562,0.2717391304347826,0.7074829931972789,-0.0007726860717459473,0.5555555555555556
stock,breakout,1,20,0.0,0.03,0.012,5,stock_breakout_L_lb20_a0_tp0.030_sl0.012_h5,test,232,-0.16698414705004083,-0.0006189008481721308,0.33189655172413796,0.024639296542200175,0.028560000000000026,-0.013166521487260312,0.9296431621058316,-0.37918473080528303,0.25,0.8051948051948052,-0.002620811341490194,0.5,232,-0.2952853954976111,-0.001338900848172131,0.3275862068965517,0.02423804974965026,0.027840000000000028,-0.013799466524034316,0.8557055902631607,-0.4377201651841025,0.25,0.8157894736842105,-0.0033408113414901933,0.5
stock,breakout,1,55,0.0,0.03,0.012,5,stock_breakout_L_lb55_a0_tp0.030_sl0.012_h5,train,347,0.4147416204016352,0.0011693213717550346,0.39481268011527376,0.022729715735979074,0.028560000000000026,-0.012896269237286364,1.1498235130136405,-0.2025765651426198,0.2680115273775216,0.708029197080292,-0.00048699862056698754,0.5555555555555556,347,0.10210822824541443,0.00044932137175503466,0.3919308357348703,0.022175749560788362,0.027840000000000028,-0.013554442769043695,1.054515804746551,-0.30161042113368375,0.2680115273775216,0.7132352941176471,-0.0012069986205669875,0.4444444444444444
stock,breakout,1,55,0.0,0.03,0.012,5,stock_breakout_L_lb55_a0_tp0.030_sl0.012_h5,test,217,0.002441989637838038,0.00018667908628838077,0.35023041474654376,0.024943792221122058,0.028560000000000026,-0.01315758047574963,1.0218353547821717,-0.2718596844371429,0.2764976958525346,0.8289473684210527,-0.0019709887590662434,0.5,217,-0.14262741438955873,-0.0005333209137116195,0.3456221198156682,0.024550855413723763,0.027840000000000028,-0.013782005593695093,0.9408645941001379,-0.3361492772831951,0.2764976958525346,0.84,-0.002690988759066243,0.5
stock,pullback,1,0,10.0,0.03,0.012,5,stock_pullback_L_lb0_a10_tp0.030_sl0.012_h5,train,162,-0.03430650217348852,-4.983843360238403e-05,0.35802469135802467,0.023183912718096843,0.028560000000000026,-0.01300712272974234,0.9940315051789007,-0.16203256458198878,0.25925925925925924,0.7413793103448276,-0.0023752539324582967,0.6666666666666666,162,-0.1406982383734584,-0.0007698384336023844,0.35802469135802467,0.022463912718096852,0.027840000000000028,-0.013727122729742339,0.9126421880391512,-0.20235148161491867,0.25925925925925924,0.7241379310344828,-0.0030952539324582964,0.4444444444444444
stock,pullback,1,0,10.0,0.03,0.012,5,stock_pullback_L_lb0_a10_tp0.030_sl0.012_h5,test,103,0.21123046767109566,0.002046983643568621,0.4077669902912621,0.024512583501582814,0.028560000000000026,-0.013421134291457549,1.2575327943800503,-0.14570110545727055,0.3106796116504854,0.7857142857142857,-0.0012116534484963362,0.75,103,0.124765334951223,0.001326983643568621,0.39805825242718446,0.024377702126401835,0.027840000000000028,-0.013916233417659801,1.1584124826826931,-0.17059925282465604,0.3106796116504854,0.8048780487804879,-0.0019316534484963364,0.75
stock,pullback,1,0,20.0,0.03,0.012,5,stock_pullback_L_lb0_a20_tp0.030_sl0.012_h5,train,342,0.8973069887239495,0.0020549865417428224,0.4152046783625731,0.023656940979666002,0.028560000000000026,-0.013282401109182636,1.264562631221161,-0.19982890394417752,0.30116959064327486,0.7605633802816901,0.000405200873248446,0.7777777777777778,342,0.4836774294183641,0.0013349865417428225,0.40350877192982454,0.023609652389567068,0.027840000000000028,-0.013733169767079459,1.1629678880317043,-0.2260330761429643,0.30116959064327486,0.7753623188405797,-0.00031479912675155385,0.6666666666666666
stock,pullback,1,0,20.0,0.03,0.012,5,stock_pullback_L_lb0_a20_tp0.030_sl0.012_h5,test,212,0.414877466406965,0.001827383950674359,0.3915094339622642,0.025556209608951393,0.028560000000000026,-0.013440000000000011,1.2234481113550686,-0.15910078483206325,0.32075471698113206,0.8554216867469879,-0.0004324760265050668,0.75,212,0.2147875466009157,0.0011073839506743587,0.3867924528301887,0.025141496069011737,0.027840000000000028,-0.014052594462430758,1.1285092000794164,-0.1880381606231205,0.32075471698113206,0.8536585365853658,-0.001152476026505067,0.75
stock,trend_pullback,1,0,0.01,0.03,0.012,5,stock_trend_pullback_L_lb0_a0.01_tp0.030_sl0.012_h5,train,483,1.7071883767809917,0.0022503319342264965,0.40372670807453415,0.024995753175466272,0.028560000000000026,-0.013150213697862935,1.2869910914050269,-0.17938454876685228,0.3188405797101449,0.8205128205128205,0.0006840242535742566,0.8888888888888888,483,0.9130101469278775,0.0015303319342264963,0.40165631469979296,0.024401302762711963,0.027840000000000028,-0.013822499694583816,1.185032637740446,-0.22544945822797136,0.3188405797101449,0.8092783505154639,-3.597574642574362e-05,0.6666666666666666
stock,trend_pullback,1,0,0.01,0.03,0.012,5,stock_trend_pullback_L_lb0_a0.01_tp0.030_sl0.012_h5,test,278,0.24306813298318675,0.0009696450253188923,0.36330935251798563,0.02614079314133399,0.028560000000000026,-0.013393552487209493,1.1137073450421806,-0.24518792249489707,0.30935251798561153,0.8910891089108911,-0.0007789656835384754,0.75,278,0.017623693126358475,0.00024964502531889244,0.36330935251798563,0.02542079314133398,0.027840000000000028,-0.014113552487209491,1.0277816543164386,-0.3008090573891742,0.30935251798561153,0.8811881188118812,-0.0014989656835384755,0.75
stock,trend_pullback,1,0,0.02,0.03,0.012,5,stock_trend_pullback_L_lb0_a0.02_tp0.030_sl0.012_h5,train,442,1.7676319596326016,0.0024967328272529807,0.4004524886877828,0.025864051441554944,0.028560000000000026,-0.013110872435884557,1.3176266067385323,-0.14483901576031877,0.33710407239819007,0.864406779661017,0.0009141456727981597,0.6666666666666666,442,1.0143768660213643,0.0017767328272529804,0.39819004524886875,0.025287374840371715,0.027840000000000028,-0.013779180685186484,1.2142591433589542,-0.16944764506094812,0.33710407239819007,0.8636363636363636,0.00019414567279815966,0.5555555555555556
stock,trend_pullback,1,0,0.02,0.03,0.012,5,stock_trend_pullback_L_lb0_a0.02_tp0.030_sl0.012_h5,test,270,0.049489398597618806,0.0003617116264105701,0.34444444444444444,0.026365155402528474,0.028560000000000026,-0.013301114764431037,1.0414825003532728,-0.2214630716187913,0.2962962962962963,0.9139784946236559,-0.0015460197314021362,0.5,270,-0.13598634421071276,-0.00035828837358942996,0.34444444444444444,0.025645155402528454,0.027840000000000028,-0.014021114764431037,0.9610201046055329,-0.2824573931185853,0.2962962962962963,0.9032258064516129,-0.002266019731402136,0.25
stock,breakout,1,20,0.0,0.03,0.012,10,stock_breakout_L_lb20_a0_tp0.030_sl0.012_h10,train,331,0.7406189539107497,0.0018653436964539082,0.38972809667673713,0.02566361665261579,0.028560000000000026,-0.013332563290401948,1.2292565931008217,-0.17920305630374622,0.32628398791540786,0.8604651162790697,4.442249442357127e-05,0.5555555555555556,331,0.3718897790642628,0.0011453436964539091,0.38972809667673713,0.024943616652615797,0.027840000000000028,-0.014052563290401946,1.1335540013787004,-0.2003209151886256,0.32628398791540786,0.8604651162790697,-0.0006755775055764286,0.5555555555555556
stock,breakout,1,20,0.0,0.03,0.012,10,stock_breakout_L_lb20_a0_tp0.030_sl0.012_h10,test,215,-0.1402942262118697,-0.000523347254594723,0.3209302325581395,0.02680754116321933,0.028560000000000026,-0.013439999999999999,0.9426575445725976,-0.3160695725629785,0.28837209302325584,0.8985507246376812,-0.0026371876887716374,0.5,215,-0.26372924849920953,-0.0012433472545947228,0.3209302325581395,0.026087541163219343,0.027840000000000028,-0.014159999999999996,0.87069515723538,-0.3760348340177009,0.28837209302325584,0.8985507246376812,-0.0033571876887716376,0.5
stock,breakout,1,55,0.0,0.03,0.012,10,stock_breakout_L_lb55_a0_tp0.030_sl0.012_h10,train,312,0.5919630713860782,0.00168094445888337,0.38461538461538464,0.02579269529530123,0.028560000000000026,-0.013388899813877793,1.2040148767753271,-0.14800840477588906,0.3269230769230769,0.8666666666666667,-0.00014148988700379318,0.5555555555555556,312,0.27193523896314664,0.0009609444588833704,0.38461538461538464,0.02507269529530123,0.027840000000000028,-0.014108899813877791,1.1106772864138934,-0.1920046260202981,0.3269230769230769,0.8666666666666667,-0.0008614898870037929,0.5555555555555556
stock,breakout,1,55,0.0,0.03,0.012,10,stock_breakout_L_lb55_a0_tp0.030_sl0.012_h10,test,204,-0.019925288055605672,8.697743537654793e-05,0.3333333333333333,0.027140932306129645,0.028560000000000026,-0.013440000000000002,1.0097073030554182,-0.26057877152860187,0.3088235294117647,0.9264705882352942,-0.002183618128567652,0.5,204,-0.1538857861798969,-0.0006330225646234518,0.3333333333333333,0.026420932306129657,0.027840000000000028,-0.014160000000000002,0.9329425249339566,-0.3234250482550851,0.3088235294117647,0.9264705882352942,-0.002903618128567652,0.25
stock,pullback,1,0,10.0,0.03,0.012,10,stock_pullback_L_lb0_a10_tp0.030_sl0.012_h10,train,154,0.0177470380572764,0.0002951675180227642,0.34415584415584416,0.026063809121371944,0.028560000000000026,-0.013226990947101074,1.034025683204728,-0.16942038775286272,0.2922077922077922,0.8867924528301887,-0.0023224771443117144,0.5555555555555556,154,-0.08911239430142393,-0.0004248324819772357,0.34415584415584416,0.02534380912137196,0.027840000000000028,-0.013946990947101064,0.9535552592729708,-0.18787126284185995,0.2922077922077922,0.8867924528301887,-0.0030424771443117145,0.3333333333333333
stock,pullback,1,0,10.0,0.03,0.012,10,stock_pullback_L_lb0_a10_tp0.030_sl0.012_h10,test,100,0.12741377611685012,0.0013970036292683368,0.36,0.027773898970189857,0.028560000000000026,-0.013440000000000018,1.1624120662746855,-0.19201004855931936,0.34,0.9722222222222222,-0.0017736944225460309,0.75,100,0.04914199586485424,0.0006770036292683365,0.36,0.027053898970189852,0.027840000000000028,-0.014160000000000018,1.0747046730742777,-0.20739554133034233,0.34,0.9722222222222222,-0.002493694422546031,0.75
stock,pullback,1,0,20.0,0.03,0.012,10,stock_pullback_L_lb0_a20_tp0.030_sl0.012_h10,train,320,1.731133229091689,0.0033453587451755156,0.4125,0.026999271434412456,0.028560000000000026,-0.013262707611097234,1.429341264116995,-0.14850718739827384,0.36875,0.9318181818181818,0.0016616253251993313,0.8888888888888888,320,1.170398204811098,0.0026253587451755154,0.4125,0.026279271434412464,0.027840000000000028,-0.01398270761109723,1.3195872974503475,-0.16348521474917865,0.36875,0.9242424242424242,0.0009416253251993315,0.7777777777777778
stock,pullback,1,0,20.0,0.03,0.012,10,stock_pullback_L_lb0_a20_tp0.030_sl0.012_h10,test,204,0.20850264521147155,0.0011235075026785762,0.3480392156862745,0.02811060883562152,0.028560000000000026,-0.013283140577313526,1.1297339778746172,-0.17164850561288136,0.3382352941176471,0.9859154929577465,-0.001116669298727993,0.75,204,0.04347579289540615,0.0004035075026785763,0.3480392156862745,0.027390608835621538,0.027840000000000028,-0.01400314057731353,1.0441982111148476,-0.2215155957211994,0.3382352941176471,0.9859154929577465,-0.0018366692987279926,0.5
stock,trend_pullback,1,0,0.01,0.03,0.012,10,stock_trend_pullback_L_lb0_a0.01_tp0.030_sl0.012_h10,train,444,2.4285498181853526,0.0029810489825315674,0.40315315315315314,0.027220021817611174,0.028560000000000026,-0.013391691158899563,1.3729673229210912,-0.16619306764909425,0.3738738738738739,0.9385474860335196,0.0013777765881955104,0.8888888888888888,444,1.492197426269152,0.0022610489825315673,0.40315315315315314,0.026500021817611172,0.027840000000000028,-0.014111691158899563,1.2684528406710625,-0.19205215035316514,0.3738738738738739,0.9385474860335196,0.0006577765881955111,0.7777777777777778
stock,trend_pullback,1,0,0.01,0.03,0.012,10,stock_trend_pullback_L_lb0_a0.01_tp0.030_sl0.012_h10,test,264,0.14001731675395623,0.0006909880033767346,0.3371212121212121,0.02847663857181415,0.028560000000000026,-0.013440000000000013,1.0775598779300413,-0.30957846645424936,0.32954545454545453,1.0,-0.001258745805383529,0.75,264,-0.057337786702697624,-2.901199662326548e-05,0.3371212121212121,0.027756638571814148,0.027840000000000028,-0.014160000000000006,0.9969091335316619,-0.37583461511007976,0.32954545454545453,1.0,-0.001978745805383529,0.75
stock,trend_pullback,1,0,0.02,0.03,0.012,10,stock_trend_pullback_L_lb0_a0.02_tp0.030_sl0.012_h10,train,415,2.5081671628246176,0.0032343008555308765,0.40240963855421685,0.02786314587047038,0.028560000000000026,-0.0133504455859808,1.4053975040664155,-0.12463676092267273,0.3855421686746988,0.9700598802395209,0.001548106715920079,0.7777777777777778,415,1.603946844117738,0.0025143008555308767,0.40240963855421685,0.027143145870470363,0.027840000000000028,-0.014070445585980798,1.2990238356947101,-0.13475095927859748,0.3855421686746988,0.9640718562874252,0.0008281067159200794,0.7777777777777778
stock,trend_pullback,1,0,0.02,0.03,0.012,10,stock_trend_pullback_L_lb0_a0.02_tp0.030_sl0.012_h10,test,256,0.09168998889962632,0.0005354843152740056,0.3359375,0.028161441682676133,0.028560000000000026,-0.013440000000000011,1.0599982426077317,-0.24762092094250654,0.328125,0.9883720930232558,-0.0014086988852322897,0.75,256,-0.09210947057873164,-0.00018451568472599444,0.33203125,0.02776601058034838,0.027840000000000028,-0.014078052132277589,0.9803783929092238,-0.2874889347044123,0.328125,1.0,-0.0021286988852322894,0.5
stock,breakout,1,20,0.0,0.03,0.012,20,stock_breakout_L_lb20_a0_tp0.030_sl0.012_h20,train,310,1.0948969264930644,0.0025920072929505,0.3870967741935484,0.027976018840122144,0.028560000000000026,-0.013440000000000016,1.3146625394794225,-0.17920305630374622,0.3741935483870968,0.9666666666666667,0.0006503191386734766,0.6666666666666666,310,0.676504784584822,0.0018720072929505006,0.3870967741935484,0.02725601884012215,0.027840000000000028,-0.014160000000000011,1.2157011079447873,-0.19686516842685375,0.3741935483870968,0.9666666666666667,-6.968086132652314e-05,0.6666666666666666
stock,breakout,1,20,0.0,0.03,0.012,20,stock_breakout_L_lb20_a0_tp0.030_sl0.012_h20,test,209,-0.16844927287162992,-0.0006986969625965632,0.3062200956937799,0.028168317731520596,0.028560000000000026,-0.013439999999999999,0.925067905797064,-0.3998138663167802,0.3014354066985646,0.984375,-0.0029092232783860437,0.25,209,-0.28477460244930675,-0.0014186969625965635,0.3062200956937799,0.027448317731520597,0.027840000000000028,-0.014159999999999996,0.8555875388745952,-0.4513034577913969,0.3014354066985646,0.984375,-0.003629223278386044,0.25
stock,breakout,1,55,0.0,0.03,0.012,20,stock_breakout_L_lb55_a0_tp0.030_sl0.012_h20,train,299,0.6026181615562796,0.0017778114506298945,0.36789297658862874,0.02792477839762129,0.028560000000000026,-0.013440000000000014,1.2092646225979224,-0.1603811570116208,0.35451505016722407,0.9636363636363636,-9.585692509358917e-05,0.6666666666666666,299,0.2924998071703766,0.0010578114506298948,0.36789297658862874,0.02720477839762128,0.027840000000000028,-0.014160000000000015,1.118182832533083,-0.17587451761830653,0.35451505016722407,0.9636363636363636,-0.0008158569250935892,0.5555555555555556
stock,breakout,1,55,0.0,0.03,0.012,20,stock_breakout_L_lb55_a0_tp0.030_sl0.012_h20,test,201,0.05007206911709372,0.00043528524784735206,0.3333333333333333,0.028185855743542057,0.028560000000000026,-0.013440000000000002,1.048580942840106,-0.2812349259308755,0.3283582089552239,0.9850746268656716,-0.001778981743111278,0.5,201,-0.09145031452733554,-0.0002847147521526478,0.3333333333333333,0.027465855743542066,0.027840000000000028,-0.014160000000000006,0.9698395389668806,-0.34233897395308743,0.3283582089552239,0.9850746268656716,-0.0024989817431112773,0.25
stock,pullback,1,0,10.0,0.03,0.012,20,stock_pullback_L_lb0_a10_tp0.030_sl0.012_h20,train,149,0.039901836491262666,0.0004547699182900892,0.3288590604026846,0.028560000000000023,0.028560000000000026,-0.013316792821747785,1.0508836615033628,-0.15668713718974225,0.3288590604026846,1.0,-0.0021986432652639732,0.5555555555555556,149,-0.06591194668068467,-0.00026523008170991036,0.3288590604026846,0.027840000000000028,0.027840000000000028,-0.014036792821747777,0.9718459318473751,-0.18583394249714158,0.3288590604026846,1.0,-0.002918643265263973,0.3333333333333333
stock,pullback,1,0,10.0,0.03,0.012,20,stock_pullback_L_lb0_a10_tp0.030_sl0.012_h20,test,100,0.1562107622635971,0.0016531803492731783,0.36,0.028485500970203304,0.028560000000000026,-0.013440000000000018,1.192194516052034,-0.19201004855931936,0.35,1.0,-0.001706819650726819,0.75,100,0.0759589752726526,0.0009331803492731782,0.36,0.0277655009702033,0.027840000000000028,-0.014160000000000018,1.1029727609985407,-0.207395541330343,0.35,1.0,-0.002426819650726819,0.75
stock,pullback,1,0,20.0,0.03,0.012,20,stock_pullback_L_lb0_a20_tp0.030_sl0.012_h20,train,300,2.131142991076664,0.004023046793663949,0.4166666666666667,0.02838810156880598,0.028560000000000026,-0.01338056376000893,1.5154230995029803,-0.13428825227429897,0.41333333333333333,0.992,0.0020292939486735774,0.7777777777777778,300,1.5246338317960313,0.0033030467936639493,0.4166666666666667,0.027668101568805968,0.027840000000000028,-0.014100563760008926,1.4015701803394955,-0.1547132694094827,0.41333333333333333,0.992,0.0013092939486735776,0.6666666666666666
stock,pullback,1,0,20.0,0.03,0.012,20,stock_pullback_L_lb0_a20_tp0.030_sl0.012_h20,test,203,0.23010607380272186,0.0012186743809340418,0.3497536945812808,0.028471421117318478,0.028560000000000026,-0.013440000000000016,1.1394474315304888,-0.17407863716415184,0.3448275862068966,1.0,-0.0010571876880314769,0.75,203,0.06290766219180122,0.000498674380934042,0.3497536945812808,0.027751421117318497,0.027840000000000028,-0.014160000000000018,1.0541596576622212,-0.223241807201908,0.3448275862068966,1.0,-0.0017771876880314766,0.5
stock,trend_pullback,1,0,0.01,0.03,0.012,20,stock_trend_pullback_L_lb0_a0.01_tp0.030_sl0.012_h20,train,429,2.248892770602196,0.0029579622992613663,0.3916083916083916,0.02843336801418529,0.028560000000000026,-0.01344000000000001,1.3617513416755398,-0.16619306764909414,0.38927738927738925,0.9940476190476191,0.0012912110374451475,0.8888888888888888,429,1.3871671688767417,0.0022379622992613657,0.3916083916083916,0.027713368014185287,0.027840000000000028,-0.01416000000000001,1.2597803500181628,-0.18705942988070878,0.38927738927738925,0.9940476190476191,0.0005712110374451476,0.6666666666666666
stock,trend_pullback,1,0,0.01,0.03,0.012,20,stock_trend_pullback_L_lb0_a0.01_tp0.030_sl0.012_h20,test,261,0.1927399724490899,0.0008715633522119501,0.34099616858237547,0.028529865560981124,0.028560000000000026,-0.01344000000000001,1.0984037734147107,-0.2817639791583172,0.3371647509578544,1.0,-0.0012106287289411297,0.75,261,-0.011576562523081257,0.00015156335221195048,0.34099616858237547,0.02780986556098113,0.027840000000000028,-0.014160000000000008,1.016242131014042,-0.34553471372419897,0.3371647509578544,1.0,-0.0019306287289411297,0.75
stock,trend_pullback,1,0,0.02,0.03,0.012,20,stock_trend_pullback_L_lb0_a0.02_tp0.030_sl0.012_h20,train,409,2.8372831017698252,0.0035037652811735973,0.4034229828850856,0.028560000000000026,0.028560000000000026,-0.013440000000000013,1.4369877049180326,-0.12463676092267284,0.4034229828850856,1.0,0.0018607334963325203,0.7777777777777778,409,1.860752053147869,0.0027837652811735975,0.4034229828850856,0.027840000000000018,0.027840000000000028,-0.01416000000000001,1.3295359822172825,-0.13475095927859793,0.4034229828850856,1.0,0.00114073349633252,0.7777777777777778
stock,trend_pullback,1,0,0.02,0.03,0.012,20,stock_trend_pullback_L_lb0_a0.02_tp0.030_sl0.012_h20,test,253,0.12099456015587196,0.0006458138313423367,0.3359683794466403,0.028486010580348393,0.028560000000000026,-0.013440000000000013,1.0723634581072896,-0.24762092094250632,0.33201581027667987,1.0,-0.0014005689205952927,0.75,253,-0.0657041414252455,-7.418616865766284e-05,0.3359683794466403,0.02776601058034838,0.027840000000000028,-0.014160000000000011,0.9921101103584924,-0.27932310830367735,0.33201581027667987,1.0,-0.002120568920595293,0.5
stock,breakout,1,20,0.0,0.03,0.018,5,stock_breakout_L_lb20_a0_tp0.030_sl0.018_h5,train,340,-0.06479738669189372,1.7912888303351253e-05,0.4470588235294118,0.021638594031854076,0.028560000000000026,-0.01746263782350362,1.0018551406372094,-0.3625989344960857,0.2735294117647059,0.6381578947368421,-0.002003921601217271,0.4444444444444444,340,-0.26800454242533434,-0.0007020871116966478,0.4441176470588235,0.02106090845880731,0.027840000000000028,-0.01808945394315748,0.9301795479455495,-0.4666728461840548,0.2735294117647059,0.6423841059602649,-0.00272392160121727,0.3333333333333333
stock,breakout,1,20,0.0,0.03,0.018,5,stock_breakout_L_lb20_a0_tp0.030_sl0.018_h5,test,220,-0.5388216037698312,-0.003284589377347078,0.35454545454545455,0.024577877724809714,0.028560000000000026,-0.018589324827827578,0.7262514647030421,-0.6110885512810824,0.2681818181818182,0.8076923076923077,-0.005606392092342604,0.25,220,-0.6066368263330872,-0.0040045893773470774,0.35454545454545455,0.02385787772480973,0.027840000000000028,-0.019309324827827573,0.6786892624757993,-0.6511621160300085,0.2681818181818182,0.8076923076923077,-0.006326392092342603,0.0
stock,breakout,1,55,0.0,0.03,0.018,5,stock_breakout_L_lb55_a0_tp0.030_sl0.018_h5,train,317,-0.058688831382575635,2.416235320248727e-05,0.45110410094637227,0.02141161202110563,0.028560000000000026,-0.017552879615246653,1.0025078460232772,-0.36937395566094544,0.2744479495268139,0.6293706293706294,-0.0019197676480426735,0.3333333333333333,317,-0.2509100498451159,-0.0006958376467975116,0.4479495268138801,0.02084134791166331,0.027840000000000028,-0.018171725357091436,0.9306361850778938,-0.4643021582692102,0.2744479495268139,0.6338028169014085,-0.002639767648042672,0.3333333333333333
stock,breakout,1,55,0.0,0.03,0.018,5,stock_breakout_L_lb55_a0_tp0.030_sl0.018_h5,test,209,-0.3181089599874841,-0.0015879489582796371,0.3923444976076555,0.02500339899682536,0.028560000000000026,-0.01875716574818995,0.8606805062163474,-0.4073823998278918,0.3157894736842105,0.8292682926829268,-0.004057542575029783,0.5,209,-0.41358767115434425,-0.0023079489582796355,0.3923444976076555,0.024283398996825363,0.027840000000000028,-0.01947716574818996,0.8049962311908424,-0.4581801176764948,0.3157894736842105,0.8292682926829268,-0.004777542575029782,0.0
stock,pullback,1,0,10.0,0.03,0.018,5,stock_pullback_L_lb0_a10_tp0.030_sl0.018_h5,train,151,-0.08729913965526259,-0.0003753219374379603,0.41721854304635764,0.02376907384712813,0.028560000000000026,-0.017660514374115966,0.9635334333516741,-0.19632746118571154,0.304635761589404,0.7619047619047619,-0.0032889957831092305,0.5555555555555556,151,-0.1814304837596974,-0.0010953219374379589,0.41721854304635764,0.02304907384712815,0.027840000000000028,-0.018380514374115964,0.8977464486756321,-0.2543224268014326,0.304635761589404,0.746031746031746,-0.004008995783109229,0.4444444444444444
stock,pullback,1,0,10.0,0.03,0.018,5,stock_pullback_L_lb0_a10_tp0.030_sl0.018_h5,test,98,-0.10561073406927013,-0.0008960853038880542,0.41836734693877553,0.024283265173772738,0.028560000000000026,-0.019007547928170384,0.9189459946797275,-0.29532671981676195,0.30612244897959184,0.7804878048780488,-0.004587199108463172,0.5,98,-0.16664628358677414,-0.0016160853038880525,0.3979591836734694,0.024780681873223756,0.027840000000000028,-0.019064795810792474,0.8591988549116899,-0.3189591236886483,0.30612244897959184,0.8205128205128205,-0.00530719910846317,0.5
stock,pullback,1,0,20.0,0.03,0.018,5,stock_pullback_L_lb0_a20_tp0.030_sl0.018_h5,train,298,0.3507004623662968,0.0012422817796074045,0.47315436241610737,0.022880702993809267,0.028560000000000026,-0.01819095001149109,1.1296227845673008,-0.2251784368734121,0.3187919463087248,0.7304964539007093,-0.000978987761453579,0.6666666666666666,298,0.08997282376390103,0.0005222817796074057,0.46308724832214765,0.022649743956699952,0.027840000000000028,-0.018562654348134915,1.0524035946732224,-0.2572400010550626,0.3187919463087248,0.7318840579710145,-0.0016989877614535774,0.5555555555555556
stock,pullback,1,0,20.0,0.03,0.018,5,stock_pullback_L_lb0_a20_tp0.030_sl0.018_h5,test,193,0.3066592255700118,0.0016426404044628227,0.47150259067357514,0.024953429701514453,0.028560000000000026,-0.019154240242906774,1.1622686817597851,-0.1884977745221469,0.36787564766839376,0.8241758241758241,-0.0009735031015090496,1.0,193,0.13725882446807214,0.0009226404044628238,0.46632124352331605,0.024504882032820127,0.027840000000000028,-0.019683201795072686,1.0878328163851805,-0.22333295131384523,0.36787564766839376,0.8222222222222222,-0.0016935031015090482,0.75
stock,trend_pullback,1,0,0.01,0.03,0.018,5,stock_trend_pullback_L_lb0_a0.01_tp0.030_sl0.018_h5,train,442,0.5853557734446277,0.001291500745006857,0.45475113122171945,0.02487589509674094,0.028560000000000026,-0.01837847130768423,1.1288814766056052,-0.24097649025038637,0.3552036199095023,0.8208955223880597,-0.0005179212767710017,0.7777777777777778,442,0.15339224548001096,0.0005715007450068585,0.45475113122171945,0.024155895096740942,0.027840000000000028,-0.019098471307684228,1.0548811775398574,-0.2632141946703219,0.3552036199095023,0.8059701492537313,-0.0012379212767710001,0.5555555555555556
stock,trend_pullback,1,0,0.01,0.03,0.018,5,stock_trend_pullback_L_lb0_a0.01_tp0.030_sl0.018_h5,test,253,0.18073107263029642,0.0009133710071978695,0.4505928853754941,0.02536745935398593,0.028560000000000026,-0.019142500011031193,1.0868468931660387,-0.21113002808941073,0.36363636363636365,0.8421052631578947,-0.001358171133973607,0.5,253,-0.015891057066184433,0.00019337100719787114,0.4505928853754941,0.024647459353985927,0.027840000000000028,-0.019862500011031188,1.0177199776499006,-0.320049338321714,0.36363636363636365,0.8333333333333334,-0.0020781711339736054,0.25
stock,trend_pullback,1,0,0.02,0.03,0.018,5,stock_trend_pullback_L_lb0_a0.02_tp0.030_sl0.018_h5,train,410,0.723526166978425,0.0015769521044809718,0.45121951219512196,0.025342520931479724,0.028560000000000026,-0.017963626708829124,1.1599653129483571,-0.28817160899620076,0.36829268292682926,0.8324324324324325,-0.0002541543265012779,0.6666666666666666,410,0.2832359668160198,0.0008569521044809729,0.45121951219512196,0.024622520931479732,0.027840000000000028,-0.01868362670882912,1.083578910695502,-0.3416175198994654,0.36829268292682926,0.8324324324324325,-0.0009741543265012765,0.6666666666666666
stock,trend_pullback,1,0,0.02,0.03,0.018,5,stock_trend_pullback_L_lb0_a0.02_tp0.030_sl0.018_h5,test,245,-0.04231930511345894,8.325903403101101e-05,0.42448979591836733,0.02620121614721805,0.028560000000000026,-0.019181049758674327,1.007542337597216,-0.26681403383095237,0.35918367346938773,0.8846153846153846,-0.002450882786940239,0.5,245,-0.19730558997985115,-0.0006367409659689874,0.42448979591836733,0.025481216147218048,0.027840000000000028,-0.019901049758674322,0.9444052504538828,-0.35456518586736085,0.35918367346938773,0.875,-0.003170882786940238,0.0
stock,breakout,1,20,0.0,0.03,0.018,10,stock_breakout_L_lb20_a0_tp0.030_sl0.018_h10,train,293,0.07864381933768883,0.0005142999668902083,0.4334470989761092,0.0258012521675506,0.028560000000000026,-0.018831741776988525,1.0482042730957677,-0.29146683925341743,0.3651877133105802,0.8582677165354331,-0.0017205013492672975,0.5555555555555556,293,-0.1265729567547239,-0.0002057000331097902,0.4334470989761092,0.025081252167550586,0.027840000000000028,-0.01955174177698852,0.9814301480579922,-0.395468993711632,0.3651877133105802,0.8582677165354331,-0.002440501349267296,0.5555555555555556
stock,breakout,1,20,0.0,0.03,0.018,10,stock_breakout_L_lb20_a0_tp0.030_sl0.018_h10,test,199,-0.39270357127794875,-0.002251703472864841,0.37185929648241206,0.026554224396325925,0.028560000000000026,-0.019304812771425782,0.8143099354940764,-0.5096104142959961,0.3316582914572864,0.8918918918918919,-0.004753840163469077,0.25,199,-0.47400606697977377,-0.0029717034728648398,0.37185929648241206,0.025834224396325933,0.027840000000000028,-0.020024812771425784,0.7637455099929015,-0.5511028285217836,0.3316582914572864,0.8918918918918919,-0.0054738401634690775,0.25
stock,breakout,1,55,0.0,0.03,0.018,10,stock_breakout_L_lb55_a0_tp0.030_sl0.018_h10,train,276,0.14767570886198533,0.0007536462990412081,0.44565217391304346,0.025241383006773237,0.028560000000000026,-0.018932573407174736,1.0718084533316259,-0.3287234421879124,0.36594202898550726,0.8455284552845529,-0.0014783400909022307,0.4444444444444444,276,-0.05918046207576133,3.364629904120947e-05,0.44565217391304346,0.024521383006773232,0.027840000000000028,-0.019652573407174734,1.0030884140864098,-0.3559153220907223,0.36594202898550726,0.8455284552845529,-0.0021983400909022293,0.4444444444444444
stock,breakout,1,55,0.0,0.03,0.018,10,stock_breakout_L_lb55_a0_tp0.030_sl0.018_h10,test,187,-0.16401299046772455,-0.0006948770135352702,0.40106951871657753,0.027072527931961687,0.028560000000000026,-0.01928912139668056,0.9398522919534539,-0.35889529079009375,0.3689839572192513,0.92,-0.003308198631673837,0.5,187,-0.2694773766696381,-0.0014148770135352685,0.40106951871657753,0.026352527931961692,0.027840000000000028,-0.020009121396680558,0.8819368800582776,-0.4087830394586529,0.3689839572192513,0.92,-0.004028198631673837,0.25
stock,pullback,1,0,10.0,0.03,0.018,10,stock_pullback_L_lb0_a10_tp0.030_sl0.018_h10,train,145,-0.037354296462439374,-5.97516653862448e-06,0.41379310344827586,0.02646528204240938,0.028560000000000026,-0.018691568490501936,0.9994546775911654,-0.20149087484667383,0.3586206896551724,0.9,-0.0031926244406541198,0.5555555555555556,145,-0.13286582958485593,-0.0007259751665386229,0.41379310344827586,0.025745282042409393,0.027840000000000028,-0.019411568490501924,0.9362015374554752,-0.2285303881740668,0.3586206896551724,0.9,-0.003912624440654119,0.4444444444444444
stock,pullback,1,0,10.0,0.03,0.018,10,stock_pullback_L_lb0_a10_tp0.030_sl0.018_h10,test,94,-0.10839363628595111,-0.0009559078378018792,0.39361702127659576,0.02740266334647678,0.028560000000000026,-0.019364103167947677,0.9185911475964841,-0.26270766219689756,0.3617021276595745,0.9459459459459459,-0.004642824251753133,0.5,94,-0.16684487822894956,-0.0016759078378018777,0.39361702127659576,0.026682663346476773,0.027840000000000028,-0.020084103167947672,0.8623897808795731,-0.2894022678186007,0.3617021276595745,0.9459459459459459,-0.005362824251753132,0.5
stock,pullback,1,0,20.0,0.03,0.018,10,stock_pullback_L_lb0_a20_tp0.030_sl0.018_h10,train,278,0.49827299602008934,0.0017246182808416878,0.45323741007194246,0.02689444989932654,0.028560000000000026,-0.019139847402902335,1.1647994364781584,-0.24578393601400284,0.4064748201438849,0.9285714285714286,-0.0006525538816509115,0.5555555555555556,278,0.22668880067837205,0.0010046182808416894,0.44964028776978415,0.026389243973417145,0.027840000000000028,-0.01973445499740624,1.0924973529999538,-0.2988566819473141,0.4064748201438849,0.928,-0.0013725538816509097,0.5555555555555556
stock,pullback,1,0,20.0,0.03,0.018,10,stock_pullback_L_lb0_a20_tp0.030_sl0.018_h10,test,179,-0.006659829900152792,0.0002297506841361064,0.41899441340782123,0.02706697425657414,0.028560000000000026,-0.019124016315218248,1.0206774700010404,-0.31270861611933065,0.39106145251396646,0.9466666666666667,-0.002602511647643523,0.25,179,-0.12684973865473226,-0.0004902493158638921,0.41899441340782123,0.026346974256574143,0.027840000000000028,-0.019844016315218243,0.9574786433265362,-0.3386353152138458,0.39106145251396646,0.9466666666666667,-0.0033225116476435215,0.25
stock,trend_pullback,1,0,0.01,0.03,0.018,10,stock_trend_pullback_L_lb0_a0.01_tp0.030_sl0.018_h10,train,387,1.7337132526388377,0.0028721616486861914,0.4806201550387597,0.026639314244680683,0.028560000000000026,-0.01912132284312961,1.2892050367642627,-0.1645543590707682,0.4315245478036176,0.9139784946236559,0.0008623831234121214,0.7777777777777778,387,1.070042851724053,0.002152161648686193,0.4806201550387597,0.02591931424468068,0.027840000000000028,-0.019841322843129606,1.2088426387632238,-0.17542456220870872,0.4315245478036176,0.9139784946236559,0.00014238312341212315,0.7777777777777778
stock,trend_pullback,1,0,0.01,0.03,0.018,10,stock_trend_pullback_L_lb0_a0.01_tp0.030_sl0.018_h10,test,232,0.07668081545774386,0.0005906378360825187,0.4224137931034483,0.027732847881227807,0.028560000000000026,-0.019259635182008822,1.0530953385600037,-0.25142979045546077,0.39655172413793105,0.9591836734693877,-0.001915190418372598,0.5,232,-0.08899710705761588,-0.00012936216391747942,0.4224137931034483,0.02701284788122781,0.027840000000000028,-0.019979635182008813,0.9887900699082905,-0.34432872304929363,0.39655172413793105,0.9591836734693877,-0.0026351904183725965,0.25
stock,trend_pullback,1,0,0.02,0.03,0.018,10,stock_trend_pullback_L_lb0_a0.02_tp0.030_sl0.018_h10,train,365,1.9122776897342062,0.003210335960698437,0.4767123287671233,0.027742099326405242,0.028560000000000026,-0.019137972026908805,1.3205634956633365,-0.17478439709799098,0.4520547945205479,0.9655172413793104,0.0011396003334325203,0.7777777777777778,365,1.2405859719169978,0.002490335960698439,0.4767123287671233,0.02702209932640523,0.027840000000000028,-0.019857972026908803,1.2396528193331005,-0.22262578660131283,0.4520547945205479,0.9597701149425287,0.0004196003334325218,0.5555555555555556
stock,trend_pullback,1,0,0.02,0.03,0.018,10,stock_trend_pullback_L_lb0_a0.02_tp0.030_sl0.018_h10,test,226,-0.03798509848788345,9.651243667488961e-05,0.415929203539823,0.02726732860502636,0.028560000000000026,-0.01925240210745419,1.0085828765232678,-0.22837019109108248,0.38495575221238937,0.9361702127659575,-0.0023818261959248775,0.5,226,-0.1825579456592502,-0.0006234875633251088,0.41150442477876104,0.026834363478407983,0.027840000000000028,-0.019823338291755022,0.9465549114675732,-0.3221059233613166,0.38495575221238937,0.946236559139785,-0.0031018261959248764,0.25
stock,breakout,1,20,0.0,0.03,0.018,20,stock_breakout_L_lb20_a0_tp0.030_sl0.018_h20,train,265,0.4828713708994967,0.0017637086329515975,0.4490566037735849,0.02766709354464197,0.028560000000000026,-0.01934932427452206,1.1654451558798629,-0.22264297430030333,0.42641509433962266,0.9495798319327731,-0.0005476794136705273,0.6666666666666666,265,0.22549260833933138,0.001043708632951599,0.4490566037735849,0.026947093544641955,0.027840000000000028,-0.020069324274522054,1.0943929466576388,-0.236106615141358,0.42641509433962266,0.9495798319327731,-0.0012676794136705256,0.5555555555555556
stock,breakout,1,20,0.0,0.03,0.018,20,stock_breakout_L_lb20_a0_tp0.030_sl0.018_h20,test,194,-0.4463328480857671,-0.0027868075828813223,0.35051546391752575,0.02800403633597913,0.028560000000000026,-0.01940408842798062,0.7788713964717887,-0.5925354764677844,0.33505154639175255,0.9852941176470589,-0.0056148204399624185,0.25,194,-0.5187575964557132,-0.003506807582881321,0.35051546391752575,0.02728403633597914,0.027840000000000028,-0.02012408842798062,0.7316961498796936,-0.6262544411031279,0.33505154639175255,0.9852941176470589,-0.006334820439962418,0.25
stock,breakout,1,55,0.0,0.03,0.018,20,stock_breakout_L_lb55_a0_tp0.030_sl0.018_h20,train,249,0.2507458518759289,0.001171760297427484,0.43373493975903615,0.02771298521365469,0.028560000000000026,-0.019157688574576334,1.1080129690521594,-0.3166320100577712,0.41365461847389556,0.9537037037037037,-0.0012476406412588318,0.6666666666666666,249,0.045513283361326984,0.0004517602974274855,0.43373493975903615,0.02699298521365468,0.027840000000000028,-0.019877688574576325,1.040134921040813,-0.33560799424874044,0.41365461847389556,0.9537037037037037,-0.0019676406412588304,0.4444444444444444
stock,breakout,1,55,0.0,0.03,0.018,20,stock_breakout_L_lb55_a0_tp0.030_sl0.018_h20,test,180,-0.11099997333226042,-0.0003820343428405918,0.4,0.028142068891864595,0.028560000000000026,-0.019398103165977384,0.9671759708005327,-0.39455638069295396,0.3888888888888889,0.9861111111111112,-0.0032637173209108254,0.25,180,-0.2191908584945138,-0.0011020343428405903,0.4,0.027422068891864593,0.027840000000000028,-0.02011810316597739,0.9087029284231681,-0.4412899614747632,0.3888888888888889,0.9861111111111112,-0.003983717320910823,0.25
stock,pullback,1,0,10.0,0.03,0.018,20,stock_pullback_L_lb0_a10_tp0.030_sl0.018_h20,train,139,0.06152629776510876,0.0007067722445930956,0.4172661870503597,0.028560000000000023,0.028560000000000026,-0.01923751429631557,1.0630464027406652,-0.17758527409409086,0.4172661870503597,1.0,-0.002401141424471655,0.6666666666666666,139,-0.039587949905476205,-1.3227755406902845e-05,0.4172661870503597,0.027840000000000028,0.027840000000000028,-0.01995751429631557,0.9988626097837784,-0.19354173317211287,0.4172661870503597,1.0,-0.0031211414244716536,0.5555555555555556
stock,pullback,1,0,10.0,0.03,0.018,20,stock_pullback_L_lb0_a10_tp0.030_sl0.018_h20,test,93,-0.04808518399011896,-0.0002577824242869882,0.3978494623655914,0.028487514457495103,0.028560000000000026,-0.019250210721178735,0.977761128913333,-0.2627076621968978,0.3870967741935484,1.0,-0.004272532966072028,0.75,93,-0.10980745839339556,-0.0009777824242869866,0.3978494623655914,0.02776751445749511,0.027840000000000028,-0.019970210721178733,0.9186880267311519,-0.28940226781860046,0.3870967741935484,1.0,-0.004992532966072026,0.75
stock,pullback,1,0,20.0,0.03,0.018,20,stock_pullback_L_lb0_a20_tp0.030_sl0.018_h20,train,259,0.8943138293809243,0.0027528143112580195,0.46332046332046334,0.02838093913417289,0.028560000000000026,-0.019372185535862733,1.2647788316097186,-0.1712080295170023,0.4594594594594595,0.9916666666666667,0.0003066446021516944,0.7777777777777778,259,0.5725787121266852,0.002032814311258021,0.46332046332046334,0.02766093913417289,0.027840000000000028,-0.020092185535862728,1.1885191589206994,-0.1963072834631877,0.4594594594594595,0.9916666666666667,-0.0004133553978483041,0.7777777777777778
stock,pullback,1,0,20.0,0.03,0.018,20,stock_pullback_L_lb0_a20_tp0.030_sl0.018_h20,test,175,0.03973547861098292,0.000499176152406481,0.41714285714285715,0.02835939488590596,0.028560000000000026,-0.019440000000000016,1.0440550243439508,-0.2965497149604094,0.4057142857142857,1.0,-0.0023509991421098056,0.25,175,-0.08340142626363956,-0.00022082384759351773,0.41714285714285715,0.027639394885905957,0.027840000000000028,-0.020160000000000008,0.98120712081346,-0.3225870934186036,0.4057142857142857,0.9863013698630136,-0.003070999142109804,0.25
stock,trend_pullback,1,0,0.01,0.03,0.018,20,stock_trend_pullback_L_lb0_a0.01_tp0.030_sl0.018_h20,train,367,1.4861197553862109,0.002767424598552802,0.4659400544959128,0.02822154869981802,0.028560000000000026,-0.019440000000000016,1.266556654612013,-0.18180948571451994,0.45776566757493187,0.9824561403508771,0.0006515118762814242,0.7777777777777778,367,0.9097437658576553,0.002047424598552803,0.4659400544959128,0.02750154869981802,0.027840000000000028,-0.020160000000000015,1.19016359624759,-0.20344650788034924,0.45776566757493187,0.9824561403508771,-6.848812371857427e-05,0.6666666666666666
stock,trend_pullback,1,0,0.01,0.03,0.018,20,stock_trend_pullback_L_lb0_a0.01_tp0.030_sl0.018_h20,test,228,0.013889437243189695,0.0003377106795057836,0.41228070175438597,0.028531468456673627,0.028560000000000026,-0.01944000000000002,1.029558240789616,-0.2636602578219297,0.40789473684210525,1.0,-0.0022003681146726436,0.5,228,-0.1396884064033237,-0.00038228932049421495,0.41228070175438597,0.027811468456673615,0.027840000000000028,-0.02016000000000001,0.9677349987145072,-0.35614933589437714,0.40789473684210525,1.0,-0.002920368114672642,0.25
stock,trend_pullback,1,0,0.02,0.03,0.018,20,stock_trend_pullback_L_lb0_a0.02_tp0.030_sl0.018_h20,train,358,2.092961205200308,0.003444284671483028,0.4776536312849162,0.02846978896135044,0.028560000000000026,-0.01944000000000001,1.3391909047971333,-0.16209114439419126,0.4748603351955307,0.9941520467836257,0.0012990332748349835,0.7777777777777778,358,1.39172607106007,0.0027242846714830298,0.4776536312849162,0.02774978896135044,0.027840000000000028,-0.020160000000000008,1.2587041402446002,-0.20052707596901653,0.4748603351955307,0.9941520467836257,0.0005790332748349848,0.6666666666666666
stock,trend_pullback,1,0,0.02,0.03,0.018,20,stock_trend_pullback_L_lb0_a0.02_tp0.030_sl0.018_h20,test,223,0.06626284322289533,0.0005659104705260912,0.4170403587443946,0.02853116166588517,0.028560000000000026,-0.019440000000000016,1.049935911256457,-0.2686192779307861,0.4125560538116592,1.0,-0.002220269058295962,0.5,223,-0.0919503364209382,-0.00015408952947390718,0.4170403587443946,0.02781116166588516,0.027840000000000028,-0.020160000000000015,0.9868887495907044,-0.35275095162694303,0.4125560538116592,1.0,-0.00294026905829596,0.5
