candidate,family,params,profile,split,total_return,cagr,ann_vol,sharpe,max_drawdown,profit_factor,avg_month,median_month,best_month,worst_month,positive_month_pct,month_ge_10_pct,months
ema_24-168,ema,"[24, 168]",base,train,1.1566320220091275,0.46777580245648287,0.37379691724418795,1.212901949874051,-0.2664355531536251,1.0444819293526626,0.03761549311713035,0.02330216547338526,0.2934325714492574,-0.1379369873456826,0.6666666666666666,0.16666666666666666,24
ema_24-168,ema,"[24, 168]",base,test,-0.11426726901660234,-0.07388564568992573,0.3566271546763332,-0.03698024457525549,-0.29559410111762796,0.9987305293035235,-0.000874643946773846,0.007733727479837915,0.2057062469379336,-0.1927473940634079,0.5789473684210527,0.15789473684210525,19
ema_24-168,ema,"[24, 168]",base,full,0.9101995705803896,0.19794142179093455,0.36632459956677516,0.6757982827128005,-0.29559410111762774,1.0240841695445968,0.02060822325168431,0.01219225375513977,0.2934325714492574,-0.1927473940634079,0.627906976744186,0.16279069767441862,43
ema_24-168,ema,"[24, 168]",aggressive,train,2.5224249835273707,0.8751967413028778,0.7475851715908646,1.2125407710416523,-0.482555591455635,1.0444683944130693,0.07450108983674769,0.033754191898525576,0.6415329574578073,-0.26418365202350624,0.6666666666666666,0.2916666666666667,24
ema_24-168,ema,"[24, 168]",aggressive,test,-0.35740120777215667,-0.24402718392667466,0.7131856961683088,-0.03579862744177528,-0.5147188576718754,0.998771075078123,-0.0018467251223488878,0.004438773400543772,0.43326554959091945,-0.35234860507552535,0.5789473684210527,0.2631578947368421,19
ema_24-168,ema,"[24, 168]",aggressive,full,1.2635060401278557,0.25603727156056766,0.7326147543884565,0.6761250174113667,-0.5179398923009229,1.0240959325259598,0.04076600880830967,0.011898661649476283,0.6415329574578073,-0.35234860507552535,0.627906976744186,0.27906976744186046,43
ema_24-336,ema,"[24, 336]",base,train,0.9976884111827147,0.4127272287171748,0.3822333097560094,1.0945267335697433,-0.2737889620493207,1.0404862220906645,0.0345977394721173,0.009962783323416047,0.3094365506925827,-0.11681489200056572,0.5416666666666666,0.20833333333333334,24
ema_24-336,ema,"[24, 336]",base,test,-0.018865025542146197,-0.011975399547018317,0.35775536921227336,0.14508291797536002,-0.2766823110280635,1.0049409292293427,0.004239115724818674,0.031180881147854667,0.18373286847890213,-0.15195073740171172,0.5789473684210527,0.21052631578947367,19
ema_24-336,ema,"[24, 336]",base,full,0.9600019682805061,0.2065762134689737,0.3716333678014709,0.6907543302135676,-0.2766823110280645,1.024661742947345,0.021183463862845815,0.012718049802941778,0.3094365506925827,-0.15195073740171172,0.5581395348837209,0.20930232558139536,43
ema_24-336,ema,"[24, 336]",aggressive,train,1.9069370518289546,0.7037302180528195,0.7575003791215429,1.080616445324356,-0.4911794858030877,1.0397200677343679,0.0670526558540377,0.011532918366407019,0.6773294565686043,-0.22739060800221822,0.5416666666666666,0.3333333333333333,24
ema_24-336,ema,"[24, 336]",aggressive,test,-0.21317358468853953,-0.14071970484238716,0.7154271774776376,0.14536173325711546,-0.49214126336599506,1.0049504068287165,0.007730110139854205,0.052261756442026464,0.3821002858944793,-0.2885995696732211,0.5789473684210527,0.3684210526315789,19
ema_24-336,ema,"[24, 336]",aggressive,full,1.2872548600266502,0.2597009066726992,0.7392338986097265,0.6809039912316509,-0.4921412633659935,1.0242174765568415,0.04084036821288685,0.012169990719014034,0.6773294565686043,-0.2885995696732211,0.5581395348837209,0.3488372093023256,43
ema_24-504,ema,"[24, 504]",base,train,0.9369089567770736,0.3910995899475007,0.3842295364997472,1.050469285483621,-0.30379600544646723,1.0389112958331206,0.03461724899734419,-0.006082835866655201,0.4072547728335767,-0.1059631431392336,0.4583333333333333,0.25,24
ema_24-504,ema,"[24, 504]",base,test,0.2027250619427139,0.12385898663058281,0.3624116139161814,0.5032378484942511,-0.2158371846565138,1.01725210176511,0.014361735285773489,-0.00017994996975112532,0.16786087469846822,-0.1519710142593691,0.47368421052631576,0.3684210526315789,19
ema_24-504,ema,"[24, 504]",base,full,1.329568945017129,0.26616113121782914,0.3747575204783876,0.816593282607969,-0.30379600544646723,1.0292553822345647,0.025667138287580393,-0.00017994996975112532,0.4072547728335767,-0.1519710142593691,0.46511627906976744,0.3023255813953488,43
ema_24-504,ema,"[24, 504]",aggressive,train,1.721511950056105,0.6485712242711181,0.7562663984697138,1.0372801533967975,-0.5241360853514496,1.0380092112602657,0.06952599260786146,-0.020368809829877654,0.9345121630353252,-0.20711808099937168,0.4583333333333333,0.375,24
ema_24-504,ema,"[24, 504]",aggressive,test,0.18488722094542265,0.11328607680549463,0.723883361409821,0.5096319198269451,-0.39874042283755096,1.0174703797574831,0.026840007153149426,-0.017504724265728133,0.3456090419929796,-0.288808348567122,0.42105263157894735,0.3684210526315789,19
ema_24-504,ema,"[24, 504]",aggressive,full,2.2246847312717364,0.38641861540558686,0.742146991211257,0.8100142928763706,-0.5241360853514496,1.0288328319181275,0.050664743220895675,-0.017504724265728133,0.9345121630353252,-0.288808348567122,0.4418604651162791,0.37209302325581395,43
ema_48-168,ema,"[48, 168]",base,train,1.2492795760716957,0.49892852392396714,0.37368072088661475,1.269404426050466,-0.2420180603392761,1.046380740868248,0.038612770965872206,0.030269494594014623,0.2537344953214882,-0.11009456491095204,0.6666666666666666,0.16666666666666666,24
ema_48-168,ema,"[48, 168]",base,test,-0.12584817306103668,-0.08156402573019939,0.3560239815394559,-0.06099323646881624,-0.3062058806808885,0.9979197915681813,-0.0013939475505869072,-0.0009126640484449222,0.21379501377917043,-0.19883830723291862,0.47368421052631576,0.15789473684210525,19
ema_48-168,ema,"[48, 168]",base,full,0.9662118507195481,0.2076417574102547,0.3660004904558985,0.6981443512031431,-0.31719754192903515,1.0247582130200694,0.020935383714413527,0.023687269750187978,0.2537344953214882,-0.19883830723291862,0.5813953488372093,0.16279069767441862,43
ema_48-168,ema,"[48, 168]",aggressive,train,2.8249998800194778,0.9539668715898038,0.747289899749017,1.2679358385704314,-0.44018173643276215,1.0463251672340832,0.07474159174237853,0.04998412158782295,0.54545573078035,-0.21565165157849675,0.5833333333333334,0.2916666666666667,24
ema_48-168,ema,"[48, 168]",aggressive,test,-0.3744677523143818,-0.2567906507141555,0.7119435839136673,-0.060869816875407184,-0.5330093047776434,0.9979237224529549,-0.002502417746979989,-0.012385406226566587,0.45228832052046863,-0.3662528891498458,0.47368421052631576,0.2631578947368421,19
ema_48-168,ema,"[48, 168]",aggressive,full,1.3926607723457765,0.2756382476598336,0.7319153236571408,0.6973755198923534,-0.5637781367644964,1.0247318960941523,0.0406105177819643,0.03856481308016302,0.54545573078035,-0.3662528891498458,0.5348837209302325,0.27906976744186046,43
ema_48-336,ema,"[48, 336]",base,train,0.8691379961395149,0.3665794376392466,0.38332014469633474,1.0057944989425287,-0.2932680395807503,1.0370900504134763,0.03245349746309432,-0.0003757524957127001,0.3186186748212392,-0.12772327816026363,0.5,0.2916666666666667,24
ema_48-336,ema,"[48, 336]",base,test,0.11878915686078462,0.07358708973523176,0.35788996589200944,0.3772232086105191,-0.24655871276985486,1.0128754381465734,0.011030637406168872,0.008558850267660567,0.18270506407151843,-0.18653134760053647,0.5789473684210527,0.21052631578947367,19
ema_48-336,ema,"[48, 336]",base,full,1.091171322757393,0.2285854248158452,0.3723127992463746,0.7386841897717487,-0.2932680395807503,1.0263563407794452,0.022987582554220287,0.008558850267660567,0.3186186748212392,-0.18653134760053647,0.5348837209302325,0.2558139534883721,43
ema_48-336,ema,"[48, 336]",aggressive,train,1.5002794071630916,0.5802363586918813,0.7576106468226819,0.9813693223442536,-0.5192584111927172,1.0358675111907558,0.06292323435434873,-0.01020375036329585,0.7006516887200416,-0.24564620247161884,0.5,0.375,24
ema_48-336,ema,"[48, 336]",aggressive,test,0.022690960891741385,0.014294676734839529,0.7156205320856107,0.37726513867531086,-0.44255523013608855,1.0128780609720476,0.02101155352318142,0.0001046228250343173,0.38012928204664753,-0.3456752901012389,0.5263157894736842,0.3684210526315789,19
ema_48-336,ema,"[48, 336]",aggressive,full,1.5570131494094923,0.29950720979674617,0.7393741401686604,0.723060870331778,-0.5192584111927172,1.025662130012913,0.04440411956848411,0.0001046228250343173,0.7006516887200416,-0.3456752901012389,0.5116279069767442,0.37209302325581395,43
ema_48-504,ema,"[48, 504]",base,train,0.7846119468428212,0.3353645518536885,0.3851850176510705,0.9425846107717745,-0.33034008785687297,1.035002434144058,0.03055848356581596,-0.007024869170528192,0.32434195477019623,-0.13466761572151864,0.4583333333333333,0.2916666666666667,24
ema_48-504,ema,"[48, 504]",base,test,0.18748569324033504,0.11482987339369455,0.3627275421736488,0.4808587885466073,-0.2183370550875421,1.0164856688221984,0.013316754209740041,0.0003954229403451137,0.1640398322805512,-0.12039729827239465,0.5263157894736842,0.3157894736842105,19
ema_48-504,ema,"[48, 504]",base,full,1.1192011548616323,0.23315876953199433,0.37543937833965707,0.7453948179302267,-0.33034008785687297,1.0267436051772518,0.022940045013131256,-0.00033298706041506865,0.32434195477019623,-0.13466761572151864,0.4883720930232558,0.3023255813953488,43
ema_48-504,ema,"[48, 504]",aggressive,train,1.2900572565540918,0.5124361089994278,0.7569108516203563,0.9231701646801981,-0.5601243797017728,1.033855462277849,0.05908803555730086,-0.023939593062242026,0.713054639037785,-0.25917996921793696,0.4166666666666667,0.3333333333333333,24
ema_48-504,ema,"[48, 504]",aggressive,test,0.15389308490051223,0.09477492354484496,0.7249107455425459,0.48674122255537566,-0.4046287072970317,1.0166887458917906,0.024001045908757495,-0.006048212822288845,0.33662543715206117,-0.23110644774066935,0.47368421052631576,0.3684210526315789,19
ema_48-504,ema,"[48, 504]",aggressive,full,1.6424812323639917,0.31148480377481413,0.7429550639681946,0.7351240596144212,-0.5601243797017728,1.026180598828601,0.04358448199166541,-0.006261795907573586,0.713054639037785,-0.25917996921793696,0.4418604651162791,0.3488372093023256,43
ema_72-168,ema,"[72, 168]",base,train,1.0819079120326807,0.4421582937540549,0.3746797044588241,1.16390929024104,-0.24383605545029463,1.0425938961181118,0.036490766459328826,0.0013304150215860955,0.2402914010917605,-0.14802160912066942,0.5,0.25,24
ema_72-168,ema,"[72, 168]",base,test,-0.1190027707587411,-0.0770208970428774,0.3562684609119578,-0.046842365121987986,-0.29194281099952424,0.9984022466017891,-0.0010130457689017337,-0.006186828216562357,0.20283179364525972,-0.16596323571288996,0.47368421052631576,0.15789473684210525,19
ema_72-168,ema,"[72, 168]",base,full,0.8341551020362339,0.1844380638302363,0.3666739947879593,0.6445969612529641,-0.34387535783927414,1.022881708865179,0.019919314544529276,-0.003021235626531893,0.2402914010917605,-0.16596323571288996,0.4883720930232558,0.20930232558139536,43
ema_72-168,ema,"[72, 168]",aggressive,train,2.2308595993297575,0.7960179467501447,0.7481477908930022,1.1546399260904772,-0.4490884084661505,1.0421955590313599,0.07204138829413859,-0.007596017685806755,0.5080789095371712,-0.28117577461603627,0.4583333333333333,0.3333333333333333,24
ema_72-168,ema,"[72, 168]",aggressive,test,-0.3653439471169765,-0.24995158233145265,0.7124329498382483,-0.04742201563093921,-0.5135701781707271,0.9983823309562954,-0.001665587717115762,-0.022075719698151364,0.43154287358461274,-0.31316273398681616,0.47368421052631576,0.2631578947368421,19
ema_72-168,ema,"[72, 168]",aggressive,full,1.0504846007298716,0.22186768643643684,0.7326114438753886,0.6386333053405203,-0.5991226144690984,1.022652355377545,0.03947318959149131,-0.015149701388681658,0.5080789095371712,-0.31316273398681616,0.46511627906976744,0.3023255813953488,43
ema_72-336,ema,"[72, 336]",base,train,0.6855372502679424,0.29781888557938774,0.382898086436313,0.8715824434455475,-0.31034362992299,1.032092269309088,0.028540206579530922,0.0016742334519580515,0.33146065130349434,-0.14327869932934656,0.5,0.2916666666666667,24
ema_72-336,ema,"[72, 336]",base,test,0.16669178320468658,0.10244078088737774,0.3594814699690173,0.45089528686174773,-0.22225637473495674,1.015420392195216,0.012803114284841155,-0.025578920323513277,0.18393720919930612,-0.15633322375069947,0.47368421052631576,0.3157894736842105,19
ema_72-336,ema,"[72, 336]",base,full,0.9665024601730094,0.20769156316584136,0.37274491963750805,0.6921945210364832,-0.31034362992299,1.0246935966321742,0.02158660765862149,-0.00441515239450907,0.33146065130349434,-0.15633322375069947,0.4883720930232558,0.3023255813953488,43
ema_72-336,ema,"[72, 336]",aggressive,train,1.0214943600330453,0.42110834154865584,0.7560071963705072,0.8413613024458758,-0.5608994296725738,1.0306692344611468,0.05547978172258936,-0.007140193119244298,0.7343910760261194,-0.2716525787496368,0.5,0.375,24
ema_72-336,ema,"[72, 336]",aggressive,test,0.11461677490154742,0.07105261427895182,0.7184744531511883,0.45430582322711166,-0.4127855306620958,1.0155361450630345,0.024025501804141747,-0.060623558254653265,0.3844144265142857,-0.2961368133995208,0.47368421052631576,0.42105263157894735,19
ema_72-336,ema,"[72, 336]",aggressive,full,1.2531915240616804,0.25443745747600977,0.7396752997099605,0.6752569123066506,-0.5608994296725738,1.0239453158456409,0.041581378967926456,-0.021790965915456706,0.7343910760261194,-0.2961368133995208,0.4883720930232558,0.3953488372093023,43
ema_72-504,ema,"[72, 504]",base,train,0.7712286649058511,0.33035485090941363,0.3860320906890457,0.9315618047741696,-0.3414637077526823,1.034712177504387,0.03130971135252239,0.0034344834413323477,0.3327562879805188,-0.1582169439241593,0.5416666666666666,0.2916666666666667,24
ema_72-504,ema,"[72, 504]",base,test,0.15277983082398316,0.09410666023610847,0.3636406434954428,0.42895014638027296,-0.22076580404325208,1.0147283194803811,0.01175420502325632,0.007217614175155873,0.17909980624148925,-0.13094366891128362,0.5263157894736842,0.21052631578947367,19
ema_72-504,ema,"[72, 504]",base,full,1.0418366806807504,0.22042747647764638,0.37631442536942594,0.7169152912335515,-0.3414637077526823,1.0257879359141266,0.022668906230288548,0.006502040929079689,0.3327562879805188,-0.1582169439241593,0.5348837209302325,0.2558139534883721,43
ema_72-504,ema,"[72, 504]",aggressive,train,1.2382993701235563,0.4952704272705277,0.7571128080380012,0.9081737666110279,-0.5991682297907462,1.0333512175515598,0.06255967845835869,-0.0030974491873757004,0.7345719871338607,-0.29877643628483286,0.5,0.2916666666666667,24
ema_72-504,ema,"[72, 504]",aggressive,test,0.08675871857770101,0.054040215704133754,0.7268929338178506,0.4351905117303173,-0.40617928313977747,1.0149462948467962,0.020874957108458343,0.0034439340378722427,0.37144550932662734,-0.24477254650126168,0.5263157894736842,0.2631578947368421,19
ema_72-504,ema,"[72, 504]",aggressive,full,1.4324913552687737,0.28152884009413603,0.7439240766489416,0.7041290614822475,-0.5991682297907462,1.0251129593905097,0.04414084809444925,0.001075070964673408,0.7345719871338607,-0.29877643628483286,0.5116279069767442,0.27906976744186046,43
tsmom_72,tsmom,[72],base,train,-0.1716637962777201,-0.0897529756947818,0.37219773525513045,-0.06744874791848574,-0.46945626694843123,0.9975644232304882,-0.003481821887354806,-0.013175019990506465,0.2145616720850516,-0.16220704321075163,0.4583333333333333,0.125,24
tsmom_72,tsmom,[72],base,test,-0.6377590837658323,-0.4739468606561581,0.3573976250866259,-1.6187848462516203,-0.6725639920900925,0.9457785859780834,-0.04755669454639483,-0.06360798699854153,0.1228235568131093,-0.20684458968787278,0.3684210526315789,0.05263157894736842,19
tsmom_72,tsmom,[72],base,full,-0.699942734613704,-0.28531810873868946,0.3657487874293313,-0.7361515941771146,-0.7457868196606796,0.9742775355874389,-0.022956765620419005,-0.031023198124068063,0.2145616720850516,-0.20684458968787278,0.4186046511627907,0.09302325581395349,43
tsmom_72,tsmom,[72],aggressive,train,-0.4791066273426008,-0.27794852713675244,0.744356068384498,-0.0685679784605424,-0.7578075680160776,0.9975241119565341,-0.009938338340986263,-0.040048594655377745,0.449624130112247,-0.30594309155568133,0.4583333333333333,0.20833333333333334,24
tsmom_72,tsmom,[72],aggressive,test,-0.8927102605020146,-0.7563601917915799,0.7147952501732519,-1.6187848462516203,-0.9119262016889598,0.9457785859780834,-0.09441525553796065,-0.1309664499882709,0.24324242172055444,-0.3740782990371625,0.3684210526315789,0.10526315789473684,19
tsmom_72,tsmom,[72],aggressive,full,-0.9441134857413609,-0.5528702831466075,0.7314751314394056,-0.7368086680861581,-0.9596807334996199,0.9742552123505951,-0.04726534826523076,-0.06884131030549234,0.449624130112247,-0.3740782990371625,0.4186046511627907,0.16279069767441862,43
donchian_72,donchian,[72],base,train,1.1257896124776887,0.45725689281576587,0.3755745554806299,1.1894740133881136,-0.2638682775959452,1.0436089914322704,0.035751490558693325,0.014943929538821177,0.31452303283102956,-0.11399684704007496,0.625,0.20833333333333334,24
donchian_72,donchian,[72],base,test,-0.17024235565753554,-0.11135152245263225,0.35616563157700687,-0.15359015161595704,-0.3759454620367447,0.9947620533158205,-0.007147903308585712,-0.02291073878233696,0.1321384874156757,-0.10864942980435854,0.42105263157894735,0.10526315789473684,19
donchian_72,donchian,[72],base,full,0.7638901812171777,0.17159733173433822,0.3671430311970343,0.6142982577494503,-0.3759454620367385,1.0218284657059638,0.016795944431290958,0.004505301449093668,0.31452303283102956,-0.11399684704007496,0.5348837209302325,0.16279069767441862,43
donchian_72,donchian,[72],aggressive,train,2.3977776617455984,0.8417646962158793,0.7509811439355396,1.185311274865588,-0.4705062956706958,1.0434517564077266,0.06803922657628879,0.018451502907708583,0.6992874163684399,-0.22427235875697804,0.5833333333333334,0.2916666666666667,24
donchian_72,donchian,[72],aggressive,test,-0.43626441957443696,-0.304119402362253,0.7123312631540137,-0.15359015161595704,-0.6306509441105632,0.9947620533158205,-0.019583176200062797,-0.05524903437552242,0.264864537234512,-0.21077574327764004,0.3684210526315789,0.21052631578947367,19
donchian_72,donchian,[72],aggressive,full,0.9154481623011652,0.19885902529273314,0.7341899143568269,0.6118469924629446,-0.6306509441105621,1.0217399291051215,0.029322350930924137,-0.00018448330430109738,0.6992874163684399,-0.22427235875697804,0.4883720930232558,0.2558139534883721,43
tsmom_168,tsmom,[168],base,train,0.18287217873850392,0.08747434353800121,0.37525848541943513,0.4102265824104198,-0.36496139314548925,1.015106366496233,0.012656015111964217,-0.010373496776640234,0.29732828285839874,-0.11201909997265047,0.375,0.20833333333333334,24
tsmom_168,tsmom,[168],base,test,-0.1106257723635824,-0.07147889356106207,0.3581486922555999,-0.028077217414491224,-0.3006669717978321,0.999015369751377,-0.0008319915659176926,-0.01065921658671154,0.20675733063519308,-0.14924334910956416,0.42105263157894735,0.21052631578947367,19
tsmom_168,tsmom,[168],base,full,0.052016030358160714,0.014250855386877648,0.36780417460580056,0.22184859935356727,-0.3884730401134664,1.0079994426558212,0.006696198207783838,-0.01065921658671154,0.29732828285839874,-0.14924334910956416,0.3953488372093023,0.20930232558139536,43
tsmom_168,tsmom,[168],aggressive,train,0.057151869959951807,0.028139823716905488,0.7504757588598635,0.4090613045194047,-0.6289711860247631,1.0150629918031704,0.02491371314778973,-0.03158465936254862,0.6531016856745806,-0.21617639305753178,0.375,0.25,24
tsmom_168,tsmom,[168],aggressive,test,-0.35409601646542554,-0.2415698151968131,0.7162973845111998,-0.028077217414491224,-0.5395756585817721,0.999015369751377,-0.0019923258772221366,-0.032402646733533214,0.430669400624456,-0.28042745299137317,0.42105263157894735,0.2631578947368421,19
tsmom_168,tsmom,[168],aggressive,full,-0.31718139599184136,-0.10099402687668546,0.7355848400313054,0.2211784243742823,-0.7021579316604103,1.0079751298855606,0.01302499822976123,-0.032402646733533214,0.6531016856745806,-0.28042745299137317,0.3953488372093023,0.2558139534883721,43
donchian_168,donchian,[168],base,train,1.1029848754304425,0.4494300349242828,0.3759258161926118,1.1747596223157735,-0.251200062615059,1.0430172223585554,0.03693437306448563,-0.0008711766767249829,0.24758778743584586,-0.10270639346987143,0.5,0.25,24
donchian_168,donchian,[168],base,test,0.1666876991454569,0.10243833965853022,0.3578071300906405,0.4514432865490276,-0.25705444281354317,1.0157573301451481,0.012332301396758607,0.0031366804182466623,0.21405135442500067,-0.15392887821679357,0.5263157894736842,0.15789473684210525,19
donchian_168,donchian,[168],base,full,1.4535265856536328,0.28461174590134064,0.36804026639107185,0.864211672773223,-0.25705444281354617,1.0310019163816335,0.026063690234559733,0.0031366804182466623,0.24758778743584586,-0.15392887821679357,0.5116279069767442,0.20930232558139536,43
donchian_168,donchian,[168],aggressive,train,2.353092401727244,0.8296303632328608,0.7511198786904892,1.1778590030752951,-0.45511717713506183,1.0431369181444734,0.07395562894183118,-0.011422316024162327,0.5298932405539238,-0.20204805926284364,0.5,0.375,24
donchian_168,donchian,[168],aggressive,test,0.11115206666499522,0.06894535859604978,0.7155921966372273,0.45098763777953227,-0.4567958133870701,1.0157415960521998,0.022244142344009222,-0.0036331070449904246,0.45094431040491023,-0.291761522263453,0.47368421052631576,0.21052631578947367,19
donchian_168,donchian,[168],aggressive,full,2.7257955518978716,0.4434435457800854,0.7356534833560237,0.8656273654131272,-0.46806631393889386,1.0310546530922433,0.05110636742186333,-0.0036331070449904246,0.5298932405539238,-0.291761522263453,0.4883720930232558,0.3023255813953488,43
tsmom_336,tsmom,[336],base,train,0.1344360371344384,0.06500718523878635,0.3834273724217962,0.3556495634130581,-0.39337583065414916,1.0130889678546637,0.011725686893863515,-0.0033834415279374586,0.3936379388026596,-0.17222582464419522,0.4583333333333333,0.16666666666666666,24
tsmom_336,tsmom,[336],base,test,-0.21381814308834735,-0.1411650539867232,0.3634042327588398,-0.23718069257848534,-0.3798359682999475,0.9917749811790372,-0.005578831866660434,-0.05561564986972134,0.23530510979096686,-0.21644421015106796,0.42105263157894735,0.21052631578947367,19
tsmom_336,tsmom,[336],base,full,-0.10812696977815972,-0.03142788398426688,0.37472240993626443,0.10191097298011244,-0.39337583065414916,1.0036560461617008,0.004079504185725026,-0.011776462195386417,0.3936379388026596,-0.21644421015106796,0.4418604651162791,0.18604651162790697,43
tsmom_336,tsmom,[336],aggressive,train,-0.03908487144791817,-0.01971048211075277,0.7619933669997746,0.3536798035543154,-0.6659830449386925,1.0129726665167953,0.024279439989263976,-0.02270025346110105,0.9016986782276832,-0.3203916318910721,0.4583333333333333,0.2916666666666667,24
tsmom_336,tsmom,[336],aggressive,test,-0.4970722696255523,-0.35259252708901345,0.7264632942138969,-0.2356262519757402,-0.6621971669262166,0.9918300519397543,-0.00833335830712348,-0.11427145550523776,0.5058102848573358,-0.38880232291087813,0.42105263157894735,0.3684210526315789,19
tsmom_336,tsmom,[336],aggressive,full,-0.5167291353148273,-0.1836568312396477,0.746520310433564,0.10060788049844592,-0.6659830449386925,1.0036017339121628,0.009869133765278822,-0.030984618971251376,0.9016986782276832,-0.38880232291087813,0.4418604651162791,0.32558139534883723,43
donchian_336,donchian,[336],base,train,0.4478940286582087,0.20298010621156792,0.377351165497408,0.6784526326321298,-0.3492041945558352,1.0242098056771451,0.02069485893035851,0.0007251678545522333,0.28639064230835043,-0.13238108798822446,0.5,0.25,24
donchian_336,donchian,[336],base,test,-0.06270059693477914,-0.04013371986227843,0.36766437882552944,0.07226501719697168,-0.291598209980076,1.0025018639812788,0.001752341441464908,-0.03465608574441137,0.17996528643262066,-0.15232924193755382,0.42105263157894735,0.2631578947368421,19
donchian_336,donchian,[336],base,full,0.35711020876301713,0.08894642168302824,0.37310509963501215,0.41489436108725336,-0.3492041945558352,1.0146110438817821,0.012324909342242731,-0.011322485520618875,0.28639064230835043,-0.15232924193755382,0.46511627906976744,0.2558139534883721,43
donchian_336,donchian,[336],aggressive,train,0.5335009209340287,0.23798394841194392,0.7477756358282026,0.6598502166642535,-0.609314064693672,1.0234249751067344,0.03871622436922148,-0.004137965262156429,0.6221890208827097,-0.2533880445798483,0.4583333333333333,0.25,24
donchian_336,donchian,[336],aggressive,test,-0.2852580317260359,-0.1913931515973375,0.7349959199303647,0.07798090471818252,-0.5454072490696488,1.0027008726825108,0.0024470101502685675,-0.07411857311755987,0.3742953575207266,-0.29194424437317157,0.3684210526315789,0.3684210526315789,19
donchian_336,donchian,[336],aggressive,full,0.09605746657833114,0.02592489500853068,0.7421570599628793,0.40562921529305523,-0.6385077032706843,1.014244887087311,0.022690292505032985,-0.03451820255613236,0.6221890208827097,-0.29194424437317157,0.4186046511627907,0.3023255813953488,43
tsmom_720,tsmom,[720],base,train,0.47605558860723707,0.21460675297135934,0.38378597634068945,0.697810373071929,-0.47418713592567163,1.0261365553892798,0.025492743493462196,-0.005166517372421631,0.4578120547585951,-0.2145617452970765,0.5,0.2916666666666667,24
tsmom_720,tsmom,[720],base,test,-0.175230483388083,-0.11473461620219316,0.37681338263697145,-0.13500561558483135,-0.3315697905842936,0.995231295455653,-0.0036920115049965106,-0.011009643990033346,0.15562194833568044,-0.15809402361735847,0.47368421052631576,0.2631578947368421,19
tsmom_720,tsmom,[720],base,full,0.2174056543078975,0.05643041047478947,0.380723602218858,0.3341775323113484,-0.47418713592567163,1.0121955731632635,0.012597154075538582,-0.010364787145526022,0.4578120547585951,-0.2145617452970765,0.4883720930232558,0.27906976744186046,43
tsmom_720,tsmom,[720],aggressive,train,0.5358630155537427,0.2389357279839932,0.7577982617434145,0.6595303553298137,-0.739389570039277,1.0245135149691735,0.05472374245399066,-0.020650728518666173,1.073890958966571,-0.38728204144157785,0.4583333333333333,0.2916666666666667,24
tsmom_720,tsmom,[720],aggressive,test,-0.44663581758313464,-0.31224567507154255,0.7423807566003167,-0.13291750994392393,-0.5582127107875718,0.9953047850177633,-0.0077857775194823545,-0.02786828610683245,0.31111034902822654,-0.2997520003312466,0.47368421052631576,0.3157894736842105,19
tsmom_720,tsmom,[720],aggressive,full,-0.15010841809380226,-0.044372251211023506,0.7510309350852471,0.313953239927384,-0.739389570039277,1.0114098707567523,0.02710325688431654,-0.02786828610683245,1.073890958966571,-0.38728204144157785,0.46511627906976744,0.3023255813953488,43
donchian_720,donchian,[720],base,train,-0.06164584023676212,-0.03127101844329849,0.3769465599636127,0.10436596776120217,-0.5118532031086769,1.0036517477806146,0.007276077752470893,-0.01738325871176255,0.3668853033898001,-0.3278752474186847,0.4583333333333333,0.25,24
donchian_720,donchian,[720],base,test,0.11327077999535473,0.07023425862661958,0.3740579567146311,0.36856358217813473,-0.27398213279373784,1.0127383299290058,0.009667567992494118,0.0022882987846013503,0.16756987455312333,-0.12510803260597303,0.5263157894736842,0.21052631578947367,19
donchian_720,donchian,[720],base,full,0.044642267351508114,0.012262025406171606,0.37566943454142504,0.22041271787654915,-0.5118532031086769,1.0076704491524504,0.008332782742248596,0.0,0.3668853033898001,-0.3278752474186847,0.4883720930232558,0.23255813953488372,43
donchian_720,donchian,[720],aggressive,train,-0.22567321554286768,-0.11988764792984818,0.7455768861445066,0.2023037282627232,-0.7411002510871862,1.0070822286675045,0.02464435419079837,-0.046192374386382795,0.8349868855149432,-0.47514128317115845,0.375,0.25,24
donchian_720,donchian,[720],aggressive,test,-0.023375099861337567,-0.014850858119438759,0.7336742477075752,0.34686121187339614,-0.482577408733484,1.0119942158747406,0.013285172309345105,-0.01602745242871373,0.3359814546681559,-0.2441702012502981,0.42105263157894735,0.3157894736842105,19
donchian_720,donchian,[720],aggressive,full,-0.24377318145485427,-0.07500875899518589,0.7403383024420512,0.26549528948575174,-0.7411002510871862,1.0092444911946854,0.019625180801319024,-0.01602745242871373,0.8349868855149432,-0.47514128317115845,0.3953488372093023,0.27906976744186046,43
xsmom_72-8,xsmom,"[72, 8]",base,train,0.37809435541953906,0.17366515476673205,0.37125836079409485,0.6162461946261353,-0.2760501440011267,1.0213246910747567,0.020352816582939966,-0.01752848429591619,0.3920669715663274,-0.14857132671962825,0.4583333333333333,0.20833333333333334,24
xsmom_72-8,xsmom,"[72, 8]",base,test,-0.7860825033966699,-0.6230136253786394,0.3456758727016022,-2.6493350426143003,-0.8576695318545668,0.9197084008164331,-0.06997977146611634,-0.05044225841885197,0.10989213883215121,-0.3289485512073236,0.2631578947368421,0.05263157894736842,19
xsmom_72-8,xsmom,"[72, 8]",base,full,-0.7052015054054703,-0.28883566308169406,0.3602426987919881,-0.766515384411204,-0.8576695318545667,0.9749597668013401,-0.019561582787573282,-0.02697858405879472,0.3920669715663274,-0.3289485512073236,0.37209302325581395,0.13953488372093023,43
xsmom_72-8,xsmom,"[72, 8]",aggressive,train,0.4567503867975238,0.20664860875306457,0.7399759194083639,0.6212646258939533,-0.5101044834865534,1.0214906843826785,0.043385407748411396,-0.045111546040592754,0.8863628245117419,-0.28055833775671024,0.4583333333333333,0.3333333333333333,24
xsmom_72-8,xsmom,"[72, 8]",aggressive,test,-0.9463501685840011,-0.8428380517807292,0.6476733422271983,-2.5335920040517403,-0.9735045685690051,0.9223883506418922,-0.12165614271278206,-0.10412100581622885,0.1656684413953009,-0.45160966611167475,0.2631578947368421,0.15789473684210525,19
xsmom_72-8,xsmom,"[72, 8]",aggressive,full,-0.9218455873331228,-0.5090056725621632,0.7008364146913524,-0.6662707617890595,-0.9735045685690055,0.9780590071556284,-0.029539928501883396,-0.059241505830518904,0.8863628245117419,-0.45160966611167475,0.37209302325581395,0.2558139534883721,43
xsmom_72-24,xsmom,"[72, 24]",base,train,-0.09297451967372061,-0.04755757568226715,0.36529350186636,0.04914918811857067,-0.4309465334638005,1.0016550262924024,0.0019835882558567517,-0.038278595553747796,0.4651495804247838,-0.12236063352643256,0.4166666666666667,0.125,24
xsmom_72-24,xsmom,"[72, 24]",base,test,-0.6207526226653817,-0.45845584640010817,0.34436427191395474,-1.6088377056322274,-0.7357092695572828,0.9500458373482282,-0.04601475103702833,-0.03345372432199967,0.08567367078619581,-0.2097103844998368,0.2631578947368421,0.0,19
xsmom_72-24,xsmom,"[72, 24]",base,full,-0.6560129654105834,-0.2575432766039807,0.35621990133523435,-0.6579210216151652,-0.7466139750780834,0.9786068290754465,-0.01922498026890643,-0.03442449009336057,0.4651495804247838,-0.2097103844998368,0.3488372093023256,0.06976744186046512,43
xsmom_72-24,xsmom,"[72, 24]",aggressive,train,-0.35161647251662886,-0.1945386747527692,0.7285691477353742,0.06697449953145351,-0.7189301706605296,1.002254619448388,0.007042139049203912,-0.08173603179030714,1.0969575096024644,-0.24075820253533753,0.4166666666666667,0.20833333333333334,24
xsmom_72-24,xsmom,"[72, 24]",aggressive,test,-0.8709513439516339,-0.7261716717289997,0.6447098683745612,-1.6863484407831715,-0.9292266846962164,0.9472588877304143,-0.09037402874869231,-0.06964138266184428,0.13489353813285065,-0.3856652342250114,0.2631578947368421,0.15789473684210525,19
xsmom_72-24,xsmom,"[72, 24]",aggressive,full,-0.9163269771743728,-0.4995677028407506,0.6928439901384161,-0.6528602273762948,-0.9458306164866188,0.9786523738433615,-0.03600221416382,-0.07683220752876463,1.0969575096024644,-0.3856652342250114,0.3488372093023256,0.18604651162790697,43
xsmom_168-8,xsmom,"[168, 8]",base,train,0.6592357007216725,0.28766717794819185,0.37347897029969024,0.8630889392866828,-0.49431558743908266,1.0301952409297315,0.030265881314183066,-0.01200723432980294,0.42619471482168825,-0.16554802326150053,0.4583333333333333,0.2916666666666667,24
xsmom_168-8,xsmom,"[168, 8]",base,test,-0.5189393916697679,-0.370544244392793,0.3424382810784931,-1.1806366996106608,-0.6459764008650442,0.9637662729337688,-0.033465720909772304,-0.024385998704521294,0.15035952968410937,-0.2269722768344432,0.3684210526315789,0.05263157894736842,19
xsmom_168-8,xsmom,"[168, 8]",base,full,-0.20180706444759455,-0.060962341509098406,0.3601309210487997,0.00500217103709786,-0.6614219365293854,1.0001654474739665,0.0021054059129004626,-0.02359992998065097,0.42619471482168825,-0.2269722768344432,0.4186046511627907,0.18604651162790697,43
xsmom_168-8,xsmom,"[168, 8]",aggressive,train,1.1148116527718526,0.4534944014771669,0.7455029460222725,0.8721377746060862,-0.7689905276132394,1.0305221568953933,0.06855402067186762,-0.036835221454841194,0.9926344964077021,-0.311792686728659,0.4583333333333333,0.375,24
xsmom_168-8,xsmom,"[168, 8]",aggressive,test,-0.7815331252946187,-0.6179616100976537,0.6408396495888206,-1.1813248697947138,-0.8695121209346337,0.9634895446086236,-0.06364906468179907,-0.0631208817335468,0.23001546350421798,-0.39626482028858345,0.3157894736842105,0.10526315789473684,19
xsmom_168-8,xsmom,"[168, 8]",aggressive,full,-0.5379837076284086,-0.19383869168919476,0.7012898348652336,0.04193947797698442,-0.8965510413718739,1.0013971127982413,0.010138703887689325,-0.05933309356146821,0.9926344964077021,-0.39626482028858345,0.3953488372093023,0.2558139534883721,43
xsmom_168-24,xsmom,"[168, 24]",base,train,0.16887228376787822,0.08102858549443082,0.36959094464579695,0.3954191980963065,-0.5833289561936015,1.0134597132767378,0.012893204127049964,-0.008769468767820754,0.3403348784323659,-0.16626804666877015,0.5,0.20833333333333334,24
xsmom_168-24,xsmom,"[168, 24]",base,test,-0.34489103625878614,-0.2347502547095922,0.34087169116720767,-0.6145750788707748,-0.4940111600529917,0.9810110373831923,-0.01972419420984972,-0.01579063730867336,0.09796461445406379,-0.14605388339422687,0.3157894736842105,0.0,19
xsmom_168-24,xsmom,"[168, 24]",base,full,-0.234261289435009,-0.07177670857588903,0.3572061166560662,-0.030061830368717058,-0.6305754760946497,0.9990179712567914,-0.0015191346729754784,-0.01579063730867336,0.3403348784323659,-0.16626804666877015,0.4186046511627907,0.11627906976744186,43
xsmom_168-24,xsmom,"[168, 24]",aggressive,train,0.08151507794902368,0.039903431179401094,0.736719056559685,0.4208228060150678,-0.8408643397572673,1.0143327213841493,0.028495329845760708,-0.0236959817623551,0.7537243768836328,-0.29519601422931063,0.4583333333333333,0.2916666666666667,24
xsmom_168-24,xsmom,"[168, 24]",aggressive,test,-0.5895952120235024,-0.43072119646749474,0.633830645033289,-0.5722736574048276,-0.7292588040781257,0.9821756057073617,-0.03836598587327876,-0.04303099140352973,0.19245022665808253,-0.2505016017938989,0.2631578947368421,0.15789473684210525,19
xsmom_168-24,xsmom,"[168, 24]",aggressive,full,-0.5561410337409475,-0.20280784671099772,0.693215226232985,0.019122122694022796,-0.8745996141131058,1.0006292558211216,-0.001048042216140454,-0.03841250141371111,0.7537243768836328,-0.29519601422931063,0.37209302325581395,0.23255813953488372,43
xsmom_336-8,xsmom,"[336, 8]",base,train,0.37734057496218654,0.17334456836391943,0.3762595649139067,0.6126790891924442,-0.552116037377123,1.0208517250695632,0.024266071561902133,-0.0168431066566046,0.5222523971113213,-0.257514747457788,0.4583333333333333,0.25,24
xsmom_336-8,xsmom,"[336, 8]",base,test,-0.4821827191016749,-0.3405329033429112,0.3410944757565064,-1.0500154678012972,-0.6259749800580128,0.9675416102823745,-0.029086863486615985,-0.03963616772573908,0.20217332966622914,-0.21340027895089086,0.3684210526315789,0.10526315789473684,19
xsmom_336-8,xsmom,"[336, 8]",base,full,-0.28678924860214816,-0.09000258626624202,0.3611773100856131,-0.08073401643281491,-0.6705027440300726,0.9973602266617063,0.0006915188660452892,-0.02163493486234369,0.5222523971113213,-0.257514747457788,0.4186046511627907,0.18604651162790697,43
xsmom_336-8,xsmom,"[336, 8]",aggressive,train,0.4515725514853328,0.20450519333552064,0.7423039674746302,0.62090780310415,-0.810843324532666,1.021035240526533,0.05925752504639353,-0.05208948981784084,1.259242749122068,-0.4326867252011347,0.4583333333333333,0.3333333333333333,24
xsmom_336-8,xsmom,"[336, 8]",aggressive,test,-0.7611840837426467,-0.5958209325814741,0.6407647938703136,-1.0933426926195975,-0.8578231817115112,0.9659575954221267,-0.05714785369837222,-0.08786236189062258,0.31422398823707853,-0.3837516228802743,0.3684210526315789,0.10526315789473684,19
xsmom_336-8,xsmom,"[336, 8]",aggressive,full,-0.6533413711030067,-0.25593865538675087,0.6993479117179862,-0.07358587818080518,-0.9004794450613727,0.9975866125890693,0.007822590252194719,-0.056314787356055995,1.259242749122068,-0.4326867252011347,0.4186046511627907,0.23255813953488372,43
xsmom_336-24,xsmom,"[336, 24]",base,train,0.7997265268942333,0.34099975686744477,0.37734617945118476,0.9660204168770178,-0.45636398698649216,1.0331942318326583,0.034586157412293275,-0.01781707583314901,0.4749915504183606,-0.2129458180138467,0.4166666666666667,0.25,24
xsmom_336-24,xsmom,"[336, 24]",base,test,-0.19313406899829177,-0.12693978223956015,0.34106678475992225,-0.22757607992637865,-0.4569833234729376,0.9928880194857242,-0.008109372497013689,0.0006170726329390863,0.1959719211764288,-0.14408961906271978,0.5263157894736842,0.10526315789473684,19
xsmom_336-24,xsmom,"[336, 24]",base,full,0.45213801967096656,0.10970776632853019,0.3617928960704567,0.4684476095905012,-0.4569833234729377,1.0154753757717856,0.015720690708180895,-0.007132939408695194,0.4749915504183606,-0.2129458180138467,0.46511627906976744,0.18604651162790697,43
xsmom_336-24,xsmom,"[336, 24]",aggressive,train,1.4366317183846138,0.5600207840088882,0.7430236827023532,0.9693528821515354,-0.7210147539713208,1.0331693450747956,0.07722227538320262,-0.04740950797046006,1.1211155360545861,-0.360675670959568,0.4166666666666667,0.3333333333333333,24
xsmom_336-24,xsmom,"[336, 24]",aggressive,test,-0.4627973348372896,-0.32502114232384893,0.6392853443447738,-0.2954059109216928,-0.6924628850063295,0.9907165924418333,-0.02226566420670372,-0.00177911105307893,0.30400601094475377,-0.2759442007105437,0.47368421052631576,0.15789473684210525,19
xsmom_336-24,xsmom,"[336, 24]",aggressive,full,0.30896505313618916,0.07802542893858977,0.6991672542373061,0.45657049922446385,-0.7210147539713208,1.0151222383038778,0.03326248812254632,-0.024029795970255563,1.1211155360545861,-0.360675670959568,0.4418604651162791,0.2558139534883721,43
flowtrend_24-168,flowtrend,"[24, 168]",base,train,-0.9076803001253358,-0.6956628810749546,0.34991989294573195,-3.2249343588999135,-0.9188250246733383,0.845079526307292,-0.09105106475809471,-0.08870029992004419,0.08557917152948091,-0.22567622194653691,0.16666666666666666,0.0,24
flowtrend_24-168,flowtrend,"[24, 168]",base,test,-0.7065462003458819,-0.5395578741634284,0.35265405549561213,-2.0236326666350695,-0.7085306723369257,0.9097165653022847,-0.05691675562275812,-0.0743273868254577,0.08079775251961707,-0.2369201337865544,0.3684210526315789,0.0,19
flowtrend_24-168,flowtrend,"[24, 168]",base,full,-0.9729084332888519,-0.634675123344966,0.35112993591793207,-2.692666130492248,-0.9749491235012837,0.8749007995899359,-0.07596846304713203,-0.08398051420040242,0.08557917152948091,-0.2369201337865544,0.2558139534883721,0.0,43
flowtrend_24-168,flowtrend,"[24, 168]",aggressive,train,-0.9830028893331398,-0.8692631656509364,0.5949807546281699,-3.122984961138895,-0.986189910309017,0.8463906817768676,-0.14824268066975596,-0.14425559616530265,0.08347893248967497,-0.3259694576580029,0.16666666666666666,0.0,24
flowtrend_24-168,flowtrend,"[24, 168]",aggressive,test,-0.897027457685045,-0.7626085721017257,0.6304898952224999,-1.9679146061849562,-0.8983566296587444,0.9111957354097163,-0.0977031925528914,-0.15387789231319404,0.14025710565202965,-0.4225991492735962,0.3684210526315789,0.21052631578947367,19
flowtrend_24-168,flowtrend,"[24, 168]",aggressive,full,-0.9982497643026248,-0.829909284256261,0.6108983476538925,-2.595810759087828,-0.998442634655691,0.8772966266151755,-0.12591127894369952,-0.14642467850207574,0.14025710565202965,-0.4225991492735962,0.2558139534883721,0.09302325581395349,43
flowtrend_24-336,flowtrend,"[24, 336]",base,train,-0.8435156671131384,-0.6039168119881095,0.3365299560689076,-2.583649398800574,-0.8689471604978086,0.8636123267128339,-0.07103850841227836,-0.07129598251672536,0.08261325514025297,-0.2253181641443912,0.20833333333333334,0.0,24
flowtrend_24-336,flowtrend,"[24, 336]",base,test,-0.6347738631715241,-0.4712086297978251,0.3435178693638145,-1.6837926063293989,-0.6335226558467784,0.9219074606502498,-0.045544980789587894,-0.04152114010711361,0.1302671935659312,-0.22686866844369458,0.42105263157894735,0.10526315789473684,19
flowtrend_24-336,flowtrend,"[24, 336]",base,full,-0.94284783162555,-0.5500673519224003,0.3396283423710478,-2.1820279950888315,-0.9500779009256978,0.8914990791118503,-0.05977392643946165,-0.07102724311037667,0.1302671935659312,-0.22686866844369458,0.3023255813953488,0.046511627906976744,43
flowtrend_24-336,flowtrend,"[24, 336]",aggressive,train,-0.9586415857786714,-0.7961887268032904,0.5670242512493082,-2.521675110808855,-0.9683908701329458,0.8642872927476533,-0.11641048581301029,-0.11934822987691956,0.09093873145841358,-0.33617083496660616,0.20833333333333334,0.0,24
flowtrend_24-336,flowtrend,"[24, 336]",aggressive,test,-0.845420105897364,-0.6930465456785284,0.6066517544525484,-1.6456774010344315,-0.8443117901431995,0.9226817602747412,-0.0771154634786131,-0.06493771202576293,0.19635733294322422,-0.41046818862883605,0.3684210526315789,0.21052631578947367,19
flowtrend_24-336,flowtrend,"[24, 336]",aggressive,full,-0.9936068207094141,-0.7558363915124316,0.5848312842152397,-2.119420896123892,-0.9947515568483783,0.8930001982680247,-0.09904756896757896,-0.11627373799377261,0.19635733294322422,-0.41046818862883605,0.27906976744186046,0.09302325581395349,43
flowtrend_72-168,flowtrend,"[72, 168]",base,train,-0.7554231942712875,-0.5049763421744831,0.30859513008990586,-2.1246304450160642,-0.7747356892814513,0.8875979691314855,-0.054131684138196044,-0.04367556963660896,0.08007004043632926,-0.22003963724529985,0.125,0.0,24
flowtrend_72-168,flowtrend,"[72, 168]",base,test,-0.40329956940068923,-0.27864768166815124,0.3230836194634912,-0.8498660591644424,-0.49726643638976975,0.9563283600969635,-0.02230544792291026,-0.04553223618765634,0.20358113138961964,-0.17544037389677913,0.3684210526315789,0.15789473684210525,19
flowtrend_72-168,flowtrend,"[72, 168]",base,full,-0.8540609147070721,-0.4155324160496475,0.3150700102999201,-1.5474255709673481,-0.8718110604071312,0.9191927997595722,-0.0400689286012093,-0.044433761301377994,0.20358113138961964,-0.22003963724529985,0.23255813953488372,0.06976744186046512,43
flowtrend_72-168,flowtrend,"[72, 168]",aggressive,train,-0.9100643603863959,-0.6996128027494355,0.5070281918761081,-2.1193519884609424,-0.9220186656246965,0.8856075550365478,-0.08959998781434468,-0.06637175643554982,0.05863894194724151,-0.3172742466137416,0.125,0.0,24
flowtrend_72-168,flowtrend,"[72, 168]",aggressive,test,-0.6189642214582233,-0.45684179373091494,0.5717301376209442,-0.7832581097743195,-0.7096369942819473,0.9589748887286905,-0.03619091567772731,-0.083228130254701,0.3533061700710938,-0.278213667227051,0.3157894736842105,0.15789473684210525,19
flowtrend_72-168,flowtrend,"[72, 168]",aggressive,full,-0.9657313035411778,-0.6099140945323602,0.5365344375547757,-1.4874871779289622,-0.9722665388438427,0.920707044314417,-0.06600063035863003,-0.0702577001623702,0.3533061700710938,-0.3172742466137416,0.20930232558139536,0.06976744186046512,43
flowtrend_72-336,flowtrend,"[72, 336]",base,train,-0.6102608602661739,-0.37530659731927507,0.2909214888365136,-1.4722060899657472,-0.6313853232671334,0.9156256859291921,-0.036457298035085094,-0.035285157988326654,0.05766448935582935,-0.1779369506779641,0.25,0.0,24
flowtrend_72-336,flowtrend,"[72, 336]",base,test,-0.39050296700797904,-0.2688999178263036,0.31427636295198585,-0.8398558170836347,-0.5067749780890294,0.9557153296410859,-0.021297096204633943,-0.05441232537776031,0.2216874800356592,-0.13606760369089943,0.3684210526315789,0.10526315789473684,19
flowtrend_72-336,flowtrend,"[72, 336]",base,full,-0.7624551506913734,-0.3304229281008718,0.30144355800118594,-1.1803092559953756,-0.7908104737731946,0.934909025740215,-0.029758604203025285,-0.0441079664148073,0.2216874800356592,-0.1779369506779641,0.3023255813953488,0.046511627906976744,43
flowtrend_72-336,flowtrend,"[72, 336]",aggressive,train,-0.8100508003584364,-0.5636729457796725,0.4720812290779109,-1.5210822951856016,-0.8280119924006235,0.9114628901374802,-0.06256029393338823,-0.054209829458794156,0.08128545515857821,-0.2556981705414414,0.20833333333333334,0.0,24
flowtrend_72-336,flowtrend,"[72, 336]",aggressive,test,-0.5936403426567969,-0.4342771118448502,0.5560605379216192,-0.7482083769401099,-0.7107557905754016,0.9597995498820412,-0.03274707683085323,-0.08231986342778141,0.38602887713419354,-0.26522143896651673,0.3157894736842105,0.21052631578947367,19
flowtrend_72-336,flowtrend,"[72, 336]",aggressive,full,-0.9228123083210382,-0.5107080473476291,0.5108258738339215,-1.1448941403804025,-0.9374455413555898,0.9357182573206551,-0.049387011957849496,-0.061319431490533316,0.38602887713419354,-0.26522143896651673,0.2558139534883721,0.09302325581395349,43
