time,ema_24-168|base,ema_24-168|aggressive,ema_24-336|base,ema_24-336|aggressive,ema_24-504|base,ema_24-504|aggressive,ema_48-168|base,ema_48-168|aggressive,ema_48-336|base,ema_48-336|aggressive,ema_48-504|base,ema_48-504|aggressive,ema_72-168|base,ema_72-168|aggressive,ema_72-336|base,ema_72-336|aggressive,ema_72-504|base,ema_72-504|aggressive,tsmom_72|base,tsmom_72|aggressive,donchian_72|base,donchian_72|aggressive,tsmom_168|base,tsmom_168|aggressive,donchian_168|base,donchian_168|aggressive,tsmom_336|base,tsmom_336|aggressive,donchian_336|base,donchian_336|aggressive,tsmom_720|base,tsmom_720|aggressive,donchian_720|base,donchian_720|aggressive,xsmom_72-8|base,xsmom_72-8|aggressive,xsmom_72-24|base,xsmom_72-24|aggressive,xsmom_168-8|base,xsmom_168-8|aggressive,xsmom_168-24|base,xsmom_168-24|aggressive,xsmom_336-8|base,xsmom_336-8|aggressive,xsmom_336-24|base,xsmom_336-24|aggressive,flowtrend_24-168|base,flowtrend_24-168|aggressive,flowtrend_24-336|base,flowtrend_24-336|aggressive,flowtrend_72-168|base,flowtrend_72-168|aggressive,flowtrend_72-336|base,flowtrend_72-336|aggressive,ensemble|base,ensemble|aggressive
2023-01-31 00:00:00+00:00,0.1411164664140956,0.28520443725009614,0.03779792280512351,0.06037230258800297,-0.016648327319116585,-0.02761870323210358,0.18236811603278746,0.37933836445279834,0.037946586525164694,0.06059274108022872,-0.016648327319116585,-0.02761870323210358,0.2189596711917956,0.4650768032098316,0.04826694451731517,0.08179928362179911,-0.016648327319116585,-0.02761870323210358,0.02908319861415798,0.04804252448625834,0.045685218141438444,0.08141609630120894,0.1459995633339326,0.29678956756995256,0.24758778743584586,0.5298932405539238,0.036662095310137754,0.057009286952594884,0.017965046891614822,0.005927959186104559,0.02238155653623597,0.0331111108035862,0.0,0.0,-0.10587331641664277,-0.20592414383939628,-0.1031991768029723,-0.20128909488114277,0.06007510679015926,0.11440279077158633,0.07948987111855366,0.1555499357540855,-0.027436746177267435,-0.07885186662602806,-0.033248675535533456,-0.0904168686471225,-0.08214076197482889,-0.12248099975228766,0.0028407802783083635,0.004087831803863073,-0.12598743356111708,-0.18411638850692957,-0.021245371020525483,-0.031756329169037256,0.02657830415499185,0.026719846825089988
2023-02-28 00:00:00+00:00,-0.01044577368962285,-0.028235308906185974,-0.08710930952562723,-0.17281720767076714,-0.1012599328764121,-0.20070891449572947,-0.023889140043199086,-0.054240981993621484,-0.07082865849942022,-0.14335295927558311,-0.13466761572151864,-0.25917996921793696,-0.08883206425886736,-0.1755454734657479,-0.07778740486462632,-0.155814464925648,-0.1582169439241593,-0.29877643628483286,-0.0929283655806813,-0.1834355718477345,-0.0412874890731082,-0.08825679187193125,-0.09279068563541926,-0.18321095821812616,-0.05808784040689341,-0.11879836091481288,-0.12080776597072607,-0.2313778805140958,-0.1214117509480519,-0.23441153728941655,-0.10336042672696444,-0.2247102801615367,-0.3278752474186847,-0.47514128317115845,-0.06144934989248918,-0.12447475983444656,-0.000556396564271755,-0.007134798786207264,-0.09159849529236397,-0.1808558160571232,0.03386373531245335,0.060991793268039274,-0.10350353438018867,-0.20190917863019076,-0.08310949433830694,-0.1646388406753455,0.031168365959350464,0.04396841215480585,0.03963137098670022,0.05767738013539381,-0.06524787433490742,-0.09772055033970495,-0.0767121823154917,-0.11407332747741128,-0.0417179614860973,-0.07939932682730466
2023-03-31 00:00:00+00:00,0.036840263944065255,0.06162416437443885,0.04302368155568326,0.07356384115500969,-0.03729258550106396,-0.0856999045041037,0.03685171943784127,0.06140343009548288,-0.021246921107043626,-0.05422138277623623,-0.010286040565975263,-0.03337371761096619,0.01583615808500327,0.018671579208001665,-0.02973152780965982,-0.07110670902849614,0.012818278619652013,0.011671159748699811,0.013656565930752596,0.015093229160050292,0.07648756107704546,0.145105932997444,0.03212440011629525,0.05162097445255176,0.05684189857772681,0.10248140923839633,-0.0026797514749248297,-0.022644960773650302,-0.020369257322285228,-0.05565408422017648,3.175240068276075e-05,-0.012721033013037175,-0.13826139851444708,-0.27124267576455874,0.18612318204946843,0.38330220465814957,0.10535865486742346,0.20316380942800527,0.11071828081795809,0.2153036261552992,0.028508676448842918,0.04099646534932333,-0.02045288609607432,-0.056314787356055995,-0.09341827826770843,-0.1927596223002549,-0.034236776554933845,-0.05556393395849957,-0.0027573863656448205,-0.00819406668502709,-0.0013318496648807576,-0.002460856175035109,-0.008622013625874891,-0.013393699438040363,-0.0011515473994561098,0.11106490082682674
2023-04-30 00:00:00+00:00,-0.10494124789855308,-0.20615445734744298,-0.02245208214804928,-0.05200197403045559,-0.06854062226807311,-0.13916942611561556,-0.09562295739196802,-0.1889286717966301,-0.06746496962447923,-0.13887461549600322,-0.09514189500495618,-0.1891278775649341,-0.061554528965961364,-0.12798745067190997,-0.08554057071038812,-0.17195264087695683,-0.08407088372223581,-0.16911891956484337,-0.08934531868403917,-0.18115523312815363,-0.024238980873975025,-0.05893890127205603,-0.1006661517689077,-0.19808749954625915,-0.035010878723662486,-0.0765669260484293,-0.11698394509226173,-0.225013914878737,-0.04092035228153568,-0.08707250356900431,-0.0260957516032011,-0.06338036707680939,-0.03643612739139779,-0.08621185870533288,-0.03287384394716508,-0.06942347045597941,0.004963787622673355,0.004592874188732443,-0.10038411231273392,-0.19576532101166844,-0.14489208201208237,-0.27311882590303604,-0.07481397287485447,-0.1494256078537899,-0.06006429045702388,-0.12178137571185543,-0.09256775110063409,-0.14208651382852955,-0.010593602975347838,-0.020820648159309618,-0.044433761301377994,-0.06864999875678823,0.03655723981492143,0.05265118450994288,-0.05728585934107999,-0.12295308487456802
2023-05-31 00:00:00+00:00,-0.1045298392683307,-0.20320901073989062,-0.04269218628605698,-0.08954304418334902,-0.061561619309397186,-0.12535393502579883,-0.09123442508159019,-0.1794851399399846,-0.037421822315464204,-0.07879154266361643,-0.0566807461784532,-0.11540858806798038,-0.07734141917552673,-0.15354071008979908,-0.06327905469564465,-0.12755541056346853,-0.02850042031108102,-0.06151673579846506,-0.06147695868164349,-0.12446987962274692,-0.03884845915171398,-0.08163158852331343,-0.11201909997265047,-0.21617639305753178,-0.07750649970994772,-0.14991969440755915,-0.09011507108480943,-0.17810560406449838,-0.032442518916161456,-0.06928949047252553,-0.07694950523651134,-0.15251288091096993,-0.07344777649977519,-0.14584638188407917,-0.059667806957752534,-0.1241443731866938,-0.09321955879410049,-0.181697530091382,-0.07704924346027697,-0.15636489941983922,-0.02942233353865109,-0.06691630085826383,-0.013233327217134883,-0.047864192279625684,-0.07491988740706623,-0.1575296945501944,-0.029246398293007236,-0.062306168040371146,-0.054774498900393875,-0.09510824082622127,-0.04291737797183992,-0.06409351411431141,-0.048609438343044875,-0.07242575486759217,-0.06094549310701958,-0.11083376569729486
2023-06-30 00:00:00+00:00,0.06355270345249342,0.1122384932499898,0.050645292111149987,0.08675017580454636,0.07408715496290808,0.13937768949913698,0.07178417279092275,0.12923908402452877,0.07746905163739948,0.14586451189987026,0.07368982295049409,0.13824585130199907,0.09109850063677416,0.1701578360128897,0.06313330044282028,0.11575701699088081,0.03479153602527396,0.05720541598031037,-0.056468853558181986,-0.12554882686176416,0.010942169755067122,0.005243213405994984,0.05458543432913365,0.0917146512557232,-0.03117783103543248,-0.07710947306054627,-0.027652660714635124,-0.07266378877941837,0.007562066742365925,0.001443008829255188,0.05519431463002644,0.09752557793093941,0.05073594281980398,0.09225551287551159,0.08383141856159027,0.15688121741786554,0.09133265664815005,0.17380490029585505,0.19072006015096044,0.39927134016146937,0.10305705867880599,0.2002108745092932,0.1886831108773055,0.39236288535146824,0.22883815711294786,0.4592698622226006,-0.06305429225322678,-0.097476746217109,-0.07156472192307406,-0.10823440280669416,0.02664133187724893,0.03859823044368649,0.05478048170405314,0.08128545515857821,0.06012054900208308,0.017371980244721863
2023-07-31 00:00:00+00:00,0.007173284472175689,0.004551945233485233,-0.040202783761838834,-0.08773101491694069,-0.01212820091330058,-0.03593684926732843,0.02292482624419301,0.036706072370548126,-0.042227191280283294,-0.09352134840867354,-0.024134588348005526,-0.05906518158843632,-0.006729816704132419,-0.021806371860032092,-0.051393853908506815,-0.1109603296792141,0.006502040929079689,0.001075070964673408,0.048566782215404114,0.08912389658301101,0.0893054147094896,0.17152690397172843,-0.0026679401386886514,-0.0163965633803852,-0.017298975460354082,-0.04459293683629362,0.045539589933437874,0.08282810120931394,-0.011322485520618875,-0.03451820255613236,0.019399517262495225,0.023902407045269136,-0.0347665174235251,-0.08390426445683508,0.19095023482369133,0.394443213387937,0.051093031727599714,0.09317344866790744,0.2095568354387598,0.43671054990700076,0.13512680722504866,0.27173605595906114,0.20601571058205237,0.43298459808216117,0.20740611972282785,0.43610839654517597,-0.16208082400015855,-0.23431498276653573,-0.2253181641443912,-0.33617083496660616,-0.022625648014049204,-0.034738590692344085,-0.0441079664148073,-0.06608335242010155,0.03171689753742912,0.08103636777129464
2023-08-31 00:00:00+00:00,0.09405830607748933,0.1749994955648715,0.11209677516646632,0.16980477699610397,0.15981641242174205,0.24239612966275592,0.08097971211818633,0.14441357590693005,0.146821011332819,0.22241937201039175,0.1718425146491671,0.25739955725231756,0.12186404088735192,0.21525290977152856,0.16365912428405927,0.24972580921668297,0.15828799722510678,0.21956429957394774,-0.007487145943432583,-0.03320602387332372,0.059269014884951954,0.09487346345125025,0.1020502056681254,0.19186229093080942,0.11092307400957635,0.21044330197629146,0.1128384212684852,0.20956879694293185,0.04900958209464079,0.058310745316608514,0.19867706568632792,0.37836001221576643,0.05061022659092984,0.08565039064920632,-0.09469656522421721,-0.18794788850713173,-0.07204500481023823,-0.14774861715125354,0.01945916825395999,0.030159971791741347,0.035990791433649694,0.0638867110549115,0.01730244735608477,0.027008467593338192,0.030680040986116097,0.05383600871586869,-0.06908994136932156,-0.10738008882389516,-0.06003943913380161,-0.10326898808905705,0.04677191726683749,0.05863894194724151,0.05766448935582935,0.0776377322792774,0.05902911939211841,-0.02042127325943255
2023-09-30 00:00:00+00:00,-0.007159906191652299,-0.019635229956425637,-0.03091226923676471,-0.0651981940221753,-0.029975979846925682,-0.06338767593350347,-0.010508901445550722,-0.026405846513434805,-0.04540119461675651,-0.09318062213984957,-0.07681587411027113,-0.15131922876192638,-0.013357064612907976,-0.03226715636968758,-0.0415494591916844,-0.08585231946651173,-0.0702550302657946,-0.13916631235060983,-0.10101359894241535,-0.19662323553254235,0.0077388516625156445,0.009868258793850115,-0.10453752815053519,-0.2029437143812678,-0.08858329191917858,-0.173133031607559,-0.08186320352433674,-0.16040418380805566,-0.0014285535359612744,-0.008250424516643928,-0.09397834572536568,-0.18218696923888256,-0.04221224838493187,-0.08793774883874073,-0.11360980073485172,-0.20956958724645125,-0.11395722818761478,-0.21044352773470265,-0.06401737694533438,-0.1234619864838653,-0.01852259492939623,-0.034068682798497285,-0.07536470513430005,-0.1446445704415591,-0.04975920347593876,-0.10206053672079185,-0.1509748131504357,-0.2189170939215752,-0.14662776668224087,-0.21232198941212566,-0.050449636799132835,-0.08098057443125539,-0.04955718791195751,-0.07870126481146333,-0.060001122844314025,-0.13020536192673327
2023-10-31 00:00:00+00:00,0.24437751466625213,0.5216239841316654,0.24509962999440926,0.52356632624433,0.2262074707366235,0.4788963986741097,0.2537344953214882,0.54545573078035,0.23382542176435073,0.49711952008618354,0.23147408519719948,0.4912926431688709,0.2242892938765435,0.4742974083744609,0.19431047605962393,0.4029954719480189,0.23214886005530255,0.4930190795379428,0.18313561424316194,0.3751095938994571,0.16047084625132202,0.32372089964039086,0.29732828285839874,0.6531016856745806,0.24551643883924856,0.5243690708319906,0.05917581361956503,0.10370476318781541,0.21450775168593728,0.45266696668619244,0.2507931617243475,0.5180156412760424,0.20637845447459635,0.43450717675249795,0.1392059741385363,0.2641445998581422,0.0785749705990102,0.1462644838155267,0.25477502819657105,0.5477357323187093,0.2326248023507056,0.4982070270848664,0.21635001160284295,0.4371449218659571,0.2590851642643235,0.54334592668005,0.029758612312210442,0.043262859616330696,0.02534994910356758,0.036751423902692926,-0.048175449061372166,-0.07184752879998879,-0.0330177110801807,-0.04954229930805232,0.1900982303583545,0.3117836708058275
2023-11-30 00:00:00+00:00,-0.007998776479580472,-0.024816810017262325,0.08632680307699037,0.16822461594917182,0.13908159780204676,0.2834320875967795,0.023687269750187978,0.03856481308016302,0.10481154733327114,0.20798043644365194,0.12517875758635633,0.2521525507007465,-0.003021235626531893,-0.015149701388681658,0.1390292368682562,0.2837341471010806,0.1329065402142504,0.2690381490708196,-0.14202944769571213,-0.27042003168425033,-0.04386829662585923,-0.09467469730845901,-0.017421135610643956,-0.04264599458548868,0.04253474159159065,0.07725332316831612,0.1039524395567697,0.2058189246982749,0.12485981736998242,0.2513650554756859,0.12852821480089682,0.2572266168743591,0.14051230825726124,0.28202196331869933,-0.013345121629644852,-0.04120442230866794,-0.12236063352643256,-0.24075820253533753,-0.004633207093542535,-0.02505621215917031,-0.04139088570833216,-0.0952818495808554,0.07186897701474693,0.1333134540194294,0.11678021950160722,0.2305849528780164,-0.22567622194653691,-0.3259694576580029,-0.09923813121582847,-0.14682560779737286,-0.14609631412330226,-0.213544389091892,-0.06495785386931052,-0.09751346614932732,-0.006003836391207051,-0.1425387035355703
2023-12-31 00:00:00+00:00,0.018364612842998174,0.024562951063271665,0.06422009791165872,0.11983307956807132,0.11810192228828664,0.23543202178659994,0.04055587830456364,0.06930570477064002,0.10278056826153037,0.20253614412070764,0.12713433759386272,0.2552525687800289,0.11680475239166666,0.2324764898315581,0.12090838392364112,0.24179848981760266,0.15379837252561912,0.31526674891434237,0.052364430234804304,0.09565160300149866,-0.021737099488087552,-0.053676827444447905,0.06674455722118111,0.1241787642433756,0.11359896933500058,0.2249448824572171,0.07330468125518586,0.13897770206558735,0.1137427049466726,0.22641757031041343,0.10354909053396466,0.20485644249796398,0.16616648655673294,0.3454245540409562,0.1615646234176189,0.3319041174104691,0.10350558350765304,0.20222726461468832,0.19031367555001277,0.39747160763098477,0.12080222136874585,0.23864201874992408,0.18976497893945066,0.3936024692916724,0.21197482228997244,0.4458558121312066,-0.1880511184680922,-0.28326807302245416,-0.2090346327120065,-0.29768892028384997,-0.17829630478966652,-0.25661131123827574,-0.1779369506779641,-0.2556981705414414,0.023479689394827252,0.020427807927457575
2024-01-31 00:00:00+00:00,-0.1379369873456826,-0.26418365202350624,-0.11681489200056572,-0.22739060800221822,-0.1059631431392336,-0.20711808099937168,-0.11009456491095204,-0.21565165157849675,-0.12772327816026363,-0.24564620247161884,-0.07787573811678206,-0.15617353969086534,-0.14802160912066942,-0.28117577461603627,-0.14327869932934656,-0.2716525787496368,-0.10382359943708264,-0.20262101737784044,-0.0984154480091447,-0.19604387617568164,-0.05911910457084024,-0.12443772446905765,-0.07182005175440442,-0.14664653929952165,-0.10270639346987143,-0.20204805926284364,-0.13800510440734648,-0.26232636753727767,-0.13238108798822446,-0.2533880445798483,-0.07297259613700291,-0.1466684127386515,-0.04754975186604593,-0.09807481338156221,-0.02171184696218753,-0.049018669772517565,0.04264916589125023,0.08017334178441016,-0.040315303464806496,-0.08484837163809067,-0.04320105255308149,-0.08987061686337261,-0.10623090704174787,-0.20549602393875055,-0.097811392496158,-0.19026161367331496,-0.11653801507223638,-0.20790282370741264,-0.08137998707492267,-0.12242272176006652,-0.00025035271389084457,-0.015416878892066221,0.02132778684505965,0.03166799431168621,-0.08876635207702532,-0.15288544480330502
2024-02-29 00:00:00+00:00,0.2392571253170115,0.5180382353551585,0.25702718215422027,0.559549750790802,0.2064700396664001,0.43517380068961065,0.19845162752309364,0.4193176744811573,0.21589244384485018,0.4577947018118276,0.21199045557624752,0.4476837739308053,0.22932598154523642,0.4927943054398498,0.216785242875827,0.4594212261682793,0.277761814904695,0.6078670746102557,0.03572572200331381,0.06067526906669074,0.1662621602509946,0.34513167154470636,0.20779954098851805,0.4423446430197444,0.24427980051019005,0.5297639819341944,0.2075123328920221,0.4373503052318255,0.20597536230359137,0.4356266984202424,0.1319534747384994,0.2571539531943885,0.17195845408625332,0.33488490605253607,0.013788941215492345,0.01901442138068532,-0.051801200783015644,-0.10902133995743624,-0.019381261566063346,-0.04861423075051208,-0.09770367754919951,-0.19515520796909336,-0.058550755353515616,-0.12355902183391021,-0.005462972757764528,-0.022296830851772365,-0.07596482235038549,-0.12905562604070364,-0.07102724311037667,-0.11627373799377261,-0.04808046344706185,-0.08210485241333587,-0.0695007357774815,-0.110382069428133,0.08123638498925367,0.1331009387854618
2024-03-31 00:00:00+00:00,0.05088580262401199,0.08848124489997966,0.10503748352831432,0.20373848215271817,0.088382140175151,0.16707381959633216,0.08331072038963683,0.15688612867151264,0.134124730279914,0.2679661352797875,0.11690531919711078,0.2288040998884424,0.09510374420550138,0.18207833797868545,0.1254492679065362,0.2486312502434096,0.12326544566133757,0.24284527726943983,0.007747605022035975,0.002751600662286524,-0.056033010475145306,-0.1216919997159942,-0.001720090860169221,-0.017300796438294852,0.08534921928305006,0.16206507603211073,0.08546956716473675,0.16130738908553854,0.1102274432068362,0.21307156102073077,0.15527745449726416,0.31097820972680346,0.16690234382028546,0.3385472900184243,-0.07653106351989514,-0.16185536852958005,-0.04739375199270013,-0.1078407130609802,-0.06413061690929844,-0.13798293573733844,0.0009836573937547222,-0.013323280726212916,-0.05299011839084444,-0.11685615543563577,-0.028501212257602826,-0.07078921997066456,-0.19203764918048216,-0.3187365102336678,-0.16550683398391997,-0.25784274882999947,-0.16561688606889935,-0.25835629216841727,-0.15361802784734768,-0.22361716644392637,-0.00917759381725236,-0.08820576470792307
2024-04-30 00:00:00+00:00,0.02823971810377235,0.04294543273377949,-0.0911970110585868,-0.18514687261724738,-0.08856220478652654,-0.17947951160910303,-0.05638699103196787,-0.12142242373270418,-0.11188437916063354,-0.22166774327930128,-0.04452389779438348,-0.09726971390313244,-0.09030353347500508,-0.18288765038838506,-0.1326144603645435,-0.25718644305401406,-0.08464157993735888,-0.17125107254699146,0.06950358226919229,0.12966296269367494,0.03494010631438038,0.05818658047466396,-0.07492356873859751,-0.1565643874220093,-0.08105368016398429,-0.16762919296469214,-0.052842465281634166,-0.11577299243708983,-0.046180770650036895,-0.10230433514106974,-0.010364787145526022,-0.02858042402429517,-0.05260216326663325,-0.1079917717853629,-0.09476794727905158,-0.18725295937552866,-0.040905470938176425,-0.08663985605184965,-0.06988237310727319,-0.14197480405755936,-0.03685159714516062,-0.08057579427611894,0.10910251197014298,0.21886965183928742,0.09095323689269419,0.17915552075042296,-0.14502985154345138,-0.2779108732966459,-0.16085524563505915,-0.3063431860344884,-0.009240281248359739,-0.028371432337943925,-0.017380745718654556,-0.034182623055080574,-0.01892604134027498,-0.08677210837144167
2024-05-31 00:00:00+00:00,-0.061018304625137465,-0.12294187369850063,-0.06769050149183997,-0.1365303554567081,-0.07366208068204827,-0.14800845377292193,-0.03615135677742176,-0.07662378439055728,-0.057006901630524576,-0.11711965858398399,-0.06247672156676143,-0.12739330704666874,-0.011189772263267672,-0.028592146784726213,-0.0632584813130258,-0.12924990561040728,-0.0859461495302114,-0.17076546696286987,-0.05487846422670273,-0.11180536235315086,-0.006951892714550212,-0.019247191488998228,-0.05756618498049659,-0.11689151096376282,-0.03906804439273959,-0.08194790525573137,-0.011776462195386417,-0.030984618971251376,-0.03647741975491192,-0.07781262074622275,-0.050292387204518674,-0.1032371073136028,-0.06320447207290214,-0.12798759768247214,0.04044692623242363,0.07345310419120521,0.023783484254140674,0.03840397143526597,0.01989427233061236,0.030696074613095314,-0.08964534728197238,-0.17898939056902707,0.025537561681616472,0.0439378541600739,-0.04955534732243183,-0.10342246790554566,-0.15660669176467656,-0.23007672695436365,-0.127531113127621,-0.18781043358406269,-0.10164637905450047,-0.15131382923516556,-0.08845260321741877,-0.13316768950850078,-0.05978398267777474,-0.07357916741323933
2024-06-30 00:00:00+00:00,0.030680253242935107,0.05005053133291626,-0.005861556824258818,-0.02311597434463819,-0.02981675532904382,-0.06962803275701435,0.040670402034872044,0.07081063069457572,-0.016415468867241212,-0.04363476091052598,-0.01401586881773964,-0.03966835923274603,0.005682065669704084,-4.233398293185253e-05,-0.007368679640385234,-0.0258672272730871,-0.0009026236666053178,-0.013896961649853212,-0.04114753467616017,-0.09008165844578886,0.018945689322575232,0.02703474702156705,-0.04091082623807363,-0.08955931103673564,0.005761786774987732,0.00033913757294712354,-0.04190208137072782,-0.09248046241614238,0.015121161773807845,0.02003798608879892,-0.09077218442177981,-0.1826211581784718,-0.06904817256932427,-0.1432509605481005,0.09198844078641688,0.17947887911788185,0.01951644714212808,0.028483555884138756,0.12317860971958128,0.24875089330909606,0.04229677370551643,0.07561328582664717,-0.11691438029169876,-0.22941404972603152,-0.05227015484157982,-0.11247482905372441,-0.09630487956599931,-0.16514425691176515,-0.10708747489193626,-0.17092504500909134,-0.005513105890373904,-0.0169015334931506,-0.010916614644788214,-0.020682759105637882,-0.03462841300207642,0.004334783953640509
2024-07-31 00:00:00+00:00,0.07912084258322705,0.1487271978636333,0.07285499431668607,0.1362835226988146,0.06481492976876169,0.11944371036072043,0.048993638447994314,0.08607949279463112,0.08963348291866269,0.17249948855746977,0.043513677512522886,0.0759343369730281,0.0556723917828994,0.0999443086317564,0.05723413488008311,0.10420621002268171,0.021738376982672447,0.03134007342861955,0.09605297369738852,0.18538385880665298,0.12397272475265875,0.24707407721542451,0.046898425808779454,0.08080104137923128,0.06933220616296665,0.12809343105762316,0.028694564495878705,0.04470743362190932,-0.033620709284629124,-0.07925537470665656,0.03275470616019471,0.05197739206321672,0.023399238496993213,0.030038751126304275,-0.03969930330676308,-0.09120428459483276,-0.04452991833088715,-0.1007792459247715,-0.1169649990747963,-0.231428708887508,-0.07999627083512773,-0.16550777148160445,0.0345300473060004,0.05547679264065031,0.04038444644759087,0.06745222977098653,0.028151399067235294,0.04089443334617404,0.052330881016197095,0.09093873145841358,-0.015015023511668613,-0.05008835249834387,0.02714395878162912,0.00821929204738625,0.05742312550837014,0.09826220371832828
2024-08-31 00:00:00+00:00,0.0390220345087291,0.06515605196616336,-0.015023671528902494,-0.042833865870162136,-3.7470820009821715e-05,-0.013118916427651728,0.004645040587407001,-0.004155379776284662,-0.019166033257176363,-0.050507822970911165,-0.0037636977750811207,-0.02026048289238047,-0.019490274237469407,-0.05103237400212468,-0.00441515239450907,-0.021790965915456706,-0.02696416992359929,-0.06519245504823579,0.12412381599419753,0.24482647816824454,0.12802118540731633,0.2528393721265636,-0.003325857942636512,-0.020643705710428173,0.04747944480832822,0.08260022254926924,-0.0040871315809500874,-0.022755546148551797,-0.054338211855111784,-0.11707630360998156,-0.1511217245080414,-0.2878122127998618,-0.13373502390946268,-0.25705898737276134,0.012910760927882015,0.018881632008770355,-0.03565172016931917,-0.07683220752876463,-0.0875238995721428,-0.17348014523077937,-0.12026784629165288,-0.23196735435240212,-0.11499547970330959,-0.22190999299623815,-0.06005083510258946,-0.12249032134048787,0.08557917152948091,0.08347893248967497,0.08261325514025297,0.05753257545122126,0.08007004043632926,0.0392480498553851,0.05582562877244612,-0.010413685777471593,-0.0005986434080157421,0.12336069192338317
2024-09-30 00:00:00+00:00,0.0099186387065755,0.011898661649476283,0.009903104359289427,0.012169990719014034,0.025926392252389574,0.04443422548445075,0.044672802669049716,0.08244251201283448,0.01566396387581581,0.023227260183934284,0.002216858729858995,-0.0034961295824760263,0.05112191483937223,0.09546162013137605,0.007763619298425173,0.00751057967696811,0.0003669259535850067,-0.007269969339424809,-0.031824614359530434,-0.06884131030549234,0.02304767661211571,0.03864536867323487,-0.01775622549529099,-0.04252561301466906,-0.007504140128437697,-0.023183769621271777,-0.024599204486600024,-0.05666130327300756,0.011136337619089609,0.014288964552517713,-0.2145617452970765,-0.38728204144157785,-0.15286560699492235,-0.2893898257818084,-0.14857132671962825,-0.28055833775671024,-0.10505330221897469,-0.20443112064009306,-0.16554802326150053,-0.311792686728659,-0.16626804666877015,-0.29519601422931063,-0.257514747457788,-0.4326867252011347,-0.2129458180138467,-0.360675670959568,-0.07395311450769182,-0.14642467850207574,-0.06195449580672485,-0.12539682653980588,-0.0233146530095818,-0.04121568437031353,-0.009637559487982506,-0.01886317593291964,-0.09160067162204644,-0.07748629396088058
2024-10-31 00:00:00+00:00,0.010317702439343046,0.011438523752928198,-0.05318996876681081,-0.11050931563742272,-0.06970019128997285,-0.14083568290406268,-0.020969252600190003,-0.04991914566908362,-0.10329498888995992,-0.20213775399322798,-0.08162376132331961,-0.1627839908059876,-0.02887613245767795,-0.06509570454872737,-0.10176320233194514,-0.1995933070001511,-0.09708846630162304,-0.1906764506513472,-0.018862894037580347,-0.04689116543743177,0.004505301449093668,-0.00018448330430109738,-0.09536477708806179,-0.18907825762368935,-0.04223372442689255,-0.0913637646039015,-0.17222582464419522,-0.3203916318910721,-0.13180707380182222,-0.25309772449259693,-0.012826563949376535,-0.034798985321478404,0.0030643938448620123,-0.0043342760812152825,0.06536600092019529,0.12520334325748061,-0.05304093507848284,-0.11106187973388171,-0.07097727124005793,-0.14461495529178592,-0.06458071702931212,-0.13358698300584204,-0.04758545667488989,-0.10119187506958327,-0.007132939408695194,-0.024029795970255563,-0.08483284873945429,-0.1377731859839454,-0.08609735909141025,-0.13620568965591784,-0.018874195278676953,-0.03269938718185905,-0.03755260489647261,-0.058877359609535995,-0.02198958823625119,-0.018659588873340627
2024-11-30 00:00:00+00:00,0.2934325714492574,0.6415329574578073,0.3094365506925827,0.6773294565686043,0.4072547728335767,0.9345121630353252,0.23351431550077395,0.4919977443678316,0.3186186748212392,0.7006516887200416,0.32434195477019623,0.713054639037785,0.2402914010917605,0.5080789095371712,0.33146065130349434,0.7343910760261194,0.3327562879805188,0.7345719871338607,0.2145616720850516,0.449624130112247,0.31452303283102956,0.6992874163684399,0.21884676735908903,0.4573068921935961,0.22636733007098897,0.4754690250720113,0.3936379388026596,0.9016986782276832,0.28639064230835043,0.6221890208827097,0.4578120547585951,1.073890958966571,0.3668853033898001,0.8349868855149432,0.3920669715663274,0.8863628245117419,0.4651495804247838,1.0969575096024644,0.42619471482168825,0.9926344964077021,0.3403348784323659,0.7537243768836328,0.5222523971113213,1.259242749122068,0.4749915504183606,1.1211155360545861,-0.20909840094048981,-0.2991800107730537,-0.05476248019672214,-0.08279939909955181,-0.22003963724529985,-0.3172742466137416,-0.09013837331612262,-0.13408284573141394,0.23141545053572554,0.39295588570999507
2024-12-31 00:00:00+00:00,-0.049555170534744786,-0.10587180910850202,0.010022462287542666,0.010895846013800004,0.015820257109498526,0.02451586324716226,0.004419355310774531,-0.0013297312961020324,0.021378263928492736,0.03416203727980638,0.0037705944589307983,0.0004316215397375256,-0.041554070281700106,-0.09017434089899368,0.01894512210292576,0.03012650265166994,0.02134878972231191,0.03583844757511412,-0.16220704321075163,-0.30594309155568133,-0.11399684704007496,-0.22427235875697804,-0.07514269062173617,-0.15312015049444183,-0.028916444014451037,-0.06648789325670257,0.020169712982379906,0.03131843401170875,0.002878889245065741,-2.550600766892952e-05,-0.04123050193107358,-0.08711663147995541,1.7220033835307902e-05,-0.008480484315930514,-0.02697858405879472,-0.059241505830518904,-0.05460694634706442,-0.11255568845829789,0.09390158277032112,0.1884004865120381,0.0891000771234951,0.17788744447210925,0.07056497983770083,0.1383608045358724,0.07722452194084406,0.15223805177884686,-0.11239793028650724,-0.20746022328823444,-0.11153986144828487,-0.20618611473081105,-0.11949108180716128,-0.21837873843972277,-0.12631079795055544,-0.2294516739331015,-0.03593553787292558,-0.15942783435390273
2025-01-31 00:00:00+00:00,-0.05801873948518399,-0.12073470764159788,-0.11975815196763906,-0.2315117213530602,-0.06732652185899557,-0.13796189340876708,-0.11232771828371413,-0.21941428987343858,-0.12459487099353361,-0.23949951364798028,-0.06527148585442233,-0.13421268934917518,-0.12031948583822483,-0.2334898907714461,-0.08327277418592027,-0.16607894010320445,-0.03769093602418161,-0.08267006815176037,-0.06360798699854153,-0.1309664499882709,0.003933568253430497,-0.001108589056445286,-0.08411227961268974,-0.16980508505313874,-0.05750810146595864,-0.12130632668229102,-0.09077501604972149,-0.1791534878527612,-0.07962356155973105,-0.16139149432899325,-0.1085886820519768,-0.21613759597985094,-0.030736884832877398,-0.07072464186862448,0.06329777386881763,0.10982964168536169,0.016320973891232216,0.016453139893270574,0.007833113210084175,-0.00040452525545853213,-0.018645013264785404,-0.05104551503950727,0.023438768594362447,0.035035008833378845,0.007097385778843002,0.0031621659832010707,-0.2369201337865544,-0.4225991492735962,-0.22686866844369458,-0.41046818862883605,-0.1441645532428122,-0.278213667227051,-0.13606760369089943,-0.26522143896651673,-0.0911057723363431,-0.1453684442869797
2025-02-28 00:00:00+00:00,0.09400150945542318,0.18170599568747225,0.10770429598031539,0.20924613712971074,0.1032903565141623,0.1968786516322949,0.09520833792845096,0.1847212229905657,0.1047156093731274,0.2016808026641732,0.08994554201243954,0.16808767202097497,0.09729257519552248,0.18925189567525225,0.12637635624609556,0.24813355810473592,0.05167164844243288,0.08729899235878236,0.047009351360128404,0.08146911685501879,0.0744263911001064,0.13930551101165678,0.14899506978473842,0.30381236269537926,0.08565953178936048,0.16564909535112204,0.11103146866280733,0.21277391205516927,0.08876274860449751,0.1638041074292802,0.020641045868248664,0.026653565067771723,0.0022882987846013503,-0.010740259154557674,-0.024798974777032634,-0.05567275787644921,-0.06372980922264271,-0.12954792950904792,0.038023187261081004,0.06963710806446821,0.001071445705729035,-0.00532485786928194,-0.06040515259293744,-0.12616247643998946,-0.05752376530492742,-0.120645300109257,0.032701031113184564,0.04947188464709096,0.04084597342145768,0.06439863769301724,0.15430141970462596,0.30863105136831304,0.16011414941715696,0.3201118538263015,0.03318621901552121,0.08139001918415012
2025-03-31 00:00:00+00:00,-0.12996297820278224,-0.24919375941488808,-0.1095316143977012,-0.2132583027029259,-0.07564240745466233,-0.1523284715874319,-0.11705916884983225,-0.2267603600346071,-0.07237398419689212,-0.14632413399968625,-0.07043544600145035,-0.14279739874347408,-0.12798296540175258,-0.24599133190287437,-0.07702702007905993,-0.15492761035149594,-0.04666117821008031,-0.09878253539316195,-0.031023198124068063,-0.06889426395723441,-0.014760371251582916,-0.03716315807295212,-0.09390815676346265,-0.18554567981342107,-0.07046411200047609,-0.14243607667152713,-0.05072382306309264,-0.10627238355275181,-0.10709242052139623,-0.20823936922601682,-0.06960150859761238,-0.14300330987763876,-0.0010108478852868252,-0.01602745242871373,-0.1038792865562661,-0.2031062959842056,-0.013407319190711697,-0.03397068058107533,-0.13181683658589216,-0.25166283802166,-0.0390158546946231,-0.08339068659556959,-0.11134965793351093,-0.21641694035893766,-0.08959538619526586,-0.17760334788157406,0.010368711640611261,0.009996027322550782,0.029870134881562205,0.05227074244464802,0.017375835353003577,0.020913739332339976,0.01828716993934032,0.023560524676790928,-0.05517028327090545,-0.10380908027208102
2025-04-30 00:00:00+00:00,0.006098894321149739,0.000848368516026321,0.04304562128265821,0.07545585688884127,0.004831802177145628,-0.0015248494067526819,0.03508159838084168,0.059057987217233654,0.025706720258605653,0.04002132144687631,0.007861529949750201,0.0044681020819687944,0.035987597347310496,0.06074799982457946,0.014193403123186066,0.01682077015544703,0.007217614175155873,0.0034439340378722427,-0.129712935381045,-0.2507976157944696,-0.04034027022685527,-0.0897508127646125,-0.01065921658671154,-0.032402646733533214,0.028010250860214914,0.04302204294062961,0.032888491801723596,0.05416508353366045,0.006356924435715339,-0.0004325507853172317,-0.03622937889579214,-0.07944460530340491,-0.038313640878255284,-0.08441296094620587,-0.09261587968955964,-0.1838964136919532,-0.1107070870084309,-0.21698953632667073,0.024815116742051613,0.039813783665747726,-0.0034916805031973697,-0.0161464935714698,0.019822193261177068,0.029993280845082904,0.013762324795895786,0.017720669625014507,-0.02436628808113639,-0.057783742888376066,-0.0028807347933027527,-0.01448202644497798,-0.056016865181940934,-0.083228130254701,-0.04422136074056282,-0.061319431490533316,-0.009025765406109776,-0.10510740646756211
2025-05-31 00:00:00+00:00,0.0519356548921841,0.09611207689172852,0.06893340095505995,0.13009018301963948,0.12182021258662568,0.24329836897134216,0.043494368222378954,0.07939545600517017,0.09864732127760334,0.19406528811164825,0.11449450499261027,0.22692741470308575,0.028312699770462357,0.048210257703124704,0.10477561500033294,0.2068209745235261,0.09273308912905276,0.17927997691055753,0.01778650159731443,0.025797120407978102,-0.04816420884813921,-0.10230023437986846,-0.040040988290260815,-0.08682375928527375,0.027111440989613156,0.04546388256813638,0.0821226673868174,0.1584885027677101,0.07408053289307226,0.14001058615177686,0.1495062721511542,0.29865166021353007,0.06776443640939678,0.12434399423952347,0.041677224406797775,0.07342832298628199,-0.015355201932805818,-0.039329415138345314,0.049006495911789294,0.09056945192663268,0.0823639161897669,0.1604442138433324,-0.03963616772573908,-0.08786236189062258,-0.03531144184297208,-0.0795768166533789,-0.1077647878097906,-0.17184289281179843,0.046504985778340835,0.056536394839182824,-0.17544037389677913,-0.2541859789015095,-0.05441232537776031,-0.08231986342778141,8.207375150059981e-05,-0.017601054351271905
2025-06-30 00:00:00+00:00,-0.1406769478412344,-0.27035450069779077,-0.15195073740171172,-0.2885995696732211,-0.1519710142593691,-0.288808348567122,-0.19883830723291862,-0.3662528891498458,-0.18653134760053647,-0.3456752901012389,-0.11442514114830693,-0.2243950453233987,-0.16596323571288996,-0.31316273398681616,-0.15633322375069947,-0.2961368133995208,-0.09595724403218109,-0.19187822773902152,-0.10287812587844591,-0.20396030537194654,-0.09781560191021432,-0.19535917407791692,-0.10279771323795195,-0.20433227728006043,-0.15392887821679357,-0.291761522263453,-0.09537164586863667,-0.19070468126471496,-0.14507885426771805,-0.27784669101548043,-0.10209500889321688,-0.2010080489650009,-0.1136792520371952,-0.22081730250410925,-0.24993551840633033,-0.41901356285596625,-0.18154200947652788,-0.31947942846877886,-0.2269722768344432,-0.39626482028858345,-0.14605388339422687,-0.2505016017938989,-0.10968173489343891,-0.21517137166134936,-0.06930458509389381,-0.1388799960949042,-0.0743273868254577,-0.15387789231319404,-0.08529215628791909,-0.15769023242248192,-0.09232502056043868,-0.13887053070737987,-0.10682478653027627,-0.1576881420657883,-0.1076723439841929,-0.27023431981545687
2025-07-31 00:00:00+00:00,0.1284420474539134,0.2609251897826377,0.17527447708195387,0.36478875264775357,0.16786087469846822,0.3456090419929796,0.16252859891887428,0.3378680894623305,0.1821286339696,0.38012928204664753,0.1640398322805512,0.33662543715206117,0.20283179364525972,0.43154287358461274,0.18393720919930612,0.3844144265142857,0.17909980624148925,0.37144550932662734,0.011586836979157411,0.012909076469288738,0.08145159704355187,0.15837859591053705,0.16762751127829034,0.34979404584097806,0.21096675700465006,0.4501895610007356,0.23530510979096686,0.5058102848573358,0.17996528643262066,0.3742953575207266,0.133744655736457,0.26718504242231966,0.059246644924161096,0.1062497429223761,0.0388923257424596,0.06825107288011911,-0.03345372432199967,-0.07719919280885246,-0.02359992998065097,-0.05933309356146821,0.09796461445406379,0.19245022665808253,0.1365726781732277,0.2682868167546648,0.10982407719818998,0.20472650964274197,-0.1078250009637135,-0.17486335438012857,-0.10331077231021812,-0.1592352248349692,-0.04553223618765634,-0.0702577001623702,-0.07393401000612343,-0.10982535571045826,0.07475032037638396,0.07547579334429111
2025-08-31 00:00:00+00:00,-0.07104589577983556,-0.14602825966628363,-0.026319318374045886,-0.05819026563702279,-0.01302404508963273,-0.031181556816367362,-0.015788807102459446,-0.04073460309836774,-0.019011543996398594,-0.043569927079238235,-0.00033298706041506865,-0.006261795907573586,-0.03851419133337963,-0.08393712678309229,-0.03060122968883383,-0.06588233614532857,0.02623160207116193,0.04723206153434978,-0.0730509503189477,-0.14978015902407693,-0.04868625472799337,-0.10516466655898693,-0.08335529670903896,-0.16861818858311994,-0.06259157180100283,-0.13038719331430915,-0.09767700468580753,-0.19012781345578034,-0.03465608574441137,-0.07411857311755987,0.017163646529093857,0.027905236456232663,0.05058692642546658,0.09291876775300212,-0.050550275856154125,-0.10743587128569387,-0.02363025346564851,-0.05665840112481768,-0.029172780564531098,-0.06632754067359214,-0.06199648045617856,-0.12850469544971788,0.021029588023981027,0.03327460398816173,0.04906408349491853,0.09080386461576162,-0.08398051420040242,-0.18870355750213097,-0.14675989993845595,-0.24228091180107647,-0.04832110698301528,-0.13170761916660945,-0.09793486590876299,-0.18976222582269409,-0.014520345399535728,-0.11170664018873788
2025-09-30 00:00:00+00:00,0.04571558892034222,0.0840451067119139,0.035477704576398095,0.06077122527130063,-0.023172027967011788,-0.05061797638150167,0.03968496651436104,0.07172530112124398,0.0355814433336159,0.06089858425727113,0.0003954229403451137,-0.006048212822288845,0.01703845746754218,0.0251522042966299,0.06026031601444459,0.11673051816862778,-0.045096623141564485,-0.09664331394272041,-0.016096121407076835,-0.04105298018079462,0.04762224679804805,0.08725771829624684,0.05243663570202739,0.09791232642627068,-0.0065364125956863806,-0.021972830984142377,-0.07552995571697152,-0.15418512374761784,-0.04823512749689196,-0.103528970349831,-0.11236315397735186,-0.18559935042432885,-0.05448111323115168,-0.102699058767869,-0.008132117882869827,-0.0238748153214966,0.06986218587516735,0.13489353813285065,0.06504585148161302,0.12589825280023414,0.04734765658946882,0.09235534327931005,-0.009775557681273583,-0.022283327375968498,0.04548225533947381,0.08237211119024557,-0.03923319311537077,-0.07694382948746126,-0.04152114010711361,-0.06493771202576293,0.012482489812098985,0.010359356430117872,0.015181580491146152,0.020078086842547638,-0.003515585466852822,0.007689608434987338
2025-10-31 00:00:00+00:00,0.0549151640437493,0.09407086776860751,0.012718049802941778,0.007770199344602435,-0.00017994996975112532,-0.017504724265728133,0.0410563905857384,0.06482485104490565,0.008558850267660567,0.0001046228250343173,-0.08181087131023623,-0.17149020800663473,0.02120658742984194,0.02465726911781818,-0.06661976756348975,-0.14390032871574876,-0.10541157745929353,-0.21276610914259775,0.02061586813023042,0.02477020871268265,0.02640259849676352,0.036543840876581024,0.06897774847527871,0.12373341979843455,-0.0325865781628808,-0.07946197878120165,-0.16677786428561747,-0.3165671287583137,-0.15232924193755382,-0.29194424437317157,0.077941263942648,0.09973207770293357,0.11044902790266176,0.15226729204918565,-0.12368610000456126,-0.24201451854114875,-0.2097103844998368,-0.3856652342250114,-0.05509317669755753,-0.12429667099460473,-0.012799988037695775,-0.04303099140352973,0.05788190545040961,0.09291551712185964,0.060033042770845535,0.10329844004585076,0.05327587745498508,0.04262547934941141,0.008817712643103048,-0.055262047205017484,-0.034921614748210206,-0.11770151336001666,-0.07834633350605724,-0.17966777601176964,0.05597798192181602,-0.009993214582219467
2025-11-30 00:00:00+00:00,0.0814978084886846,0.1560566775586063,0.06632413628187583,0.12391287754736724,0.11051492535071428,0.2174150108887689,0.07244230665865481,0.13708378264028265,0.10954613686698189,0.21631837467197612,0.11464911705314229,0.2262590190539282,0.06432752373305184,0.11994994037946949,0.11714843931069652,0.23272365572719966,0.1499868564005673,0.3044383410087832,0.09122319716962046,0.17793374076515645,0.11493642125763404,0.22923101135720447,0.01912764739866124,0.026602849590265265,0.04654921087398067,0.0832127369137996,0.06814572568928812,0.12469040445897028,0.12839500381043956,0.25380752008904284,0.14567349998028511,0.29135764621438454,0.1658858419358371,0.3354805706268682,-0.05044225841885197,-0.10412100581622885,-0.07389210038013405,-0.14637571591108434,-0.038836947713588144,-0.08282653533926632,-0.01579063730867336,-0.03841250141371111,-0.21340027895089086,-0.3837516228802743,-0.10796885939444056,-0.2103429969119367,0.07356540974663694,0.14025710565202965,0.05768650330857383,0.10629650047880457,0.10604864662455782,0.21110693656369905,0.09850965247255195,0.19372033147619794,0.05782668230681165,0.11770463528351849
2025-12-31 00:00:00+00:00,-0.1927473940634079,-0.35234860507552535,-0.141043770530908,-0.2669177203641122,-0.04597180210022722,-0.09559641809273445,-0.1615498219238405,-0.3012099581718406,-0.0918905368102011,-0.18064062878363318,-0.02052226605667029,-0.04672699697265592,-0.16547712333904563,-0.3077274167205545,-0.07288041336500706,-0.14585266982297307,-0.004892878606619577,-0.015975427192702063,-0.20406082735992315,-0.3704419502746389,-0.10864942980435854,-0.21077574327764004,-0.14924334910956416,-0.28042745299137317,-0.10641869255034264,-0.20590796741979756,-0.07496325052167874,-0.14919682119085675,-0.06501594990716031,-0.1307899130744017,-0.011009643990033346,-0.02786828610683245,0.022469947084044373,0.038074341230484254,-0.24071251873841237,-0.37206282362887955,-0.08721045593680588,-0.14814687069635657,-0.11624745719400309,-0.18903198160182788,-0.05026235094211107,-0.08247073962674445,-0.1352715126308386,-0.22721761112625638,0.0006170726329390863,-0.00177911105307893,-0.1786175888093594,-0.2898616463217665,-0.15955819071310295,-0.2615527373314106,-0.03813944095167865,-0.06501179304618587,-0.03338645039054844,-0.05530513077393273,-0.09339244537202951,-0.30813302139156906
2026-01-31 00:00:00+00:00,0.2057062469379336,0.43326554959091945,0.18373286847890213,0.3821002858944793,0.16016428536593108,0.32837477323649966,0.21379501377917043,0.45228832052046863,0.18270506407151843,0.3793943213962476,0.11292009282469961,0.22225563695917128,0.20270846124051034,0.42587135312883184,0.15563550278373683,0.31699935868238205,0.05376335800208665,0.09535752443024115,0.1228235568131093,0.24324242172055444,0.1321384874156757,0.264864537234512,0.11938164477435631,0.2348953472871791,0.21405135442500067,0.45094431040491023,0.21226505588315892,0.44856196225084854,0.12006193909303153,0.23646583098203378,-0.15809402361735847,-0.2997520003312466,-0.12510803260597303,-0.2441702012502981,-0.032785301855171145,-0.06271516371665165,-0.016895987899078424,-0.045937940181792425,-0.024385998704521294,-0.0631208817335468,-0.05637573400471363,-0.11740208014041642,-0.06450222819571416,-0.11082838919915594,-0.05575440242660079,-0.09031636678343424,0.08079775251961707,0.1236322271085677,0.1302671935659312,0.19635733294322422,0.06330196502422614,0.09065093954254833,0.07108939575217832,0.10324525618286584,0.036701343956197174,0.19989807646445912
2026-02-28 00:00:00+00:00,0.01219225375513977,0.010448238451163938,0.058828561724838524,0.10610596767187408,0.12398690206573759,0.2460606674810173,-0.01137428207569846,-0.035709115895148136,0.09116559683474645,0.17478879294098126,0.12310420532527067,0.2442873347201484,-0.00622336593144468,-0.02539953550995855,0.11077094895463446,0.2171567635558891,0.12104938341595961,0.24012559880241957,-0.06608629357496487,-0.1394544030930025,-0.028818687351139904,-0.06925784704564486,0.05228881861083301,0.09234328358287813,0.0383499608709954,0.06379355295605404,0.11190285561362168,0.21998992112172688,0.10735690925830177,0.2107120439626038,0.15562194833568044,0.31111034902822654,0.1465285437274042,0.2928231969588899,-0.15400003286854536,-0.296393019844867,-0.1063336071447446,-0.2234155609048728,-0.08606433986919382,-0.17153129633854347,-0.10145573613451364,-0.1994154966865519,-0.10728628993999323,-0.21159188127743167,-0.14408961906271978,-0.2759442007105437,0.07134288943810474,0.13064388761074963,0.09505070588357456,0.17692687192469614,0.001515719960180073,-0.023730569797631995,0.005577681788887734,-0.01673494856534563,0.0055861041226008545,-0.0860773206614669
2026-03-31 00:00:00+00:00,-0.058532923471800835,-0.12049695420108897,-0.1019573683510715,-0.19908559567571305,-0.12042524992085013,-0.2312096068863676,-0.07236721550644265,-0.14648557725481692,-0.09968562843192974,-0.19483269295400807,-0.12039729827239465,-0.23110644774066935,-0.0880483189447,-0.17521726948129845,-0.09021579210766761,-0.17765374383079957,-0.12823912766814238,-0.24477254650126168,-0.09274149788094277,-0.1829163739197468,-0.05645827796902081,-0.11652813905659354,-0.11420886823907139,-0.22141547756026292,-0.04790224301804835,-0.10082213637890913,-0.05561564986972134,-0.11427145550523776,-0.06662402534952816,-0.13558404656954304,-0.1355098291287533,-0.25601097609271983,-0.10082588235970702,-0.1954709825121813,-0.1955176394290704,-0.32131358110634767,-0.03442449009336057,-0.06964138266184428,-0.1989638068145243,-0.31349444885987576,-0.14182074000868272,-0.22815410984449136,-0.13990858239114812,-0.21272581495425458,-0.07436402803839692,-0.11347515167745315,-0.10072689709390681,-0.15710336445255968,-0.13170278236899124,-0.20324867221828202,-0.1227890006754303,-0.18049706953758526,-0.12847763154088965,-0.18859859078400865,-0.08642049190123646,-0.18410560766579298
2026-04-30 00:00:00+00:00,-0.07936044378205609,-0.15814377312372563,-0.07851187077239075,-0.15720314917528533,-0.02475353917546874,-0.05551101823114457,-0.05504736757691808,-0.11322771716360003,-0.03431447439391211,-0.07423084908843214,-0.03617922820582076,-0.0773818468887596,-0.019598438557145048,-0.04605728602162895,-0.035725971772998966,-0.076832701586809,-0.03646686319382275,-0.07795462736654102,-0.16879600776024073,-0.31423875930898026,-0.1023764179150436,-0.19997041527173254,-0.03762084324265025,-0.08058864764340257,0.013483835911089592,0.01844279107580915,-0.05848046560904541,-0.120247677863765,-0.04297280699523798,-0.0910741832063422,-0.14113812460200748,-0.23933019314094917,-0.06349233774304797,-0.09359614315802578,-0.3289485512073236,-0.45160966611167475,-0.17984721737993037,-0.2591295078062379,-0.07516436849120689,-0.11288409579582259,-0.0394228470120459,-0.06105628490964099,-0.02163493486234369,-0.03459063399518725,0.03570216270692517,0.0512671740154238,-0.21611069500006674,-0.30723720622817385,-0.19256630998801272,-0.2756007445370483,-0.07821401993056631,-0.11541113633186617,-0.09320120920984953,-0.13687950406985594,-0.09800677077970898,-0.28336942299684487
2026-05-31 00:00:00+00:00,0.007733727479837915,0.004438773400543772,0.031180881147854667,0.052261756442026464,0.007736253683092498,0.004590427186998092,-0.0009126640484449222,-0.012385406226566587,0.004914344194430376,-0.0007721458467926379,0.020754430961174686,0.03106262768949719,-0.006186828216562357,-0.022075719698151364,-0.025578920323513277,-0.060623558254653265,0.029938468943408347,0.04969627757819195,-0.10545070588066208,-0.20810630345231507,-0.02291073878233696,-0.05524903437552242,-0.005518872430947952,-0.021225527957563384,0.0031366804182466623,-0.0036331070449904246,-0.0599204501544619,-0.12631809671095218,-0.03060758748046921,-0.06954999378579341,0.0815289696157302,0.11704781983810952,0.010876428770579594,-0.017335827291011463,0.10989213883215121,0.1656684413953009,0.07083812270244971,0.10494112304753389,0.15035952968410937,0.23001546350421798,-0.012601655309660953,-0.021303118350918027,0.20217332966622914,0.31422398823707853,0.1959719211764288,0.30400601094475377,-0.16125464121296074,-0.23468043979584263,-0.14180485111946717,-0.20771365829001653,-0.06178722320778718,-0.09306675494431316,-0.07211393618243389,-0.10774294346570612,0.013676764986876977,-0.07488018411547759
2026-06-30 00:00:00+00:00,0.14049196412146148,0.27911158903887046,0.11289742758550458,0.21745852689212453,0.10368516065889888,0.19683299972273094,0.10737474783421619,0.20532174068451448,0.07206539147969804,0.12972302511896983,0.13219248482362622,0.25856978814039366,0.12617042282614843,0.24687239617631707,0.0763904018373871,0.1390264822807592,0.14299816586772485,0.2824282956381803,0.0457267318216692,0.0746763232507075,0.051588030431315435,0.08692199780831023,0.20675733063519308,0.430669400624456,0.12161320282250387,0.23637865687520954,0.08262015568089054,0.15303311393286223,0.17053798901451955,0.3432316503338628,0.15277201697416398,0.30093160075876013,0.16756987455312333,0.3359814546681559,-0.013521040384871341,-0.022266412770479027,0.03316442499407435,0.04821981058220404,0.04250700865138812,0.07804028584138711,0.005581329701961124,0.01504859182725693,-0.06741376291597956,-0.10759656095927028,-0.05583209501940434,-0.08440305138084236,0.07715608357299009,0.10114850226261596,0.10348299181368192,0.1512017568456474,0.20358113138961964,0.3533061700710938,0.2216874800356592,0.38602887713419354,0.06762249292330647,0.0955261232887119
2026-07-31 00:00:00+00:00,-0.11500377223222136,-0.21881565090221866,-0.08650139433128012,-0.1683233515111493,-0.10855124487511114,-0.20685494155887496,-0.09188597968356893,-0.17765277201110374,-0.07775061478697576,-0.15235971703836892,-0.11796410926883238,-0.222102518500207,-0.07681003498963801,-0.1508440456360144,-0.06797390822064808,-0.13445327122362594,-0.13094366891128362,-0.24267947113553012,-0.20684458968787278,-0.3740782990371625,-0.09932924487296912,-0.1919557463583259,-0.12993466218946526,-0.24643248461191247,-0.016681909616052648,-0.03676878600960953,-0.21644421015106796,-0.38880232291087813,-0.06998718489426681,-0.13133387378177364,-0.13011218397429247,-0.24035040435046073,-0.09233418708639352,-0.16972625668933194,0.0861503753685835,0.1368517180621187,0.08567367078619581,0.12987263846377495,-0.007121080777677813,-0.012127846292620426,0.09064394844297397,0.13690706549517095,0.06669699129871742,0.09666055606939938,0.018111779040901776,0.012561773266039467,-0.14949898541981443,-0.21863869700292438,-0.14561533022811712,-0.21670988752298992,-0.08475926283729196,-0.13071312774771082,-0.07617142470080152,-0.117874038770718,-0.09099788113038643,-0.17730832825771137
